[2026-01-03T13:48:43.780+0000] {manager.py:487} INFO - Processing files using up to 1 processes at a time 
[2026-01-03T13:48:43.780+0000] {manager.py:488} INFO - Process each file at most once every 30 seconds
[2026-01-03T13:48:43.781+0000] {manager.py:489} INFO - Checking for new files in /workspaces/hands-on-introduction-data-engineering-4395021/airflow/dags every 300 seconds
[2026-01-03T13:48:43.781+0000] {manager.py:758} INFO - Searching for files in /workspaces/hands-on-introduction-data-engineering-4395021/airflow/dags
[2026-01-03T13:48:43.800+0000] {manager.py:761} INFO - There are 46 files in /workspaces/hands-on-introduction-data-engineering-4395021/airflow/dags
[2026-01-03T13:48:43.935+0000] {manager.py:889} INFO - 
================================================================================
DAG File Processing Stats

File Path                                                                                                                         PID    Runtime      # DAGs    # Errors  Last Runtime    Last Run
--------------------------------------------------------------------------------------------------------------------------------  -----  ---------  --------  ----------  --------------  -------------------
/home/vscode/.local/lib/python3.10/site-packages/airflow/example_dags/example_dag_decorator.py                                                             0           0
/home/vscode/.local/lib/python3.10/site-packages/airflow/example_dags/example_xcom.py                                                                      0           0
/home/vscode/.local/lib/python3.10/site-packages/airflow/example_dags/example_setup_teardown.py                                                            0           0
/home/vscode/.local/lib/python3.10/site-packages/airflow/example_dags/example_xcomargs.py                                                                  0           0
/home/vscode/.local/lib/python3.10/site-packages/airflow/example_dags/example_time_delta_sensor_async.py                                                   0           0
/home/vscode/.local/lib/python3.10/site-packages/airflow/example_dags/example_branch_operator_decorator.py                                                 0           0
/home/vscode/.local/lib/python3.10/site-packages/airflow/example_dags/example_subdag_operator.py                                                           0           0
/home/vscode/.local/lib/python3.10/site-packages/airflow/example_dags/example_branch_labels.py                                                             0           0
/home/vscode/.local/lib/python3.10/site-packages/airflow/example_dags/example_dynamic_task_mapping_with_no_taskflow_operators.py                           0           0
/home/vscode/.local/lib/python3.10/site-packages/airflow/example_dags/example_kubernetes_executor.py                                                       0           0
/home/vscode/.local/lib/python3.10/site-packages/airflow/example_dags/example_passing_params_via_test_command.py                                           0           0
/home/vscode/.local/lib/python3.10/site-packages/airflow/example_dags/example_short_circuit_operator.py                                                    0           0
/home/vscode/.local/lib/python3.10/site-packages/airflow/example_dags/tutorial_taskflow_api.py                                                             0           0
/home/vscode/.local/lib/python3.10/site-packages/airflow/example_dags/example_latest_only_with_trigger.py                                                  0           0
/home/vscode/.local/lib/python3.10/site-packages/airflow/example_dags/example_short_circuit_decorator.py                                                   0           0
/home/vscode/.local/lib/python3.10/site-packages/airflow/example_dags/tutorial_dag.py                                                                      0           0
/home/vscode/.local/lib/python3.10/site-packages/airflow/example_dags/example_params_ui_tutorial.py                                                        0           0
/home/vscode/.local/lib/python3.10/site-packages/airflow/example_dags/example_trigger_controller_dag.py                                                    0           0
/home/vscode/.local/lib/python3.10/site-packages/airflow/example_dags/tutorial_taskflow_api_virtualenv.py                                                  0           0
/home/vscode/.local/lib/python3.10/site-packages/airflow/example_dags/example_sensors.py                                                                   0           0
/home/vscode/.local/lib/python3.10/site-packages/airflow/example_dags/example_dynamic_task_mapping.py                                                      0           0
/home/vscode/.local/lib/python3.10/site-packages/airflow/example_dags/example_params_trigger_ui.py                                                         0           0
/home/vscode/.local/lib/python3.10/site-packages/airflow/example_dags/example_datasets.py                                                                  0           0
/home/vscode/.local/lib/python3.10/site-packages/airflow/example_dags/example_branch_python_dop_operator_3.py                                              0           0
/home/vscode/.local/lib/python3.10/site-packages/airflow/example_dags/example_nested_branch_dag.py                                                         0           0
/home/vscode/.local/lib/python3.10/site-packages/airflow/example_dags/example_python_operator.py                                                           0           0
/home/vscode/.local/lib/python3.10/site-packages/airflow/example_dags/example_local_kubernetes_executor.py                                                 0           0
/home/vscode/.local/lib/python3.10/site-packages/airflow/example_dags/example_task_group.py                                                                0           0
/home/vscode/.local/lib/python3.10/site-packages/airflow/example_dags/example_latest_only.py                                                               0           0
/home/vscode/.local/lib/python3.10/site-packages/airflow/example_dags/example_skip_dag.py                                                                  0           0
/home/vscode/.local/lib/python3.10/site-packages/airflow/example_dags/example_sla_dag.py                                                                   0           0
/home/vscode/.local/lib/python3.10/site-packages/airflow/example_dags/example_trigger_target_dag.py                                                        0           0
/home/vscode/.local/lib/python3.10/site-packages/airflow/example_dags/example_setup_teardown_taskflow.py                                                   0           0
/home/vscode/.local/lib/python3.10/site-packages/airflow/example_dags/example_task_group_decorator.py                                                      0           0
/home/vscode/.local/lib/python3.10/site-packages/airflow/example_dags/example_complex.py                                                                   0           0
/home/vscode/.local/lib/python3.10/site-packages/airflow/example_dags/example_branch_day_of_week_operator.py                                               0           0
/home/vscode/.local/lib/python3.10/site-packages/airflow/example_dags/example_sensor_decorator.py                                                          0           0
/home/vscode/.local/lib/python3.10/site-packages/airflow/example_dags/example_branch_datetime_operator.py                                                  0           0
/home/vscode/.local/lib/python3.10/site-packages/airflow/example_dags/tutorial.py                                                                          0           0
/home/vscode/.local/lib/python3.10/site-packages/airflow/example_dags/example_external_task_marker_dag.py                                                  0           0
/home/vscode/.local/lib/python3.10/site-packages/airflow/example_dags/example_bash_operator.py                                                             0           0
/home/vscode/.local/lib/python3.10/site-packages/airflow/example_dags/example_branch_operator.py                                                           0           0
/home/vscode/.local/lib/python3.10/site-packages/airflow/example_dags/plugins/workday.py                                                                   0           0  0.10s           2026-01-03T13:48:43
/home/vscode/.local/lib/python3.10/site-packages/airflow/example_dags/plugins/listener_plugin.py                                                           0           0
/home/vscode/.local/lib/python3.10/site-packages/airflow/example_dags/plugins/event_listener.py                                                            0           0
/home/vscode/.local/lib/python3.10/site-packages/airflow/example_dags/subdags/subdag.py                                                                    0           0
================================================================================
[2026-01-03T13:49:14.182+0000] {manager.py:889} INFO - 
================================================================================
DAG File Processing Stats

File Path                                                                                                                         PID    Runtime      # DAGs    # Errors  Last Runtime    Last Run
--------------------------------------------------------------------------------------------------------------------------------  -----  ---------  --------  ----------  --------------  -------------------
/home/vscode/.local/lib/python3.10/site-packages/airflow/example_dags/example_dag_decorator.py                                                             0           0
/home/vscode/.local/lib/python3.10/site-packages/airflow/example_dags/example_setup_teardown.py                                                            0           0  0.10s           2026-01-03T13:49:03
/home/vscode/.local/lib/python3.10/site-packages/airflow/example_dags/example_branch_operator_decorator.py                                                 0           0
/home/vscode/.local/lib/python3.10/site-packages/airflow/example_dags/example_branch_labels.py                                                             0           0
/home/vscode/.local/lib/python3.10/site-packages/airflow/example_dags/example_dynamic_task_mapping_with_no_taskflow_operators.py                           0           0
/home/vscode/.local/lib/python3.10/site-packages/airflow/example_dags/example_kubernetes_executor.py                                                       0           0
/home/vscode/.local/lib/python3.10/site-packages/airflow/example_dags/example_latest_only_with_trigger.py                                                  0           0
/home/vscode/.local/lib/python3.10/site-packages/airflow/example_dags/example_dynamic_task_mapping.py                                                      0           0
/home/vscode/.local/lib/python3.10/site-packages/airflow/example_dags/example_params_trigger_ui.py                                                         0           0
/home/vscode/.local/lib/python3.10/site-packages/airflow/example_dags/example_datasets.py                                                                  0           0
/home/vscode/.local/lib/python3.10/site-packages/airflow/example_dags/example_branch_python_dop_operator_3.py                                              0           0
/home/vscode/.local/lib/python3.10/site-packages/airflow/example_dags/example_nested_branch_dag.py                                                         0           0
/home/vscode/.local/lib/python3.10/site-packages/airflow/example_dags/example_local_kubernetes_executor.py                                                 0           0
/home/vscode/.local/lib/python3.10/site-packages/airflow/example_dags/example_latest_only.py                                                               0           0
/home/vscode/.local/lib/python3.10/site-packages/airflow/example_dags/example_setup_teardown_taskflow.py                                                   0           0  0.10s           2026-01-03T13:49:09
/home/vscode/.local/lib/python3.10/site-packages/airflow/example_dags/example_complex.py                                                                   0           0
/home/vscode/.local/lib/python3.10/site-packages/airflow/example_dags/example_branch_day_of_week_operator.py                                               0           0
/home/vscode/.local/lib/python3.10/site-packages/airflow/example_dags/example_branch_datetime_operator.py                                                  0           0
/home/vscode/.local/lib/python3.10/site-packages/airflow/example_dags/example_external_task_marker_dag.py                                                  0           0
/home/vscode/.local/lib/python3.10/site-packages/airflow/example_dags/example_bash_operator.py                                                             0           0
/home/vscode/.local/lib/python3.10/site-packages/airflow/example_dags/example_branch_operator.py                                                           0           0
/home/vscode/.local/lib/python3.10/site-packages/airflow/example_dags/plugins/workday.py                                                                   0           0  0.10s           2026-01-03T13:48:43
/home/vscode/.local/lib/python3.10/site-packages/airflow/example_dags/plugins/listener_plugin.py                                                           0           0  0.20s           2026-01-03T13:48:45
/home/vscode/.local/lib/python3.10/site-packages/airflow/example_dags/plugins/event_listener.py                                                            0           0  0.10s           2026-01-03T13:48:48
/home/vscode/.local/lib/python3.10/site-packages/airflow/example_dags/subdags/subdag.py                                                                    0           0  0.10s           2026-01-03T13:48:46
/home/vscode/.local/lib/python3.10/site-packages/airflow/example_dags/example_xcom.py                                                                      1           0  0.20s           2026-01-03T13:48:50
/home/vscode/.local/lib/python3.10/site-packages/airflow/example_dags/example_time_delta_sensor_async.py                                                   1           0  0.20s           2026-01-03T13:48:57
/home/vscode/.local/lib/python3.10/site-packages/airflow/example_dags/example_passing_params_via_test_command.py                                           1           0  0.20s           2026-01-03T13:49:09
/home/vscode/.local/lib/python3.10/site-packages/airflow/example_dags/example_short_circuit_operator.py                                                    1           0  0.20s           2026-01-03T13:49:04
/home/vscode/.local/lib/python3.10/site-packages/airflow/example_dags/tutorial_taskflow_api.py                                                             1           0  0.20s           2026-01-03T13:48:52
/home/vscode/.local/lib/python3.10/site-packages/airflow/example_dags/example_short_circuit_decorator.py                                                   1           0  0.20s           2026-01-03T13:49:05
/home/vscode/.local/lib/python3.10/site-packages/airflow/example_dags/tutorial_dag.py                                                                      1           0  0.20s           2026-01-03T13:48:53
/home/vscode/.local/lib/python3.10/site-packages/airflow/example_dags/example_params_ui_tutorial.py                                                        1           0  0.21s           2026-01-03T13:49:10
/home/vscode/.local/lib/python3.10/site-packages/airflow/example_dags/example_trigger_controller_dag.py                                                    1           0  0.31s           2026-01-03T13:49:00
/home/vscode/.local/lib/python3.10/site-packages/airflow/example_dags/tutorial_taskflow_api_virtualenv.py                                                  1           0  0.20s           2026-01-03T13:48:47
/home/vscode/.local/lib/python3.10/site-packages/airflow/example_dags/example_sensors.py                                                                   1           0  0.20s           2026-01-03T13:49:11
/home/vscode/.local/lib/python3.10/site-packages/airflow/example_dags/example_python_operator.py                                                           1           0  0.20s           2026-01-03T13:49:13
/home/vscode/.local/lib/python3.10/site-packages/airflow/example_dags/example_task_group.py                                                                1           0  0.20s           2026-01-03T13:49:01
/home/vscode/.local/lib/python3.10/site-packages/airflow/example_dags/example_skip_dag.py                                                                  1           0  0.21s           2026-01-03T13:49:06
/home/vscode/.local/lib/python3.10/site-packages/airflow/example_dags/example_sla_dag.py                                                                   1           0  0.20s           2026-01-03T13:49:07
/home/vscode/.local/lib/python3.10/site-packages/airflow/example_dags/example_trigger_target_dag.py                                                        1           0  0.20s           2026-01-03T13:48:55
/home/vscode/.local/lib/python3.10/site-packages/airflow/example_dags/example_task_group_decorator.py                                                      1           0  0.20s           2026-01-03T13:49:02
/home/vscode/.local/lib/python3.10/site-packages/airflow/example_dags/example_sensor_decorator.py                                                          1           0  0.20s           2026-01-03T13:49:14
/home/vscode/.local/lib/python3.10/site-packages/airflow/example_dags/tutorial.py                                                                          1           0  0.20s           2026-01-03T13:48:56
/home/vscode/.local/lib/python3.10/site-packages/airflow/example_dags/example_xcomargs.py                                                                  2           0  0.31s           2026-01-03T13:48:51
/home/vscode/.local/lib/python3.10/site-packages/airflow/example_dags/example_subdag_operator.py                                                           3           0  0.31s           2026-01-03T13:48:58
================================================================================
[2026-01-03T13:49:44.559+0000] {manager.py:889} INFO - 
================================================================================
DAG File Processing Stats

File Path                                                                                                                         PID    Runtime      # DAGs    # Errors  Last Runtime    Last Run
--------------------------------------------------------------------------------------------------------------------------------  -----  ---------  --------  ----------  --------------  -------------------
/home/vscode/.local/lib/python3.10/site-packages/airflow/example_dags/example_setup_teardown.py                                                            0           0  0.10s           2026-01-03T13:49:03
/home/vscode/.local/lib/python3.10/site-packages/airflow/example_dags/example_kubernetes_executor.py                                                       0           0  0.10s           2026-01-03T13:49:14
/home/vscode/.local/lib/python3.10/site-packages/airflow/example_dags/example_local_kubernetes_executor.py                                                 0           0  0.10s           2026-01-03T13:49:19
/home/vscode/.local/lib/python3.10/site-packages/airflow/example_dags/example_setup_teardown_taskflow.py                                                   0           0  0.10s           2026-01-03T13:49:09
/home/vscode/.local/lib/python3.10/site-packages/airflow/example_dags/plugins/workday.py                                                                   0           0  0.10s           2026-01-03T13:49:34
/home/vscode/.local/lib/python3.10/site-packages/airflow/example_dags/plugins/listener_plugin.py                                                           0           0  0.10s           2026-01-03T13:49:35
/home/vscode/.local/lib/python3.10/site-packages/airflow/example_dags/plugins/event_listener.py                                                            0           0  0.10s           2026-01-03T13:49:38
/home/vscode/.local/lib/python3.10/site-packages/airflow/example_dags/subdags/subdag.py                                                                    0           0  0.11s           2026-01-03T13:49:36
/home/vscode/.local/lib/python3.10/site-packages/airflow/example_dags/example_dag_decorator.py                                                             1           0  0.20s           2026-01-03T13:49:21
/home/vscode/.local/lib/python3.10/site-packages/airflow/example_dags/example_xcom.py                                                                      1           0  0.10s           2026-01-03T13:49:39
/home/vscode/.local/lib/python3.10/site-packages/airflow/example_dags/example_time_delta_sensor_async.py                                                   1           0  0.20s           2026-01-03T13:48:57
/home/vscode/.local/lib/python3.10/site-packages/airflow/example_dags/example_branch_operator_decorator.py                                                 1           0  0.20s           2026-01-03T13:49:27
/home/vscode/.local/lib/python3.10/site-packages/airflow/example_dags/example_branch_labels.py                                                             1           0  0.20s           2026-01-03T13:49:28
/home/vscode/.local/lib/python3.10/site-packages/airflow/example_dags/example_dynamic_task_mapping_with_no_taskflow_operators.py                           1           0  0.20s           2026-01-03T13:49:22
/home/vscode/.local/lib/python3.10/site-packages/airflow/example_dags/example_passing_params_via_test_command.py                                           1           0  0.20s           2026-01-03T13:49:09
/home/vscode/.local/lib/python3.10/site-packages/airflow/example_dags/example_short_circuit_operator.py                                                    1           0  0.20s           2026-01-03T13:49:04
/home/vscode/.local/lib/python3.10/site-packages/airflow/example_dags/tutorial_taskflow_api.py                                                             1           0  0.10s           2026-01-03T13:49:41
/home/vscode/.local/lib/python3.10/site-packages/airflow/example_dags/example_latest_only_with_trigger.py                                                  1           0  0.20s           2026-01-03T13:49:15
/home/vscode/.local/lib/python3.10/site-packages/airflow/example_dags/example_short_circuit_decorator.py                                                   1           0  0.20s           2026-01-03T13:49:05
/home/vscode/.local/lib/python3.10/site-packages/airflow/example_dags/tutorial_dag.py                                                                      1           0  0.10s           2026-01-03T13:49:42
/home/vscode/.local/lib/python3.10/site-packages/airflow/example_dags/example_params_ui_tutorial.py                                                        1           0  0.21s           2026-01-03T13:49:10
/home/vscode/.local/lib/python3.10/site-packages/airflow/example_dags/example_trigger_controller_dag.py                                                    1           0  0.31s           2026-01-03T13:49:00
/home/vscode/.local/lib/python3.10/site-packages/airflow/example_dags/tutorial_taskflow_api_virtualenv.py                                                  1           0  0.10s           2026-01-03T13:49:37
/home/vscode/.local/lib/python3.10/site-packages/airflow/example_dags/example_sensors.py                                                                   1           0  0.20s           2026-01-03T13:49:11
/home/vscode/.local/lib/python3.10/site-packages/airflow/example_dags/example_dynamic_task_mapping.py                                                      1           0  0.20s           2026-01-03T13:49:23
/home/vscode/.local/lib/python3.10/site-packages/airflow/example_dags/example_params_trigger_ui.py                                                         1           0  0.20s           2026-01-03T13:49:17
/home/vscode/.local/lib/python3.10/site-packages/airflow/example_dags/example_branch_python_dop_operator_3.py                                              1           0  0.20s           2026-01-03T13:49:29
/home/vscode/.local/lib/python3.10/site-packages/airflow/example_dags/example_nested_branch_dag.py                                                         1           0  0.20s           2026-01-03T13:49:18
/home/vscode/.local/lib/python3.10/site-packages/airflow/example_dags/example_python_operator.py                                                           1           0  0.20s           2026-01-03T13:49:13
/home/vscode/.local/lib/python3.10/site-packages/airflow/example_dags/example_task_group.py                                                                1           0  0.20s           2026-01-03T13:49:01
/home/vscode/.local/lib/python3.10/site-packages/airflow/example_dags/example_latest_only.py                                                               1           0  0.20s           2026-01-03T13:49:19
/home/vscode/.local/lib/python3.10/site-packages/airflow/example_dags/example_skip_dag.py                                                                  1           0  0.21s           2026-01-03T13:49:06
/home/vscode/.local/lib/python3.10/site-packages/airflow/example_dags/example_sla_dag.py                                                                   1           0  0.20s           2026-01-03T13:49:07
/home/vscode/.local/lib/python3.10/site-packages/airflow/example_dags/example_trigger_target_dag.py                                                        1           0  0.10s           2026-01-03T13:49:43
/home/vscode/.local/lib/python3.10/site-packages/airflow/example_dags/example_task_group_decorator.py                                                      1           0  0.20s           2026-01-03T13:49:02
/home/vscode/.local/lib/python3.10/site-packages/airflow/example_dags/example_complex.py                                                                   1           0  0.20s           2026-01-03T13:49:25
/home/vscode/.local/lib/python3.10/site-packages/airflow/example_dags/example_branch_day_of_week_operator.py                                               1           0  0.20s           2026-01-03T13:49:30
/home/vscode/.local/lib/python3.10/site-packages/airflow/example_dags/example_sensor_decorator.py                                                          1           0  0.20s           2026-01-03T13:49:14
/home/vscode/.local/lib/python3.10/site-packages/airflow/example_dags/tutorial.py                                                                          1           0  0.10s           2026-01-03T13:49:44
/home/vscode/.local/lib/python3.10/site-packages/airflow/example_dags/example_bash_operator.py                                                             1           0  0.20s           2026-01-03T13:49:34
/home/vscode/.local/lib/python3.10/site-packages/airflow/example_dags/example_branch_operator.py                                                           1           0  0.20s           2026-01-03T13:49:32
/home/vscode/.local/lib/python3.10/site-packages/airflow/example_dags/example_xcomargs.py                                                                  2           0  0.11s           2026-01-03T13:49:40
/home/vscode/.local/lib/python3.10/site-packages/airflow/example_dags/example_external_task_marker_dag.py                                                  2           0  0.20s           2026-01-03T13:49:26
/home/vscode/.local/lib/python3.10/site-packages/airflow/example_dags/example_subdag_operator.py                                                           3           0  0.31s           2026-01-03T13:48:58
/home/vscode/.local/lib/python3.10/site-packages/airflow/example_dags/example_branch_datetime_operator.py                                                  3           0  0.30s           2026-01-03T13:49:31
/home/vscode/.local/lib/python3.10/site-packages/airflow/example_dags/example_datasets.py                                                                  6           0  0.41s           2026-01-03T13:49:24
================================================================================
[2026-01-03T13:50:14.830+0000] {manager.py:889} INFO - 
================================================================================
DAG File Processing Stats

File Path                                                                                                                         PID    Runtime      # DAGs    # Errors  Last Runtime    Last Run
--------------------------------------------------------------------------------------------------------------------------------  -----  ---------  --------  ----------  --------------  -------------------
/home/vscode/.local/lib/python3.10/site-packages/airflow/example_dags/example_setup_teardown.py                                                            0           0  0.10s           2026-01-03T13:49:50
/home/vscode/.local/lib/python3.10/site-packages/airflow/example_dags/example_kubernetes_executor.py                                                       0           0  0.10s           2026-01-03T13:50:00
/home/vscode/.local/lib/python3.10/site-packages/airflow/example_dags/example_local_kubernetes_executor.py                                                 0           0  0.10s           2026-01-03T13:50:04
/home/vscode/.local/lib/python3.10/site-packages/airflow/example_dags/example_setup_teardown_taskflow.py                                                   0           0  0.10s           2026-01-03T13:49:55
/home/vscode/.local/lib/python3.10/site-packages/airflow/example_dags/plugins/workday.py                                                                   0           0  0.10s           2026-01-03T13:50:07
/home/vscode/.local/lib/python3.10/site-packages/airflow/example_dags/plugins/listener_plugin.py                                                           0           0  0.10s           2026-01-03T13:50:08
/home/vscode/.local/lib/python3.10/site-packages/airflow/example_dags/plugins/event_listener.py                                                            0           0  0.10s           2026-01-03T13:49:38
/home/vscode/.local/lib/python3.10/site-packages/airflow/example_dags/subdags/subdag.py                                                                    0           0  0.10s           2026-01-03T13:50:09
/home/vscode/.local/lib/python3.10/site-packages/airflow/example_dags/example_dag_decorator.py                                                             1           0  0.20s           2026-01-03T13:50:06
/home/vscode/.local/lib/python3.10/site-packages/airflow/example_dags/example_xcom.py                                                                      1           0  0.10s           2026-01-03T13:49:39
/home/vscode/.local/lib/python3.10/site-packages/airflow/example_dags/example_time_delta_sensor_async.py                                                   1           0  0.10s           2026-01-03T13:49:44
/home/vscode/.local/lib/python3.10/site-packages/airflow/example_dags/example_branch_operator_decorator.py                                                 1           0  0.20s           2026-01-03T13:49:27
/home/vscode/.local/lib/python3.10/site-packages/airflow/example_dags/example_branch_labels.py                                                             1           0  0.20s           2026-01-03T13:49:28
/home/vscode/.local/lib/python3.10/site-packages/airflow/example_dags/example_dynamic_task_mapping_with_no_taskflow_operators.py                           1           0  0.11s           2026-01-03T13:50:10
/home/vscode/.local/lib/python3.10/site-packages/airflow/example_dags/example_passing_params_via_test_command.py                                           1           0  0.10s           2026-01-03T13:49:56
/home/vscode/.local/lib/python3.10/site-packages/airflow/example_dags/example_short_circuit_operator.py                                                    1           0  0.10s           2026-01-03T13:49:50
/home/vscode/.local/lib/python3.10/site-packages/airflow/example_dags/tutorial_taskflow_api.py                                                             1           0  0.10s           2026-01-03T13:49:41
/home/vscode/.local/lib/python3.10/site-packages/airflow/example_dags/example_latest_only_with_trigger.py                                                  1           0  0.11s           2026-01-03T13:50:01
/home/vscode/.local/lib/python3.10/site-packages/airflow/example_dags/example_short_circuit_decorator.py                                                   1           0  0.10s           2026-01-03T13:49:52
/home/vscode/.local/lib/python3.10/site-packages/airflow/example_dags/tutorial_dag.py                                                                      1           0  0.10s           2026-01-03T13:49:42
/home/vscode/.local/lib/python3.10/site-packages/airflow/example_dags/example_params_ui_tutorial.py                                                        1           0  0.10s           2026-01-03T13:49:57
/home/vscode/.local/lib/python3.10/site-packages/airflow/example_dags/example_trigger_controller_dag.py                                                    1           0  0.10s           2026-01-03T13:49:46
/home/vscode/.local/lib/python3.10/site-packages/airflow/example_dags/tutorial_taskflow_api_virtualenv.py                                                  1           0  0.10s           2026-01-03T13:49:37
/home/vscode/.local/lib/python3.10/site-packages/airflow/example_dags/example_sensors.py                                                                   1           0  0.10s           2026-01-03T13:49:58
/home/vscode/.local/lib/python3.10/site-packages/airflow/example_dags/example_dynamic_task_mapping.py                                                      1           0  0.10s           2026-01-03T13:50:11
/home/vscode/.local/lib/python3.10/site-packages/airflow/example_dags/example_params_trigger_ui.py                                                         1           0  0.11s           2026-01-03T13:50:02
/home/vscode/.local/lib/python3.10/site-packages/airflow/example_dags/example_branch_python_dop_operator_3.py                                              1           0  0.20s           2026-01-03T13:49:29
/home/vscode/.local/lib/python3.10/site-packages/airflow/example_dags/example_nested_branch_dag.py                                                         1           0  0.10s           2026-01-03T13:50:03
/home/vscode/.local/lib/python3.10/site-packages/airflow/example_dags/example_python_operator.py                                                           1           0  0.10s           2026-01-03T13:49:59
/home/vscode/.local/lib/python3.10/site-packages/airflow/example_dags/example_task_group.py                                                                1           0  0.10s           2026-01-03T13:49:48
/home/vscode/.local/lib/python3.10/site-packages/airflow/example_dags/example_latest_only.py                                                               1           0  0.10s           2026-01-03T13:50:05
/home/vscode/.local/lib/python3.10/site-packages/airflow/example_dags/example_skip_dag.py                                                                  1           0  0.10s           2026-01-03T13:49:53
/home/vscode/.local/lib/python3.10/site-packages/airflow/example_dags/example_sla_dag.py                                                                   1           0  0.10s           2026-01-03T13:49:54
/home/vscode/.local/lib/python3.10/site-packages/airflow/example_dags/example_trigger_target_dag.py                                                        1           0  0.10s           2026-01-03T13:49:43
/home/vscode/.local/lib/python3.10/site-packages/airflow/example_dags/example_task_group_decorator.py                                                      1           0  0.10s           2026-01-03T13:49:49
/home/vscode/.local/lib/python3.10/site-packages/airflow/example_dags/example_complex.py                                                                   1           0  0.10s           2026-01-03T13:50:13
/home/vscode/.local/lib/python3.10/site-packages/airflow/example_dags/example_branch_day_of_week_operator.py                                               1           0  0.20s           2026-01-03T13:49:30
/home/vscode/.local/lib/python3.10/site-packages/airflow/example_dags/example_sensor_decorator.py                                                          1           0  0.10s           2026-01-03T13:49:59
/home/vscode/.local/lib/python3.10/site-packages/airflow/example_dags/tutorial.py                                                                          1           0  0.10s           2026-01-03T13:49:44
/home/vscode/.local/lib/python3.10/site-packages/airflow/example_dags/example_bash_operator.py                                                             1           0  0.20s           2026-01-03T13:49:34
/home/vscode/.local/lib/python3.10/site-packages/airflow/example_dags/example_branch_operator.py                                                           1           0  0.20s           2026-01-03T13:49:32
/home/vscode/.local/lib/python3.10/site-packages/airflow/example_dags/example_xcomargs.py                                                                  2           0  0.11s           2026-01-03T13:49:40
/home/vscode/.local/lib/python3.10/site-packages/airflow/example_dags/example_external_task_marker_dag.py                                                  2           0  0.10s           2026-01-03T13:50:14
/home/vscode/.local/lib/python3.10/site-packages/airflow/example_dags/example_subdag_operator.py                                                           3           0  0.11s           2026-01-03T13:49:45
/home/vscode/.local/lib/python3.10/site-packages/airflow/example_dags/example_branch_datetime_operator.py                                                  3           0  0.30s           2026-01-03T13:49:31
/home/vscode/.local/lib/python3.10/site-packages/airflow/example_dags/example_datasets.py                                                                  6           0  0.10s           2026-01-03T13:50:12
================================================================================
[2026-01-03T13:50:45.103+0000] {manager.py:889} INFO - 
================================================================================
DAG File Processing Stats

File Path                                                                                                                         PID    Runtime      # DAGs    # Errors  Last Runtime    Last Run
--------------------------------------------------------------------------------------------------------------------------------  -----  ---------  --------  ----------  --------------  -------------------
/home/vscode/.local/lib/python3.10/site-packages/airflow/example_dags/example_setup_teardown.py                                                            0           0  0.10s           2026-01-03T13:50:34
/home/vscode/.local/lib/python3.10/site-packages/airflow/example_dags/example_kubernetes_executor.py                                                       0           0  0.10s           2026-01-03T13:50:44
/home/vscode/.local/lib/python3.10/site-packages/airflow/example_dags/example_local_kubernetes_executor.py                                                 0           0  0.10s           2026-01-03T13:50:04
/home/vscode/.local/lib/python3.10/site-packages/airflow/example_dags/example_setup_teardown_taskflow.py                                                   0           0  0.10s           2026-01-03T13:50:39
/home/vscode/.local/lib/python3.10/site-packages/airflow/example_dags/plugins/workday.py                                                                   0           0  0.10s           2026-01-03T13:50:07
/home/vscode/.local/lib/python3.10/site-packages/airflow/example_dags/plugins/listener_plugin.py                                                           0           0  0.10s           2026-01-03T13:50:08
/home/vscode/.local/lib/python3.10/site-packages/airflow/example_dags/plugins/event_listener.py                                                            0           0  0.10s           2026-01-03T13:50:22
/home/vscode/.local/lib/python3.10/site-packages/airflow/example_dags/subdags/subdag.py                                                                    0           0  0.10s           2026-01-03T13:50:09
/home/vscode/.local/lib/python3.10/site-packages/airflow/example_dags/example_dag_decorator.py                                                             1           0  0.20s           2026-01-03T13:50:06
/home/vscode/.local/lib/python3.10/site-packages/airflow/example_dags/example_xcom.py                                                                      1           0  0.10s           2026-01-03T13:50:24
/home/vscode/.local/lib/python3.10/site-packages/airflow/example_dags/example_time_delta_sensor_async.py                                                   1           0  0.10s           2026-01-03T13:50:29
/home/vscode/.local/lib/python3.10/site-packages/airflow/example_dags/example_branch_operator_decorator.py                                                 1           0  0.10s           2026-01-03T13:50:15
/home/vscode/.local/lib/python3.10/site-packages/airflow/example_dags/example_branch_labels.py                                                             1           0  0.10s           2026-01-03T13:50:16
/home/vscode/.local/lib/python3.10/site-packages/airflow/example_dags/example_dynamic_task_mapping_with_no_taskflow_operators.py                           1           0  0.11s           2026-01-03T13:50:10
/home/vscode/.local/lib/python3.10/site-packages/airflow/example_dags/example_passing_params_via_test_command.py                                           1           0  0.10s           2026-01-03T13:50:40
/home/vscode/.local/lib/python3.10/site-packages/airflow/example_dags/example_short_circuit_operator.py                                                    1           0  0.10s           2026-01-03T13:50:35
/home/vscode/.local/lib/python3.10/site-packages/airflow/example_dags/tutorial_taskflow_api.py                                                             1           0  0.11s           2026-01-03T13:50:25
/home/vscode/.local/lib/python3.10/site-packages/airflow/example_dags/example_latest_only_with_trigger.py                                                  1           0  0.10s           2026-01-03T13:50:45
/home/vscode/.local/lib/python3.10/site-packages/airflow/example_dags/example_short_circuit_decorator.py                                                   1           0  0.10s           2026-01-03T13:50:36
/home/vscode/.local/lib/python3.10/site-packages/airflow/example_dags/tutorial_dag.py                                                                      1           0  0.10s           2026-01-03T13:50:26
/home/vscode/.local/lib/python3.10/site-packages/airflow/example_dags/example_params_ui_tutorial.py                                                        1           0  0.10s           2026-01-03T13:50:41
/home/vscode/.local/lib/python3.10/site-packages/airflow/example_dags/example_trigger_controller_dag.py                                                    1           0  0.10s           2026-01-03T13:50:31
/home/vscode/.local/lib/python3.10/site-packages/airflow/example_dags/tutorial_taskflow_api_virtualenv.py                                                  1           0  0.10s           2026-01-03T13:50:21
/home/vscode/.local/lib/python3.10/site-packages/airflow/example_dags/example_sensors.py                                                                   1           0  0.10s           2026-01-03T13:50:42
/home/vscode/.local/lib/python3.10/site-packages/airflow/example_dags/example_dynamic_task_mapping.py                                                      1           0  0.10s           2026-01-03T13:50:11
/home/vscode/.local/lib/python3.10/site-packages/airflow/example_dags/example_params_trigger_ui.py                                                         1           0  0.11s           2026-01-03T13:50:02
/home/vscode/.local/lib/python3.10/site-packages/airflow/example_dags/example_branch_python_dop_operator_3.py                                              1           0  0.10s           2026-01-03T13:50:16
/home/vscode/.local/lib/python3.10/site-packages/airflow/example_dags/example_nested_branch_dag.py                                                         1           0  0.10s           2026-01-03T13:50:03
/home/vscode/.local/lib/python3.10/site-packages/airflow/example_dags/example_python_operator.py                                                           1           0  0.10s           2026-01-03T13:50:43
/home/vscode/.local/lib/python3.10/site-packages/airflow/example_dags/example_task_group.py                                                                1           0  0.10s           2026-01-03T13:50:32
/home/vscode/.local/lib/python3.10/site-packages/airflow/example_dags/example_latest_only.py                                                               1           0  0.10s           2026-01-03T13:50:05
/home/vscode/.local/lib/python3.10/site-packages/airflow/example_dags/example_skip_dag.py                                                                  1           0  0.10s           2026-01-03T13:50:37
/home/vscode/.local/lib/python3.10/site-packages/airflow/example_dags/example_sla_dag.py                                                                   1           0  0.10s           2026-01-03T13:50:38
/home/vscode/.local/lib/python3.10/site-packages/airflow/example_dags/example_trigger_target_dag.py                                                        1           0  0.10s           2026-01-03T13:50:26
/home/vscode/.local/lib/python3.10/site-packages/airflow/example_dags/example_task_group_decorator.py                                                      1           0  0.10s           2026-01-03T13:50:33
/home/vscode/.local/lib/python3.10/site-packages/airflow/example_dags/example_complex.py                                                                   1           0  0.10s           2026-01-03T13:50:13
/home/vscode/.local/lib/python3.10/site-packages/airflow/example_dags/example_branch_day_of_week_operator.py                                               1           0  0.10s           2026-01-03T13:50:17
/home/vscode/.local/lib/python3.10/site-packages/airflow/example_dags/example_sensor_decorator.py                                                          1           0  0.10s           2026-01-03T13:50:43
/home/vscode/.local/lib/python3.10/site-packages/airflow/example_dags/tutorial.py                                                                          1           0  0.10s           2026-01-03T13:50:28
/home/vscode/.local/lib/python3.10/site-packages/airflow/example_dags/example_bash_operator.py                                                             1           0  0.11s           2026-01-03T13:50:21
/home/vscode/.local/lib/python3.10/site-packages/airflow/example_dags/example_branch_operator.py                                                           1           0  0.10s           2026-01-03T13:50:20
/home/vscode/.local/lib/python3.10/site-packages/airflow/example_dags/example_xcomargs.py                                                                  2           0  0.10s           2026-01-03T13:50:25
/home/vscode/.local/lib/python3.10/site-packages/airflow/example_dags/example_external_task_marker_dag.py                                                  2           0  0.10s           2026-01-03T13:50:14
/home/vscode/.local/lib/python3.10/site-packages/airflow/example_dags/example_subdag_operator.py                                                           3           0  0.10s           2026-01-03T13:50:29
/home/vscode/.local/lib/python3.10/site-packages/airflow/example_dags/example_branch_datetime_operator.py                                                  3           0  0.10s           2026-01-03T13:50:18
/home/vscode/.local/lib/python3.10/site-packages/airflow/example_dags/example_datasets.py                                                                  6           0  0.10s           2026-01-03T13:50:12
================================================================================
[2026-01-03T13:51:15.374+0000] {manager.py:889} INFO - 
================================================================================
DAG File Processing Stats

File Path                                                                                                                         PID    Runtime      # DAGs    # Errors  Last Runtime    Last Run
--------------------------------------------------------------------------------------------------------------------------------  -----  ---------  --------  ----------  --------------  -------------------
/home/vscode/.local/lib/python3.10/site-packages/airflow/example_dags/example_setup_teardown.py                                                            0           0  0.10s           2026-01-03T13:50:34
/home/vscode/.local/lib/python3.10/site-packages/airflow/example_dags/example_kubernetes_executor.py                                                       0           0  0.10s           2026-01-03T13:50:44
/home/vscode/.local/lib/python3.10/site-packages/airflow/example_dags/example_local_kubernetes_executor.py                                                 0           0  0.10s           2026-01-03T13:50:47
/home/vscode/.local/lib/python3.10/site-packages/airflow/example_dags/example_setup_teardown_taskflow.py                                                   0           0  0.10s           2026-01-03T13:50:39
/home/vscode/.local/lib/python3.10/site-packages/airflow/example_dags/plugins/workday.py                                                                   0           0  0.10s           2026-01-03T13:50:51
/home/vscode/.local/lib/python3.10/site-packages/airflow/example_dags/plugins/listener_plugin.py                                                           0           0  0.10s           2026-01-03T13:50:52
/home/vscode/.local/lib/python3.10/site-packages/airflow/example_dags/plugins/event_listener.py                                                            0           0  0.10s           2026-01-03T13:51:05
/home/vscode/.local/lib/python3.10/site-packages/airflow/example_dags/subdags/subdag.py                                                                    0           0  0.10s           2026-01-03T13:50:52
/home/vscode/.local/lib/python3.10/site-packages/airflow/example_dags/example_dag_decorator.py                                                             1           0  0.20s           2026-01-03T13:50:49
/home/vscode/.local/lib/python3.10/site-packages/airflow/example_dags/example_xcom.py                                                                      1           0  0.10s           2026-01-03T13:51:05
/home/vscode/.local/lib/python3.10/site-packages/airflow/example_dags/example_time_delta_sensor_async.py                                                   1           0  0.10s           2026-01-03T13:51:12
/home/vscode/.local/lib/python3.10/site-packages/airflow/example_dags/example_branch_operator_decorator.py                                                 1           0  0.10s           2026-01-03T13:50:58
/home/vscode/.local/lib/python3.10/site-packages/airflow/example_dags/example_branch_labels.py                                                             1           0  0.10s           2026-01-03T13:51:00
/home/vscode/.local/lib/python3.10/site-packages/airflow/example_dags/example_dynamic_task_mapping_with_no_taskflow_operators.py                           1           0  0.10s           2026-01-03T13:50:53
/home/vscode/.local/lib/python3.10/site-packages/airflow/example_dags/example_passing_params_via_test_command.py                                           1           0  0.10s           2026-01-03T13:50:40
/home/vscode/.local/lib/python3.10/site-packages/airflow/example_dags/example_short_circuit_operator.py                                                    1           0  0.10s           2026-01-03T13:50:35
/home/vscode/.local/lib/python3.10/site-packages/airflow/example_dags/tutorial_taskflow_api.py                                                             1           0  0.11s           2026-01-03T13:51:08
/home/vscode/.local/lib/python3.10/site-packages/airflow/example_dags/example_latest_only_with_trigger.py                                                  1           0  0.10s           2026-01-03T13:50:45
/home/vscode/.local/lib/python3.10/site-packages/airflow/example_dags/example_short_circuit_decorator.py                                                   1           0  0.10s           2026-01-03T13:50:36
/home/vscode/.local/lib/python3.10/site-packages/airflow/example_dags/tutorial_dag.py                                                                      1           0  0.10s           2026-01-03T13:51:09
/home/vscode/.local/lib/python3.10/site-packages/airflow/example_dags/example_params_ui_tutorial.py                                                        1           0  0.10s           2026-01-03T13:50:41
/home/vscode/.local/lib/python3.10/site-packages/airflow/example_dags/example_trigger_controller_dag.py                                                    1           0  0.10s           2026-01-03T13:51:14
/home/vscode/.local/lib/python3.10/site-packages/airflow/example_dags/tutorial_taskflow_api_virtualenv.py                                                  1           0  0.10s           2026-01-03T13:51:04
/home/vscode/.local/lib/python3.10/site-packages/airflow/example_dags/example_sensors.py                                                                   1           0  0.10s           2026-01-03T13:50:42
/home/vscode/.local/lib/python3.10/site-packages/airflow/example_dags/example_dynamic_task_mapping.py                                                      1           0  0.10s           2026-01-03T13:50:54
/home/vscode/.local/lib/python3.10/site-packages/airflow/example_dags/example_params_trigger_ui.py                                                         1           0  0.10s           2026-01-03T13:50:45
/home/vscode/.local/lib/python3.10/site-packages/airflow/example_dags/example_branch_python_dop_operator_3.py                                              1           0  0.10s           2026-01-03T13:51:00
/home/vscode/.local/lib/python3.10/site-packages/airflow/example_dags/example_nested_branch_dag.py                                                         1           0  0.10s           2026-01-03T13:50:46
/home/vscode/.local/lib/python3.10/site-packages/airflow/example_dags/example_python_operator.py                                                           1           0  0.10s           2026-01-03T13:50:43
/home/vscode/.local/lib/python3.10/site-packages/airflow/example_dags/example_task_group.py                                                                1           0  0.10s           2026-01-03T13:51:15
/home/vscode/.local/lib/python3.10/site-packages/airflow/example_dags/example_latest_only.py                                                               1           0  0.10s           2026-01-03T13:50:48
/home/vscode/.local/lib/python3.10/site-packages/airflow/example_dags/example_skip_dag.py                                                                  1           0  0.10s           2026-01-03T13:50:37
/home/vscode/.local/lib/python3.10/site-packages/airflow/example_dags/example_sla_dag.py                                                                   1           0  0.10s           2026-01-03T13:50:38
/home/vscode/.local/lib/python3.10/site-packages/airflow/example_dags/example_trigger_target_dag.py                                                        1           0  0.10s           2026-01-03T13:51:10
/home/vscode/.local/lib/python3.10/site-packages/airflow/example_dags/example_task_group_decorator.py                                                      1           0  0.10s           2026-01-03T13:50:33
/home/vscode/.local/lib/python3.10/site-packages/airflow/example_dags/example_complex.py                                                                   1           0  0.10s           2026-01-03T13:50:56
/home/vscode/.local/lib/python3.10/site-packages/airflow/example_dags/example_branch_day_of_week_operator.py                                               1           0  0.10s           2026-01-03T13:51:01
/home/vscode/.local/lib/python3.10/site-packages/airflow/example_dags/example_sensor_decorator.py                                                          1           0  0.10s           2026-01-03T13:50:43
/home/vscode/.local/lib/python3.10/site-packages/airflow/example_dags/tutorial.py                                                                          1           0  0.10s           2026-01-03T13:51:11
/home/vscode/.local/lib/python3.10/site-packages/airflow/example_dags/example_bash_operator.py                                                             1           0  0.11s           2026-01-03T13:50:21
/home/vscode/.local/lib/python3.10/site-packages/airflow/example_dags/example_branch_operator.py                                                           1           0  0.10s           2026-01-03T13:51:02
/home/vscode/.local/lib/python3.10/site-packages/airflow/example_dags/example_xcomargs.py                                                                  2           0  0.10s           2026-01-03T13:51:07
/home/vscode/.local/lib/python3.10/site-packages/airflow/example_dags/example_external_task_marker_dag.py                                                  2           0  0.10s           2026-01-03T13:50:57
/home/vscode/.local/lib/python3.10/site-packages/airflow/example_dags/example_subdag_operator.py                                                           3           0  0.10s           2026-01-03T13:51:13
/home/vscode/.local/lib/python3.10/site-packages/airflow/example_dags/example_branch_datetime_operator.py                                                  3           0  0.10s           2026-01-03T13:51:02
/home/vscode/.local/lib/python3.10/site-packages/airflow/example_dags/example_datasets.py                                                                  6           0  0.10s           2026-01-03T13:50:55
================================================================================
[2026-01-03T13:51:45.755+0000] {manager.py:889} INFO - 
================================================================================
DAG File Processing Stats

File Path                                                                                                                         PID    Runtime      # DAGs    # Errors  Last Runtime    Last Run
--------------------------------------------------------------------------------------------------------------------------------  -----  ---------  --------  ----------  --------------  -------------------
/home/vscode/.local/lib/python3.10/site-packages/airflow/example_dags/example_setup_teardown.py                                                            0           0  0.11s           2026-01-03T13:51:18
/home/vscode/.local/lib/python3.10/site-packages/airflow/example_dags/example_kubernetes_executor.py                                                       0           0  0.10s           2026-01-03T13:51:28
/home/vscode/.local/lib/python3.10/site-packages/airflow/example_dags/example_local_kubernetes_executor.py                                                 0           0  0.10s           2026-01-03T13:51:32
/home/vscode/.local/lib/python3.10/site-packages/airflow/example_dags/example_setup_teardown_taskflow.py                                                   0           0  0.10s           2026-01-03T13:51:23
/home/vscode/.local/lib/python3.10/site-packages/airflow/example_dags/plugins/workday.py                                                                   0           0  0.10s           2026-01-03T13:51:33
/home/vscode/.local/lib/python3.10/site-packages/airflow/example_dags/plugins/listener_plugin.py                                                           0           0  0.10s           2026-01-03T13:51:34
/home/vscode/.local/lib/python3.10/site-packages/airflow/example_dags/plugins/event_listener.py                                                            0           0  0.10s           2026-01-03T13:51:05
/home/vscode/.local/lib/python3.10/site-packages/airflow/example_dags/subdags/subdag.py                                                                    0           0  0.10s           2026-01-03T13:51:35
/home/vscode/.local/lib/python3.10/site-packages/airflow/example_dags/example_dag_decorator.py                                                             1           0  0.20s           2026-01-03T13:51:37
/home/vscode/.local/lib/python3.10/site-packages/airflow/example_dags/example_xcom.py                                                                      1           0  0.10s           2026-01-03T13:51:05
/home/vscode/.local/lib/python3.10/site-packages/airflow/example_dags/example_time_delta_sensor_async.py                                                   1           0  0.10s           2026-01-03T13:51:12
/home/vscode/.local/lib/python3.10/site-packages/airflow/example_dags/example_branch_operator_decorator.py                                                 1           0  0.10s           2026-01-03T13:51:43
/home/vscode/.local/lib/python3.10/site-packages/airflow/example_dags/example_branch_labels.py                                                             1           0  0.10s           2026-01-03T13:51:43
/home/vscode/.local/lib/python3.10/site-packages/airflow/example_dags/example_dynamic_task_mapping_with_no_taskflow_operators.py                           1           0  0.10s           2026-01-03T13:51:38
/home/vscode/.local/lib/python3.10/site-packages/airflow/example_dags/example_passing_params_via_test_command.py                                           1           0  0.10s           2026-01-03T13:51:24
/home/vscode/.local/lib/python3.10/site-packages/airflow/example_dags/example_short_circuit_operator.py                                                    1           0  0.10s           2026-01-03T13:51:19
/home/vscode/.local/lib/python3.10/site-packages/airflow/example_dags/tutorial_taskflow_api.py                                                             1           0  0.11s           2026-01-03T13:51:08
/home/vscode/.local/lib/python3.10/site-packages/airflow/example_dags/example_latest_only_with_trigger.py                                                  1           0  0.10s           2026-01-03T13:51:29
/home/vscode/.local/lib/python3.10/site-packages/airflow/example_dags/example_short_circuit_decorator.py                                                   1           0  0.10s           2026-01-03T13:51:20
/home/vscode/.local/lib/python3.10/site-packages/airflow/example_dags/tutorial_dag.py                                                                      1           0  0.10s           2026-01-03T13:51:09
/home/vscode/.local/lib/python3.10/site-packages/airflow/example_dags/example_params_ui_tutorial.py                                                        1           0  0.10s           2026-01-03T13:51:25
/home/vscode/.local/lib/python3.10/site-packages/airflow/example_dags/example_trigger_controller_dag.py                                                    1           0  0.10s           2026-01-03T13:51:14
/home/vscode/.local/lib/python3.10/site-packages/airflow/example_dags/tutorial_taskflow_api_virtualenv.py                                                  1           0  0.10s           2026-01-03T13:51:04
/home/vscode/.local/lib/python3.10/site-packages/airflow/example_dags/example_sensors.py                                                                   1           0  0.10s           2026-01-03T13:51:26
/home/vscode/.local/lib/python3.10/site-packages/airflow/example_dags/example_dynamic_task_mapping.py                                                      1           0  0.10s           2026-01-03T13:51:38
/home/vscode/.local/lib/python3.10/site-packages/airflow/example_dags/example_params_trigger_ui.py                                                         1           0  0.21s           2026-01-03T13:51:30
/home/vscode/.local/lib/python3.10/site-packages/airflow/example_dags/example_branch_python_dop_operator_3.py                                              1           0  0.10s           2026-01-03T13:51:44
/home/vscode/.local/lib/python3.10/site-packages/airflow/example_dags/example_nested_branch_dag.py                                                         1           0  0.10s           2026-01-03T13:51:31
/home/vscode/.local/lib/python3.10/site-packages/airflow/example_dags/example_python_operator.py                                                           1           0  0.10s           2026-01-03T13:51:27
/home/vscode/.local/lib/python3.10/site-packages/airflow/example_dags/example_task_group.py                                                                1           0  0.10s           2026-01-03T13:51:15
/home/vscode/.local/lib/python3.10/site-packages/airflow/example_dags/example_latest_only.py                                                               1           0  0.10s           2026-01-03T13:51:36
/home/vscode/.local/lib/python3.10/site-packages/airflow/example_dags/example_skip_dag.py                                                                  1           0  0.10s           2026-01-03T13:51:21
/home/vscode/.local/lib/python3.10/site-packages/airflow/example_dags/example_sla_dag.py                                                                   1           0  0.10s           2026-01-03T13:51:22
/home/vscode/.local/lib/python3.10/site-packages/airflow/example_dags/example_trigger_target_dag.py                                                        1           0  0.10s           2026-01-03T13:51:10
/home/vscode/.local/lib/python3.10/site-packages/airflow/example_dags/example_task_group_decorator.py                                                      1           0  0.10s           2026-01-03T13:51:16
/home/vscode/.local/lib/python3.10/site-packages/airflow/example_dags/example_complex.py                                                                   1           0  0.10s           2026-01-03T13:51:41
/home/vscode/.local/lib/python3.10/site-packages/airflow/example_dags/example_branch_day_of_week_operator.py                                               1           0  0.10s           2026-01-03T13:51:45
/home/vscode/.local/lib/python3.10/site-packages/airflow/example_dags/example_sensor_decorator.py                                                          1           0  0.10s           2026-01-03T13:51:28
/home/vscode/.local/lib/python3.10/site-packages/airflow/example_dags/tutorial.py                                                                          1           0  0.10s           2026-01-03T13:51:11
/home/vscode/.local/lib/python3.10/site-packages/airflow/example_dags/example_bash_operator.py                                                             1           0  0.10s           2026-01-03T13:51:17
/home/vscode/.local/lib/python3.10/site-packages/airflow/example_dags/example_branch_operator.py                                                           1           0  0.10s           2026-01-03T13:51:02
/home/vscode/.local/lib/python3.10/site-packages/airflow/example_dags/example_xcomargs.py                                                                  2           0  0.10s           2026-01-03T13:51:07
/home/vscode/.local/lib/python3.10/site-packages/airflow/example_dags/example_external_task_marker_dag.py                                                  2           0  0.10s           2026-01-03T13:51:42
/home/vscode/.local/lib/python3.10/site-packages/airflow/example_dags/example_subdag_operator.py                                                           3           0  0.10s           2026-01-03T13:51:13
/home/vscode/.local/lib/python3.10/site-packages/airflow/example_dags/example_branch_datetime_operator.py                                                  3           0  0.10s           2026-01-03T13:51:45
/home/vscode/.local/lib/python3.10/site-packages/airflow/example_dags/example_datasets.py                                                                  6           0  0.10s           2026-01-03T13:51:39
================================================================================
[2026-01-03T13:52:15.985+0000] {manager.py:889} INFO - 
================================================================================
DAG File Processing Stats

File Path                                                                                                                         PID    Runtime      # DAGs    # Errors  Last Runtime    Last Run
--------------------------------------------------------------------------------------------------------------------------------  -----  ---------  --------  ----------  --------------  -------------------
/home/vscode/.local/lib/python3.10/site-packages/airflow/example_dags/example_setup_teardown.py                                                            0           0  0.10s           2026-01-03T13:52:00
/home/vscode/.local/lib/python3.10/site-packages/airflow/example_dags/example_kubernetes_executor.py                                                       0           0  0.11s           2026-01-03T13:52:11
/home/vscode/.local/lib/python3.10/site-packages/airflow/example_dags/example_local_kubernetes_executor.py                                                 0           0  0.10s           2026-01-03T13:51:32
/home/vscode/.local/lib/python3.10/site-packages/airflow/example_dags/example_setup_teardown_taskflow.py                                                   0           0  0.11s           2026-01-03T13:52:05
/home/vscode/.local/lib/python3.10/site-packages/airflow/example_dags/plugins/workday.py                                                                   0           0  0.10s           2026-01-03T13:52:14
/home/vscode/.local/lib/python3.10/site-packages/airflow/example_dags/plugins/listener_plugin.py                                                           0           0  0.10s           2026-01-03T13:52:15
/home/vscode/.local/lib/python3.10/site-packages/airflow/example_dags/plugins/event_listener.py                                                            0           0  0.10s           2026-01-03T13:51:48
/home/vscode/.local/lib/python3.10/site-packages/airflow/example_dags/subdags/subdag.py                                                                    0           0  0.10s           2026-01-03T13:51:35
/home/vscode/.local/lib/python3.10/site-packages/airflow/example_dags/example_dag_decorator.py                                                             1           0  0.20s           2026-01-03T13:51:37
/home/vscode/.local/lib/python3.10/site-packages/airflow/example_dags/example_xcom.py                                                                      1           0  0.10s           2026-01-03T13:51:49
/home/vscode/.local/lib/python3.10/site-packages/airflow/example_dags/example_time_delta_sensor_async.py                                                   1           0  0.10s           2026-01-03T13:51:55
/home/vscode/.local/lib/python3.10/site-packages/airflow/example_dags/example_branch_operator_decorator.py                                                 1           0  0.10s           2026-01-03T13:51:43
/home/vscode/.local/lib/python3.10/site-packages/airflow/example_dags/example_branch_labels.py                                                             1           0  0.10s           2026-01-03T13:51:43
/home/vscode/.local/lib/python3.10/site-packages/airflow/example_dags/example_dynamic_task_mapping_with_no_taskflow_operators.py                           1           0  0.10s           2026-01-03T13:51:38
/home/vscode/.local/lib/python3.10/site-packages/airflow/example_dags/example_passing_params_via_test_command.py                                           1           0  0.10s           2026-01-03T13:52:06
/home/vscode/.local/lib/python3.10/site-packages/airflow/example_dags/example_short_circuit_operator.py                                                    1           0  0.10s           2026-01-03T13:52:02
/home/vscode/.local/lib/python3.10/site-packages/airflow/example_dags/tutorial_taskflow_api.py                                                             1           0  0.10s           2026-01-03T13:51:51
/home/vscode/.local/lib/python3.10/site-packages/airflow/example_dags/example_latest_only_with_trigger.py                                                  1           0  0.10s           2026-01-03T13:52:13
/home/vscode/.local/lib/python3.10/site-packages/airflow/example_dags/example_short_circuit_decorator.py                                                   1           0  0.10s           2026-01-03T13:52:03
/home/vscode/.local/lib/python3.10/site-packages/airflow/example_dags/tutorial_dag.py                                                                      1           0  0.10s           2026-01-03T13:51:52
/home/vscode/.local/lib/python3.10/site-packages/airflow/example_dags/example_params_ui_tutorial.py                                                        1           0  0.10s           2026-01-03T13:52:07
/home/vscode/.local/lib/python3.10/site-packages/airflow/example_dags/example_trigger_controller_dag.py                                                    1           0  0.10s           2026-01-03T13:51:57
/home/vscode/.local/lib/python3.10/site-packages/airflow/example_dags/tutorial_taskflow_api_virtualenv.py                                                  1           0  0.10s           2026-01-03T13:51:47
/home/vscode/.local/lib/python3.10/site-packages/airflow/example_dags/example_sensors.py                                                                   1           0  0.10s           2026-01-03T13:52:08
/home/vscode/.local/lib/python3.10/site-packages/airflow/example_dags/example_dynamic_task_mapping.py                                                      1           0  0.10s           2026-01-03T13:51:38
/home/vscode/.local/lib/python3.10/site-packages/airflow/example_dags/example_params_trigger_ui.py                                                         1           0  0.10s           2026-01-03T13:52:14
/home/vscode/.local/lib/python3.10/site-packages/airflow/example_dags/example_branch_python_dop_operator_3.py                                              1           0  0.10s           2026-01-03T13:51:44
/home/vscode/.local/lib/python3.10/site-packages/airflow/example_dags/example_nested_branch_dag.py                                                         1           0  0.10s           2026-01-03T13:51:31
/home/vscode/.local/lib/python3.10/site-packages/airflow/example_dags/example_python_operator.py                                                           1           0  0.10s           2026-01-03T13:52:09
/home/vscode/.local/lib/python3.10/site-packages/airflow/example_dags/example_task_group.py                                                                1           0  0.10s           2026-01-03T13:51:58
/home/vscode/.local/lib/python3.10/site-packages/airflow/example_dags/example_latest_only.py                                                               1           0  0.10s           2026-01-03T13:51:36
/home/vscode/.local/lib/python3.10/site-packages/airflow/example_dags/example_skip_dag.py                                                                  1           0  0.10s           2026-01-03T13:52:04
/home/vscode/.local/lib/python3.10/site-packages/airflow/example_dags/example_sla_dag.py                                                                   1           0  0.10s           2026-01-03T13:52:04
/home/vscode/.local/lib/python3.10/site-packages/airflow/example_dags/example_trigger_target_dag.py                                                        1           0  0.10s           2026-01-03T13:51:53
/home/vscode/.local/lib/python3.10/site-packages/airflow/example_dags/example_task_group_decorator.py                                                      1           0  0.10s           2026-01-03T13:51:59
/home/vscode/.local/lib/python3.10/site-packages/airflow/example_dags/example_complex.py                                                                   1           0  0.10s           2026-01-03T13:51:41
/home/vscode/.local/lib/python3.10/site-packages/airflow/example_dags/example_branch_day_of_week_operator.py                                               1           0  0.10s           2026-01-03T13:51:45
/home/vscode/.local/lib/python3.10/site-packages/airflow/example_dags/example_sensor_decorator.py                                                          1           0  0.10s           2026-01-03T13:52:10
/home/vscode/.local/lib/python3.10/site-packages/airflow/example_dags/tutorial.py                                                                          1           0  0.10s           2026-01-03T13:51:54
/home/vscode/.local/lib/python3.10/site-packages/airflow/example_dags/example_bash_operator.py                                                             1           0  0.10s           2026-01-03T13:52:00
/home/vscode/.local/lib/python3.10/site-packages/airflow/example_dags/example_branch_operator.py                                                           1           0  0.10s           2026-01-03T13:51:46
/home/vscode/.local/lib/python3.10/site-packages/airflow/example_dags/example_xcomargs.py                                                                  2           0  0.10s           2026-01-03T13:51:50
/home/vscode/.local/lib/python3.10/site-packages/airflow/example_dags/example_external_task_marker_dag.py                                                  2           0  0.10s           2026-01-03T13:51:42
/home/vscode/.local/lib/python3.10/site-packages/airflow/example_dags/example_subdag_operator.py                                                           3           0  0.10s           2026-01-03T13:51:56
/home/vscode/.local/lib/python3.10/site-packages/airflow/example_dags/example_branch_datetime_operator.py                                                  3           0  0.10s           2026-01-03T13:51:45
/home/vscode/.local/lib/python3.10/site-packages/airflow/example_dags/example_datasets.py                                                                  6           0  0.10s           2026-01-03T13:51:39
================================================================================
[2026-01-03T13:52:46.258+0000] {manager.py:889} INFO - 
================================================================================
DAG File Processing Stats

File Path                                                                                                                         PID    Runtime      # DAGs    # Errors  Last Runtime    Last Run
--------------------------------------------------------------------------------------------------------------------------------  -----  ---------  --------  ----------  --------------  -------------------
/home/vscode/.local/lib/python3.10/site-packages/airflow/example_dags/example_setup_teardown.py                                                            0           0  0.10s           2026-01-03T13:52:45
/home/vscode/.local/lib/python3.10/site-packages/airflow/example_dags/example_kubernetes_executor.py                                                       0           0  0.11s           2026-01-03T13:52:11
/home/vscode/.local/lib/python3.10/site-packages/airflow/example_dags/example_local_kubernetes_executor.py                                                 0           0  0.10s           2026-01-03T13:52:19
/home/vscode/.local/lib/python3.10/site-packages/airflow/example_dags/example_setup_teardown_taskflow.py                                                   0           0  0.11s           2026-01-03T13:52:05
/home/vscode/.local/lib/python3.10/site-packages/airflow/example_dags/plugins/workday.py                                                                   0           0  0.10s           2026-01-03T13:52:45
/home/vscode/.local/lib/python3.10/site-packages/airflow/example_dags/plugins/listener_plugin.py                                                           0           0  0.10s           2026-01-03T13:52:15
/home/vscode/.local/lib/python3.10/site-packages/airflow/example_dags/plugins/event_listener.py                                                            0           0  0.10s           2026-01-03T13:52:31
/home/vscode/.local/lib/python3.10/site-packages/airflow/example_dags/subdags/subdag.py                                                                    0           0  0.10s           2026-01-03T13:52:16
/home/vscode/.local/lib/python3.10/site-packages/airflow/example_dags/example_dag_decorator.py                                                             1           0  0.20s           2026-01-03T13:52:21
/home/vscode/.local/lib/python3.10/site-packages/airflow/example_dags/example_xcom.py                                                                      1           0  0.10s           2026-01-03T13:52:32
/home/vscode/.local/lib/python3.10/site-packages/airflow/example_dags/example_time_delta_sensor_async.py                                                   1           0  0.10s           2026-01-03T13:52:38
/home/vscode/.local/lib/python3.10/site-packages/airflow/example_dags/example_branch_operator_decorator.py                                                 1           0  0.10s           2026-01-03T13:52:26
/home/vscode/.local/lib/python3.10/site-packages/airflow/example_dags/example_branch_labels.py                                                             1           0  0.10s           2026-01-03T13:52:28
/home/vscode/.local/lib/python3.10/site-packages/airflow/example_dags/example_dynamic_task_mapping_with_no_taskflow_operators.py                           1           0  0.10s           2026-01-03T13:52:22
/home/vscode/.local/lib/python3.10/site-packages/airflow/example_dags/example_passing_params_via_test_command.py                                           1           0  0.10s           2026-01-03T13:52:06
/home/vscode/.local/lib/python3.10/site-packages/airflow/example_dags/example_short_circuit_operator.py                                                    1           0  0.10s           2026-01-03T13:52:46
/home/vscode/.local/lib/python3.10/site-packages/airflow/example_dags/tutorial_taskflow_api.py                                                             1           0  0.10s           2026-01-03T13:52:34
/home/vscode/.local/lib/python3.10/site-packages/airflow/example_dags/example_latest_only_with_trigger.py                                                  1           0  0.10s           2026-01-03T13:52:13
/home/vscode/.local/lib/python3.10/site-packages/airflow/example_dags/example_short_circuit_decorator.py                                                   1           0  0.10s           2026-01-03T13:52:03
/home/vscode/.local/lib/python3.10/site-packages/airflow/example_dags/tutorial_dag.py                                                                      1           0  0.11s           2026-01-03T13:52:35
/home/vscode/.local/lib/python3.10/site-packages/airflow/example_dags/example_params_ui_tutorial.py                                                        1           0  0.10s           2026-01-03T13:52:07
/home/vscode/.local/lib/python3.10/site-packages/airflow/example_dags/example_trigger_controller_dag.py                                                    1           0  0.10s           2026-01-03T13:52:40
/home/vscode/.local/lib/python3.10/site-packages/airflow/example_dags/tutorial_taskflow_api_virtualenv.py                                                  1           0  0.10s           2026-01-03T13:52:30
/home/vscode/.local/lib/python3.10/site-packages/airflow/example_dags/example_sensors.py                                                                   1           0  0.10s           2026-01-03T13:52:08
/home/vscode/.local/lib/python3.10/site-packages/airflow/example_dags/example_dynamic_task_mapping.py                                                      1           0  0.10s           2026-01-03T13:52:23
/home/vscode/.local/lib/python3.10/site-packages/airflow/example_dags/example_params_trigger_ui.py                                                         1           0  0.10s           2026-01-03T13:52:14
/home/vscode/.local/lib/python3.10/site-packages/airflow/example_dags/example_branch_python_dop_operator_3.py                                              1           0  0.10s           2026-01-03T13:52:29
/home/vscode/.local/lib/python3.10/site-packages/airflow/example_dags/example_nested_branch_dag.py                                                         1           0  0.10s           2026-01-03T13:52:17
/home/vscode/.local/lib/python3.10/site-packages/airflow/example_dags/example_python_operator.py                                                           1           0  0.10s           2026-01-03T13:52:09
/home/vscode/.local/lib/python3.10/site-packages/airflow/example_dags/example_task_group.py                                                                1           0  0.10s           2026-01-03T13:52:40
/home/vscode/.local/lib/python3.10/site-packages/airflow/example_dags/example_latest_only.py                                                               1           0  0.10s           2026-01-03T13:52:19
/home/vscode/.local/lib/python3.10/site-packages/airflow/example_dags/example_skip_dag.py                                                                  1           0  0.10s           2026-01-03T13:52:04
/home/vscode/.local/lib/python3.10/site-packages/airflow/example_dags/example_sla_dag.py                                                                   1           0  0.10s           2026-01-03T13:52:04
/home/vscode/.local/lib/python3.10/site-packages/airflow/example_dags/example_trigger_target_dag.py                                                        1           0  0.10s           2026-01-03T13:52:36
/home/vscode/.local/lib/python3.10/site-packages/airflow/example_dags/example_task_group_decorator.py                                                      1           0  0.10s           2026-01-03T13:52:41
/home/vscode/.local/lib/python3.10/site-packages/airflow/example_dags/example_complex.py                                                                   1           0  0.21s           2026-01-03T13:52:25
/home/vscode/.local/lib/python3.10/site-packages/airflow/example_dags/example_branch_day_of_week_operator.py                                               1           0  0.10s           2026-01-03T13:52:42
/home/vscode/.local/lib/python3.10/site-packages/airflow/example_dags/example_sensor_decorator.py                                                          1           0  0.10s           2026-01-03T13:52:10
/home/vscode/.local/lib/python3.10/site-packages/airflow/example_dags/tutorial.py                                                                          1           0  0.10s           2026-01-03T13:52:37
/home/vscode/.local/lib/python3.10/site-packages/airflow/example_dags/example_bash_operator.py                                                             1           0  0.10s           2026-01-03T13:52:00
/home/vscode/.local/lib/python3.10/site-packages/airflow/example_dags/example_branch_operator.py                                                           1           0  0.10s           2026-01-03T13:52:44
/home/vscode/.local/lib/python3.10/site-packages/airflow/example_dags/example_xcomargs.py                                                                  2           0  0.10s           2026-01-03T13:52:33
/home/vscode/.local/lib/python3.10/site-packages/airflow/example_dags/example_external_task_marker_dag.py                                                  2           0  0.10s           2026-01-03T13:52:26
/home/vscode/.local/lib/python3.10/site-packages/airflow/example_dags/example_subdag_operator.py                                                           3           0  0.10s           2026-01-03T13:52:39
/home/vscode/.local/lib/python3.10/site-packages/airflow/example_dags/example_branch_datetime_operator.py                                                  3           0  0.10s           2026-01-03T13:52:44
/home/vscode/.local/lib/python3.10/site-packages/airflow/example_dags/example_datasets.py                                                                  6           0  0.10s           2026-01-03T13:52:24
================================================================================
[2026-01-03T13:53:16.529+0000] {manager.py:889} INFO - 
================================================================================
DAG File Processing Stats

File Path                                                                                                                         PID    Runtime      # DAGs    # Errors  Last Runtime    Last Run
--------------------------------------------------------------------------------------------------------------------------------  -----  ---------  --------  ----------  --------------  -------------------
/home/vscode/.local/lib/python3.10/site-packages/airflow/example_dags/example_setup_teardown.py                                                            0           0  0.10s           2026-01-03T13:52:45
/home/vscode/.local/lib/python3.10/site-packages/airflow/example_dags/example_kubernetes_executor.py                                                       0           0  0.10s           2026-01-03T13:52:56
/home/vscode/.local/lib/python3.10/site-packages/airflow/example_dags/example_local_kubernetes_executor.py                                                 0           0  0.10s           2026-01-03T13:53:01
/home/vscode/.local/lib/python3.10/site-packages/airflow/example_dags/example_setup_teardown_taskflow.py                                                   0           0  0.10s           2026-01-03T13:52:50
/home/vscode/.local/lib/python3.10/site-packages/airflow/example_dags/plugins/workday.py                                                                   0           0  0.10s           2026-01-03T13:52:45
/home/vscode/.local/lib/python3.10/site-packages/airflow/example_dags/plugins/listener_plugin.py                                                           0           0  0.10s           2026-01-03T13:52:59
/home/vscode/.local/lib/python3.10/site-packages/airflow/example_dags/plugins/event_listener.py                                                            0           0  0.11s           2026-01-03T13:53:13
/home/vscode/.local/lib/python3.10/site-packages/airflow/example_dags/subdags/subdag.py                                                                    0           0  0.10s           2026-01-03T13:53:00
/home/vscode/.local/lib/python3.10/site-packages/airflow/example_dags/example_dag_decorator.py                                                             1           0  0.20s           2026-01-03T13:53:03
/home/vscode/.local/lib/python3.10/site-packages/airflow/example_dags/example_xcom.py                                                                      1           0  0.10s           2026-01-03T13:53:14
/home/vscode/.local/lib/python3.10/site-packages/airflow/example_dags/example_time_delta_sensor_async.py                                                   1           0  0.10s           2026-01-03T13:52:38
/home/vscode/.local/lib/python3.10/site-packages/airflow/example_dags/example_branch_operator_decorator.py                                                 1           0  0.10s           2026-01-03T13:53:09
/home/vscode/.local/lib/python3.10/site-packages/airflow/example_dags/example_branch_labels.py                                                             1           0  0.10s           2026-01-03T13:53:10
/home/vscode/.local/lib/python3.10/site-packages/airflow/example_dags/example_dynamic_task_mapping_with_no_taskflow_operators.py                           1           0  0.10s           2026-01-03T13:53:04
/home/vscode/.local/lib/python3.10/site-packages/airflow/example_dags/example_passing_params_via_test_command.py                                           1           0  0.11s           2026-01-03T13:52:50
/home/vscode/.local/lib/python3.10/site-packages/airflow/example_dags/example_short_circuit_operator.py                                                    1           0  0.10s           2026-01-03T13:52:46
/home/vscode/.local/lib/python3.10/site-packages/airflow/example_dags/tutorial_taskflow_api.py                                                             1           0  0.10s           2026-01-03T13:53:16
/home/vscode/.local/lib/python3.10/site-packages/airflow/example_dags/example_latest_only_with_trigger.py                                                  1           0  0.10s           2026-01-03T13:52:57
/home/vscode/.local/lib/python3.10/site-packages/airflow/example_dags/example_short_circuit_decorator.py                                                   1           0  0.10s           2026-01-03T13:52:47
/home/vscode/.local/lib/python3.10/site-packages/airflow/example_dags/tutorial_dag.py                                                                      1           0  0.11s           2026-01-03T13:52:35
/home/vscode/.local/lib/python3.10/site-packages/airflow/example_dags/example_params_ui_tutorial.py                                                        1           0  0.10s           2026-01-03T13:52:52
/home/vscode/.local/lib/python3.10/site-packages/airflow/example_dags/example_trigger_controller_dag.py                                                    1           0  0.10s           2026-01-03T13:52:40
/home/vscode/.local/lib/python3.10/site-packages/airflow/example_dags/tutorial_taskflow_api_virtualenv.py                                                  1           0  0.10s           2026-01-03T13:53:12
/home/vscode/.local/lib/python3.10/site-packages/airflow/example_dags/example_sensors.py                                                                   1           0  0.10s           2026-01-03T13:52:53
/home/vscode/.local/lib/python3.10/site-packages/airflow/example_dags/example_dynamic_task_mapping.py                                                      1           0  0.10s           2026-01-03T13:53:06
/home/vscode/.local/lib/python3.10/site-packages/airflow/example_dags/example_params_trigger_ui.py                                                         1           0  0.11s           2026-01-03T13:52:57
/home/vscode/.local/lib/python3.10/site-packages/airflow/example_dags/example_branch_python_dop_operator_3.py                                              1           0  0.10s           2026-01-03T13:53:11
/home/vscode/.local/lib/python3.10/site-packages/airflow/example_dags/example_nested_branch_dag.py                                                         1           0  0.10s           2026-01-03T13:53:01
/home/vscode/.local/lib/python3.10/site-packages/airflow/example_dags/example_python_operator.py                                                           1           0  0.10s           2026-01-03T13:52:54
/home/vscode/.local/lib/python3.10/site-packages/airflow/example_dags/example_task_group.py                                                                1           0  0.10s           2026-01-03T13:52:40
/home/vscode/.local/lib/python3.10/site-packages/airflow/example_dags/example_latest_only.py                                                               1           0  0.10s           2026-01-03T13:53:02
/home/vscode/.local/lib/python3.10/site-packages/airflow/example_dags/example_skip_dag.py                                                                  1           0  0.10s           2026-01-03T13:52:48
/home/vscode/.local/lib/python3.10/site-packages/airflow/example_dags/example_sla_dag.py                                                                   1           0  0.10s           2026-01-03T13:52:49
/home/vscode/.local/lib/python3.10/site-packages/airflow/example_dags/example_trigger_target_dag.py                                                        1           0  0.10s           2026-01-03T13:52:36
/home/vscode/.local/lib/python3.10/site-packages/airflow/example_dags/example_task_group_decorator.py                                                      1           0  0.10s           2026-01-03T13:52:41
/home/vscode/.local/lib/python3.10/site-packages/airflow/example_dags/example_complex.py                                                                   1           0  0.10s           2026-01-03T13:53:07
/home/vscode/.local/lib/python3.10/site-packages/airflow/example_dags/example_branch_day_of_week_operator.py                                               1           0  0.10s           2026-01-03T13:52:42
/home/vscode/.local/lib/python3.10/site-packages/airflow/example_dags/example_sensor_decorator.py                                                          1           0  0.10s           2026-01-03T13:52:55
/home/vscode/.local/lib/python3.10/site-packages/airflow/example_dags/tutorial.py                                                                          1           0  0.10s           2026-01-03T13:52:37
/home/vscode/.local/lib/python3.10/site-packages/airflow/example_dags/example_bash_operator.py                                                             1           0  0.10s           2026-01-03T13:52:58
/home/vscode/.local/lib/python3.10/site-packages/airflow/example_dags/example_branch_operator.py                                                           1           0  0.10s           2026-01-03T13:52:44
/home/vscode/.local/lib/python3.10/site-packages/airflow/example_dags/example_xcomargs.py                                                                  2           0  0.10s           2026-01-03T13:53:16
/home/vscode/.local/lib/python3.10/site-packages/airflow/example_dags/example_external_task_marker_dag.py                                                  2           0  0.10s           2026-01-03T13:53:08
/home/vscode/.local/lib/python3.10/site-packages/airflow/example_dags/example_subdag_operator.py                                                           3           0  0.10s           2026-01-03T13:52:39
/home/vscode/.local/lib/python3.10/site-packages/airflow/example_dags/example_branch_datetime_operator.py                                                  3           0  0.10s           2026-01-03T13:52:44
/home/vscode/.local/lib/python3.10/site-packages/airflow/example_dags/example_datasets.py                                                                  6           0  0.10s           2026-01-03T13:53:06
================================================================================
[2026-01-03T13:53:43.801+0000] {manager.py:758} INFO - Searching for files in /workspaces/hands-on-introduction-data-engineering-4395021/airflow/dags
[2026-01-03T13:53:43.811+0000] {manager.py:761} INFO - There are 46 files in /workspaces/hands-on-introduction-data-engineering-4395021/airflow/dags
[2026-01-03T13:53:46.824+0000] {manager.py:889} INFO - 
================================================================================
DAG File Processing Stats

File Path                                                                                                                         PID    Runtime      # DAGs    # Errors  Last Runtime    Last Run
--------------------------------------------------------------------------------------------------------------------------------  -----  ---------  --------  ----------  --------------  -------------------
/home/vscode/.local/lib/python3.10/site-packages/airflow/example_dags/example_setup_teardown.py                                                            0           0  0.10s           2026-01-03T13:53:26
/home/vscode/.local/lib/python3.10/site-packages/airflow/example_dags/example_kubernetes_executor.py                                                       0           0  0.10s           2026-01-03T13:53:37
/home/vscode/.local/lib/python3.10/site-packages/airflow/example_dags/example_local_kubernetes_executor.py                                                 0           0  0.11s           2026-01-03T13:53:44
/home/vscode/.local/lib/python3.10/site-packages/airflow/example_dags/example_setup_teardown_taskflow.py                                                   0           0  0.10s           2026-01-03T13:53:31
/home/vscode/.local/lib/python3.10/site-packages/airflow/example_dags/plugins/workday.py                                                                   0           0  0.10s           2026-01-03T13:53:26
/home/vscode/.local/lib/python3.10/site-packages/airflow/example_dags/plugins/listener_plugin.py                                                           0           0  0.10s           2026-01-03T13:53:41
/home/vscode/.local/lib/python3.10/site-packages/airflow/example_dags/plugins/event_listener.py                                                            0           0  0.11s           2026-01-03T13:53:13
/home/vscode/.local/lib/python3.10/site-packages/airflow/example_dags/subdags/subdag.py                                                                    0           0  0.10s           2026-01-03T13:53:42
/home/vscode/.local/lib/python3.10/site-packages/airflow/example_dags/example_dag_decorator.py                                                             1           0  0.20s           2026-01-03T13:53:46
/home/vscode/.local/lib/python3.10/site-packages/airflow/example_dags/example_xcom.py                                                                      1           0  0.10s           2026-01-03T13:53:14
/home/vscode/.local/lib/python3.10/site-packages/airflow/example_dags/example_time_delta_sensor_async.py                                                   1           0  0.10s           2026-01-03T13:53:21
/home/vscode/.local/lib/python3.10/site-packages/airflow/example_dags/example_branch_operator_decorator.py                                                 1           0  0.10s           2026-01-03T13:53:09
/home/vscode/.local/lib/python3.10/site-packages/airflow/example_dags/example_branch_labels.py                                                             1           0  0.10s           2026-01-03T13:53:10
/home/vscode/.local/lib/python3.10/site-packages/airflow/example_dags/example_dynamic_task_mapping_with_no_taskflow_operators.py                           1           0  0.10s           2026-01-03T13:53:04
/home/vscode/.local/lib/python3.10/site-packages/airflow/example_dags/example_passing_params_via_test_command.py                                           1           0  0.10s           2026-01-03T13:53:31
/home/vscode/.local/lib/python3.10/site-packages/airflow/example_dags/example_short_circuit_operator.py                                                    1           0  0.10s           2026-01-03T13:53:27
/home/vscode/.local/lib/python3.10/site-packages/airflow/example_dags/tutorial_taskflow_api.py                                                             1           0  0.10s           2026-01-03T13:53:16
/home/vscode/.local/lib/python3.10/site-packages/airflow/example_dags/example_latest_only_with_trigger.py                                                  1           0  0.10s           2026-01-03T13:53:43
/home/vscode/.local/lib/python3.10/site-packages/airflow/example_dags/example_short_circuit_decorator.py                                                   1           0  0.10s           2026-01-03T13:53:28
/home/vscode/.local/lib/python3.10/site-packages/airflow/example_dags/tutorial_dag.py                                                                      1           0  0.10s           2026-01-03T13:53:17
/home/vscode/.local/lib/python3.10/site-packages/airflow/example_dags/example_params_ui_tutorial.py                                                        1           0  0.10s           2026-01-03T13:53:33
/home/vscode/.local/lib/python3.10/site-packages/airflow/example_dags/example_trigger_controller_dag.py                                                    1           0  0.21s           2026-01-03T13:53:22
/home/vscode/.local/lib/python3.10/site-packages/airflow/example_dags/tutorial_taskflow_api_virtualenv.py                                                  1           0  0.10s           2026-01-03T13:53:12
/home/vscode/.local/lib/python3.10/site-packages/airflow/example_dags/example_sensors.py                                                                   1           0  0.10s           2026-01-03T13:53:34
/home/vscode/.local/lib/python3.10/site-packages/airflow/example_dags/example_dynamic_task_mapping.py                                                      1           0  0.10s           2026-01-03T13:53:06
/home/vscode/.local/lib/python3.10/site-packages/airflow/example_dags/example_params_trigger_ui.py                                                         1           0  0.10s           2026-01-03T13:53:43
/home/vscode/.local/lib/python3.10/site-packages/airflow/example_dags/example_branch_python_dop_operator_3.py                                              1           0  0.10s           2026-01-03T13:53:11
/home/vscode/.local/lib/python3.10/site-packages/airflow/example_dags/example_nested_branch_dag.py                                                         1           0  0.10s           2026-01-03T13:53:44
/home/vscode/.local/lib/python3.10/site-packages/airflow/example_dags/example_python_operator.py                                                           1           0  0.10s           2026-01-03T13:53:35
/home/vscode/.local/lib/python3.10/site-packages/airflow/example_dags/example_task_group.py                                                                1           0  0.10s           2026-01-03T13:53:24
/home/vscode/.local/lib/python3.10/site-packages/airflow/example_dags/example_latest_only.py                                                               1           0  0.10s           2026-01-03T13:53:45
/home/vscode/.local/lib/python3.10/site-packages/airflow/example_dags/example_skip_dag.py                                                                  1           0  0.10s           2026-01-03T13:53:30
/home/vscode/.local/lib/python3.10/site-packages/airflow/example_dags/example_sla_dag.py                                                                   1           0  0.10s           2026-01-03T13:53:31
/home/vscode/.local/lib/python3.10/site-packages/airflow/example_dags/example_trigger_target_dag.py                                                        1           0  0.10s           2026-01-03T13:53:18
/home/vscode/.local/lib/python3.10/site-packages/airflow/example_dags/example_task_group_decorator.py                                                      1           0  0.10s           2026-01-03T13:53:25
/home/vscode/.local/lib/python3.10/site-packages/airflow/example_dags/example_complex.py                                                                   1           0  0.10s           2026-01-03T13:53:07
/home/vscode/.local/lib/python3.10/site-packages/airflow/example_dags/example_branch_day_of_week_operator.py                                               1           0  0.10s           2026-01-03T13:53:37
/home/vscode/.local/lib/python3.10/site-packages/airflow/example_dags/example_sensor_decorator.py                                                          1           0  0.10s           2026-01-03T13:53:36
/home/vscode/.local/lib/python3.10/site-packages/airflow/example_dags/tutorial.py                                                                          1           0  0.10s           2026-01-03T13:53:19
/home/vscode/.local/lib/python3.10/site-packages/airflow/example_dags/example_bash_operator.py                                                             1           0  0.10s           2026-01-03T13:52:58
/home/vscode/.local/lib/python3.10/site-packages/airflow/example_dags/example_branch_operator.py                                                           1           0  0.10s           2026-01-03T13:53:40
/home/vscode/.local/lib/python3.10/site-packages/airflow/example_dags/example_xcomargs.py                                                                  2           0  0.10s           2026-01-03T13:53:16
/home/vscode/.local/lib/python3.10/site-packages/airflow/example_dags/example_external_task_marker_dag.py                                                  2           0  0.10s           2026-01-03T13:53:08
/home/vscode/.local/lib/python3.10/site-packages/airflow/example_dags/example_subdag_operator.py                                                           3           0  0.10s           2026-01-03T13:53:21
/home/vscode/.local/lib/python3.10/site-packages/airflow/example_dags/example_branch_datetime_operator.py                                                  3           0  0.10s           2026-01-03T13:53:39
/home/vscode/.local/lib/python3.10/site-packages/airflow/example_dags/example_datasets.py                                                                  6           0  0.10s           2026-01-03T13:53:06
================================================================================
[2026-01-03T13:54:17.094+0000] {manager.py:889} INFO - 
================================================================================
DAG File Processing Stats

File Path                                                                                                                         PID    Runtime      # DAGs    # Errors  Last Runtime    Last Run
--------------------------------------------------------------------------------------------------------------------------------  -----  ---------  --------  ----------  --------------  -------------------
/home/vscode/.local/lib/python3.10/site-packages/airflow/example_dags/example_setup_teardown.py                                                            0           0  0.10s           2026-01-03T13:54:09
/home/vscode/.local/lib/python3.10/site-packages/airflow/example_dags/example_kubernetes_executor.py                                                       0           0  0.10s           2026-01-03T13:53:37
/home/vscode/.local/lib/python3.10/site-packages/airflow/example_dags/example_local_kubernetes_executor.py                                                 0           0  0.11s           2026-01-03T13:53:44
/home/vscode/.local/lib/python3.10/site-packages/airflow/example_dags/example_setup_teardown_taskflow.py                                                   0           0  0.10s           2026-01-03T13:54:14
/home/vscode/.local/lib/python3.10/site-packages/airflow/example_dags/plugins/workday.py                                                                   0           0  0.10s           2026-01-03T13:54:08
/home/vscode/.local/lib/python3.10/site-packages/airflow/example_dags/plugins/listener_plugin.py                                                           0           0  0.10s           2026-01-03T13:53:41
/home/vscode/.local/lib/python3.10/site-packages/airflow/example_dags/plugins/event_listener.py                                                            0           0  0.10s           2026-01-03T13:53:57
/home/vscode/.local/lib/python3.10/site-packages/airflow/example_dags/subdags/subdag.py                                                                    0           0  0.10s           2026-01-03T13:53:42
/home/vscode/.local/lib/python3.10/site-packages/airflow/example_dags/example_dag_decorator.py                                                             1           0  0.20s           2026-01-03T13:53:46
/home/vscode/.local/lib/python3.10/site-packages/airflow/example_dags/example_xcom.py                                                                      1           0  0.10s           2026-01-03T13:53:57
/home/vscode/.local/lib/python3.10/site-packages/airflow/example_dags/example_time_delta_sensor_async.py                                                   1           0  0.10s           2026-01-03T13:54:02
/home/vscode/.local/lib/python3.10/site-packages/airflow/example_dags/example_branch_operator_decorator.py                                                 1           0  0.10s           2026-01-03T13:53:52
/home/vscode/.local/lib/python3.10/site-packages/airflow/example_dags/example_branch_labels.py                                                             1           0  0.10s           2026-01-03T13:53:53
/home/vscode/.local/lib/python3.10/site-packages/airflow/example_dags/example_dynamic_task_mapping_with_no_taskflow_operators.py                           1           0  0.10s           2026-01-03T13:53:47
/home/vscode/.local/lib/python3.10/site-packages/airflow/example_dags/example_passing_params_via_test_command.py                                           1           0  0.10s           2026-01-03T13:54:15
/home/vscode/.local/lib/python3.10/site-packages/airflow/example_dags/example_short_circuit_operator.py                                                    1           0  0.10s           2026-01-03T13:54:10
/home/vscode/.local/lib/python3.10/site-packages/airflow/example_dags/tutorial_taskflow_api.py                                                             1           0  0.10s           2026-01-03T13:53:59
/home/vscode/.local/lib/python3.10/site-packages/airflow/example_dags/example_latest_only_with_trigger.py                                                  1           0  0.10s           2026-01-03T13:53:43
/home/vscode/.local/lib/python3.10/site-packages/airflow/example_dags/example_short_circuit_decorator.py                                                   1           0  0.10s           2026-01-03T13:54:11
/home/vscode/.local/lib/python3.10/site-packages/airflow/example_dags/tutorial_dag.py                                                                      1           0  0.10s           2026-01-03T13:54:00
/home/vscode/.local/lib/python3.10/site-packages/airflow/example_dags/example_params_ui_tutorial.py                                                        1           0  0.10s           2026-01-03T13:54:16
/home/vscode/.local/lib/python3.10/site-packages/airflow/example_dags/example_trigger_controller_dag.py                                                    1           0  0.10s           2026-01-03T13:54:05
/home/vscode/.local/lib/python3.10/site-packages/airflow/example_dags/tutorial_taskflow_api_virtualenv.py                                                  1           0  0.10s           2026-01-03T13:53:55
/home/vscode/.local/lib/python3.10/site-packages/airflow/example_dags/example_sensors.py                                                                   1           0  0.10s           2026-01-03T13:54:17
/home/vscode/.local/lib/python3.10/site-packages/airflow/example_dags/example_dynamic_task_mapping.py                                                      1           0  0.10s           2026-01-03T13:53:48
/home/vscode/.local/lib/python3.10/site-packages/airflow/example_dags/example_params_trigger_ui.py                                                         1           0  0.10s           2026-01-03T13:53:43
/home/vscode/.local/lib/python3.10/site-packages/airflow/example_dags/example_branch_python_dop_operator_3.py                                              1           0  0.11s           2026-01-03T13:54:07
/home/vscode/.local/lib/python3.10/site-packages/airflow/example_dags/example_nested_branch_dag.py                                                         1           0  0.10s           2026-01-03T13:53:44
/home/vscode/.local/lib/python3.10/site-packages/airflow/example_dags/example_python_operator.py                                                           1           0  0.10s           2026-01-03T13:53:35
/home/vscode/.local/lib/python3.10/site-packages/airflow/example_dags/example_task_group.py                                                                1           0  0.10s           2026-01-03T13:54:06
/home/vscode/.local/lib/python3.10/site-packages/airflow/example_dags/example_latest_only.py                                                               1           0  0.10s           2026-01-03T13:53:45
/home/vscode/.local/lib/python3.10/site-packages/airflow/example_dags/example_skip_dag.py                                                                  1           0  0.10s           2026-01-03T13:54:12
/home/vscode/.local/lib/python3.10/site-packages/airflow/example_dags/example_sla_dag.py                                                                   1           0  0.10s           2026-01-03T13:54:13
/home/vscode/.local/lib/python3.10/site-packages/airflow/example_dags/example_trigger_target_dag.py                                                        1           0  0.10s           2026-01-03T13:54:01
/home/vscode/.local/lib/python3.10/site-packages/airflow/example_dags/example_task_group_decorator.py                                                      1           0  0.10s           2026-01-03T13:54:07
/home/vscode/.local/lib/python3.10/site-packages/airflow/example_dags/example_complex.py                                                                   1           0  0.10s           2026-01-03T13:53:50
/home/vscode/.local/lib/python3.10/site-packages/airflow/example_dags/example_branch_day_of_week_operator.py                                               1           0  0.10s           2026-01-03T13:53:37
/home/vscode/.local/lib/python3.10/site-packages/airflow/example_dags/example_sensor_decorator.py                                                          1           0  0.10s           2026-01-03T13:53:36
/home/vscode/.local/lib/python3.10/site-packages/airflow/example_dags/tutorial.py                                                                          1           0  0.10s           2026-01-03T13:54:01
/home/vscode/.local/lib/python3.10/site-packages/airflow/example_dags/example_bash_operator.py                                                             1           0  0.10s           2026-01-03T13:53:54
/home/vscode/.local/lib/python3.10/site-packages/airflow/example_dags/example_branch_operator.py                                                           1           0  0.10s           2026-01-03T13:53:40
/home/vscode/.local/lib/python3.10/site-packages/airflow/example_dags/example_xcomargs.py                                                                  2           0  0.10s           2026-01-03T13:53:58
/home/vscode/.local/lib/python3.10/site-packages/airflow/example_dags/example_external_task_marker_dag.py                                                  2           0  0.10s           2026-01-03T13:53:51
/home/vscode/.local/lib/python3.10/site-packages/airflow/example_dags/example_subdag_operator.py                                                           3           0  0.10s           2026-01-03T13:54:03
/home/vscode/.local/lib/python3.10/site-packages/airflow/example_dags/example_branch_datetime_operator.py                                                  3           0  0.10s           2026-01-03T13:53:39
/home/vscode/.local/lib/python3.10/site-packages/airflow/example_dags/example_datasets.py                                                                  6           0  0.10s           2026-01-03T13:53:49
================================================================================
[2026-01-03T13:54:47.365+0000] {manager.py:889} INFO - 
================================================================================
DAG File Processing Stats

File Path                                                                                                                         PID    Runtime      # DAGs    # Errors  Last Runtime    Last Run
--------------------------------------------------------------------------------------------------------------------------------  -----  ---------  --------  ----------  --------------  -------------------
/home/vscode/.local/lib/python3.10/site-packages/airflow/example_dags/example_setup_teardown.py                                                            0           0  0.10s           2026-01-03T13:54:09
/home/vscode/.local/lib/python3.10/site-packages/airflow/example_dags/example_kubernetes_executor.py                                                       0           0  0.10s           2026-01-03T13:54:19
/home/vscode/.local/lib/python3.10/site-packages/airflow/example_dags/example_local_kubernetes_executor.py                                                 0           0  0.10s           2026-01-03T13:54:26
/home/vscode/.local/lib/python3.10/site-packages/airflow/example_dags/example_setup_teardown_taskflow.py                                                   0           0  0.10s           2026-01-03T13:54:14
/home/vscode/.local/lib/python3.10/site-packages/airflow/example_dags/plugins/workday.py                                                                   0           0  0.10s           2026-01-03T13:54:47
/home/vscode/.local/lib/python3.10/site-packages/airflow/example_dags/plugins/listener_plugin.py                                                           0           0  0.10s           2026-01-03T13:54:21
/home/vscode/.local/lib/python3.10/site-packages/airflow/example_dags/plugins/event_listener.py                                                            0           0  0.10s           2026-01-03T13:54:37
/home/vscode/.local/lib/python3.10/site-packages/airflow/example_dags/subdags/subdag.py                                                                    0           0  0.10s           2026-01-03T13:54:22
/home/vscode/.local/lib/python3.10/site-packages/airflow/example_dags/example_dag_decorator.py                                                             1           0  0.20s           2026-01-03T13:54:28
/home/vscode/.local/lib/python3.10/site-packages/airflow/example_dags/example_xcom.py                                                                      1           0  0.10s           2026-01-03T13:54:38
/home/vscode/.local/lib/python3.10/site-packages/airflow/example_dags/example_time_delta_sensor_async.py                                                   1           0  0.10s           2026-01-03T13:54:43
/home/vscode/.local/lib/python3.10/site-packages/airflow/example_dags/example_branch_operator_decorator.py                                                 1           0  0.10s           2026-01-03T13:54:44
/home/vscode/.local/lib/python3.10/site-packages/airflow/example_dags/example_branch_labels.py                                                             1           0  0.10s           2026-01-03T13:54:45
/home/vscode/.local/lib/python3.10/site-packages/airflow/example_dags/example_dynamic_task_mapping_with_no_taskflow_operators.py                           1           0  0.10s           2026-01-03T13:54:29
/home/vscode/.local/lib/python3.10/site-packages/airflow/example_dags/example_passing_params_via_test_command.py                                           1           0  0.10s           2026-01-03T13:54:15
/home/vscode/.local/lib/python3.10/site-packages/airflow/example_dags/example_short_circuit_operator.py                                                    1           0  0.10s           2026-01-03T13:54:10
/home/vscode/.local/lib/python3.10/site-packages/airflow/example_dags/tutorial_taskflow_api.py                                                             1           0  0.10s           2026-01-03T13:54:39
/home/vscode/.local/lib/python3.10/site-packages/airflow/example_dags/example_latest_only_with_trigger.py                                                  1           0  0.10s           2026-01-03T13:54:23
/home/vscode/.local/lib/python3.10/site-packages/airflow/example_dags/example_short_circuit_decorator.py                                                   1           0  0.10s           2026-01-03T13:54:11
/home/vscode/.local/lib/python3.10/site-packages/airflow/example_dags/tutorial_dag.py                                                                      1           0  0.10s           2026-01-03T13:54:41
/home/vscode/.local/lib/python3.10/site-packages/airflow/example_dags/example_params_ui_tutorial.py                                                        1           0  0.10s           2026-01-03T13:54:16
/home/vscode/.local/lib/python3.10/site-packages/airflow/example_dags/example_trigger_controller_dag.py                                                    1           0  0.10s           2026-01-03T13:54:44
/home/vscode/.local/lib/python3.10/site-packages/airflow/example_dags/tutorial_taskflow_api_virtualenv.py                                                  1           0  0.11s           2026-01-03T13:54:36
/home/vscode/.local/lib/python3.10/site-packages/airflow/example_dags/example_sensors.py                                                                   1           0  0.10s           2026-01-03T13:54:17
/home/vscode/.local/lib/python3.10/site-packages/airflow/example_dags/example_dynamic_task_mapping.py                                                      1           0  0.10s           2026-01-03T13:54:30
/home/vscode/.local/lib/python3.10/site-packages/airflow/example_dags/example_params_trigger_ui.py                                                         1           0  0.10s           2026-01-03T13:54:24
/home/vscode/.local/lib/python3.10/site-packages/airflow/example_dags/example_branch_python_dop_operator_3.py                                              1           0  0.11s           2026-01-03T13:54:07
/home/vscode/.local/lib/python3.10/site-packages/airflow/example_dags/example_nested_branch_dag.py                                                         1           0  0.10s           2026-01-03T13:54:25
/home/vscode/.local/lib/python3.10/site-packages/airflow/example_dags/example_python_operator.py                                                           1           0  0.10s           2026-01-03T13:54:18
/home/vscode/.local/lib/python3.10/site-packages/airflow/example_dags/example_task_group.py                                                                1           0  0.10s           2026-01-03T13:54:06
/home/vscode/.local/lib/python3.10/site-packages/airflow/example_dags/example_latest_only.py                                                               1           0  0.10s           2026-01-03T13:54:27
/home/vscode/.local/lib/python3.10/site-packages/airflow/example_dags/example_skip_dag.py                                                                  1           0  0.10s           2026-01-03T13:54:12
/home/vscode/.local/lib/python3.10/site-packages/airflow/example_dags/example_sla_dag.py                                                                   1           0  0.10s           2026-01-03T13:54:13
/home/vscode/.local/lib/python3.10/site-packages/airflow/example_dags/example_trigger_target_dag.py                                                        1           0  0.10s           2026-01-03T13:54:42
/home/vscode/.local/lib/python3.10/site-packages/airflow/example_dags/example_task_group_decorator.py                                                      1           0  0.10s           2026-01-03T13:54:07
/home/vscode/.local/lib/python3.10/site-packages/airflow/example_dags/example_complex.py                                                                   1           0  0.10s           2026-01-03T13:54:32
/home/vscode/.local/lib/python3.10/site-packages/airflow/example_dags/example_branch_day_of_week_operator.py                                               1           0  0.10s           2026-01-03T13:54:20
/home/vscode/.local/lib/python3.10/site-packages/airflow/example_dags/example_sensor_decorator.py                                                          1           0  0.10s           2026-01-03T13:54:18
/home/vscode/.local/lib/python3.10/site-packages/airflow/example_dags/tutorial.py                                                                          1           0  0.10s           2026-01-03T13:54:43
/home/vscode/.local/lib/python3.10/site-packages/airflow/example_dags/example_bash_operator.py                                                             1           0  0.10s           2026-01-03T13:54:46
/home/vscode/.local/lib/python3.10/site-packages/airflow/example_dags/example_branch_operator.py                                                           1           0  0.20s           2026-01-03T13:54:34
/home/vscode/.local/lib/python3.10/site-packages/airflow/example_dags/example_xcomargs.py                                                                  2           0  0.10s           2026-01-03T13:54:38
/home/vscode/.local/lib/python3.10/site-packages/airflow/example_dags/example_external_task_marker_dag.py                                                  2           0  0.10s           2026-01-03T13:54:33
/home/vscode/.local/lib/python3.10/site-packages/airflow/example_dags/example_subdag_operator.py                                                           3           0  0.10s           2026-01-03T13:54:44
/home/vscode/.local/lib/python3.10/site-packages/airflow/example_dags/example_branch_datetime_operator.py                                                  3           0  0.10s           2026-01-03T13:54:33
/home/vscode/.local/lib/python3.10/site-packages/airflow/example_dags/example_datasets.py                                                                  6           0  0.10s           2026-01-03T13:54:32
================================================================================
[2026-01-03T13:55:17.636+0000] {manager.py:889} INFO - 
================================================================================
DAG File Processing Stats

File Path                                                                                                                         PID    Runtime      # DAGs    # Errors  Last Runtime    Last Run
--------------------------------------------------------------------------------------------------------------------------------  -----  ---------  --------  ----------  --------------  -------------------
/home/vscode/.local/lib/python3.10/site-packages/airflow/example_dags/example_setup_teardown.py                                                            0           0  0.10s           2026-01-03T13:54:49
/home/vscode/.local/lib/python3.10/site-packages/airflow/example_dags/example_kubernetes_executor.py                                                       0           0  0.10s           2026-01-03T13:55:02
/home/vscode/.local/lib/python3.10/site-packages/airflow/example_dags/example_local_kubernetes_executor.py                                                 0           0  0.10s           2026-01-03T13:55:06
/home/vscode/.local/lib/python3.10/site-packages/airflow/example_dags/example_setup_teardown_taskflow.py                                                   0           0  0.10s           2026-01-03T13:54:54
/home/vscode/.local/lib/python3.10/site-packages/airflow/example_dags/plugins/workday.py                                                                   0           0  0.10s           2026-01-03T13:54:47
/home/vscode/.local/lib/python3.10/site-packages/airflow/example_dags/plugins/listener_plugin.py                                                           0           0  0.10s           2026-01-03T13:54:59
/home/vscode/.local/lib/python3.10/site-packages/airflow/example_dags/plugins/event_listener.py                                                            0           0  0.10s           2026-01-03T13:55:11
/home/vscode/.local/lib/python3.10/site-packages/airflow/example_dags/subdags/subdag.py                                                                    0           0  0.10s           2026-01-03T13:54:59
/home/vscode/.local/lib/python3.10/site-packages/airflow/example_dags/example_dag_decorator.py                                                             1           0  0.20s           2026-01-03T13:55:09
/home/vscode/.local/lib/python3.10/site-packages/airflow/example_dags/example_xcom.py                                                                      1           0  0.10s           2026-01-03T13:55:12
/home/vscode/.local/lib/python3.10/site-packages/airflow/example_dags/example_time_delta_sensor_async.py                                                   1           0  0.10s           2026-01-03T13:54:43
/home/vscode/.local/lib/python3.10/site-packages/airflow/example_dags/example_branch_operator_decorator.py                                                 1           0  0.10s           2026-01-03T13:54:44
/home/vscode/.local/lib/python3.10/site-packages/airflow/example_dags/example_branch_labels.py                                                             1           0  0.10s           2026-01-03T13:54:45
/home/vscode/.local/lib/python3.10/site-packages/airflow/example_dags/example_dynamic_task_mapping_with_no_taskflow_operators.py                           1           0  0.10s           2026-01-03T13:55:15
/home/vscode/.local/lib/python3.10/site-packages/airflow/example_dags/example_passing_params_via_test_command.py                                           1           0  0.10s           2026-01-03T13:54:55
/home/vscode/.local/lib/python3.10/site-packages/airflow/example_dags/example_short_circuit_operator.py                                                    1           0  0.10s           2026-01-03T13:54:50
/home/vscode/.local/lib/python3.10/site-packages/airflow/example_dags/tutorial_taskflow_api.py                                                             1           0  0.10s           2026-01-03T13:55:14
/home/vscode/.local/lib/python3.10/site-packages/airflow/example_dags/example_latest_only_with_trigger.py                                                  1           0  0.10s           2026-01-03T13:55:03
/home/vscode/.local/lib/python3.10/site-packages/airflow/example_dags/example_short_circuit_decorator.py                                                   1           0  0.10s           2026-01-03T13:54:51
/home/vscode/.local/lib/python3.10/site-packages/airflow/example_dags/tutorial_dag.py                                                                      1           0  0.10s           2026-01-03T13:54:41
/home/vscode/.local/lib/python3.10/site-packages/airflow/example_dags/example_params_ui_tutorial.py                                                        1           0  0.10s           2026-01-03T13:54:56
/home/vscode/.local/lib/python3.10/site-packages/airflow/example_dags/example_trigger_controller_dag.py                                                    1           0  0.10s           2026-01-03T13:54:44
/home/vscode/.local/lib/python3.10/site-packages/airflow/example_dags/tutorial_taskflow_api_virtualenv.py                                                  1           0  0.10s           2026-01-03T13:55:10
/home/vscode/.local/lib/python3.10/site-packages/airflow/example_dags/example_sensors.py                                                                   1           0  0.10s           2026-01-03T13:54:57
/home/vscode/.local/lib/python3.10/site-packages/airflow/example_dags/example_dynamic_task_mapping.py                                                      1           0  0.10s           2026-01-03T13:55:16
/home/vscode/.local/lib/python3.10/site-packages/airflow/example_dags/example_params_trigger_ui.py                                                         1           0  0.10s           2026-01-03T13:55:04
/home/vscode/.local/lib/python3.10/site-packages/airflow/example_dags/example_branch_python_dop_operator_3.py                                              1           0  0.10s           2026-01-03T13:54:58
/home/vscode/.local/lib/python3.10/site-packages/airflow/example_dags/example_nested_branch_dag.py                                                         1           0  0.10s           2026-01-03T13:55:05
/home/vscode/.local/lib/python3.10/site-packages/airflow/example_dags/example_python_operator.py                                                           1           0  0.10s           2026-01-03T13:55:00
/home/vscode/.local/lib/python3.10/site-packages/airflow/example_dags/example_task_group.py                                                                1           0  0.10s           2026-01-03T13:54:48
/home/vscode/.local/lib/python3.10/site-packages/airflow/example_dags/example_latest_only.py                                                               1           0  0.10s           2026-01-03T13:55:07
/home/vscode/.local/lib/python3.10/site-packages/airflow/example_dags/example_skip_dag.py                                                                  1           0  0.10s           2026-01-03T13:54:52
/home/vscode/.local/lib/python3.10/site-packages/airflow/example_dags/example_sla_dag.py                                                                   1           0  0.11s           2026-01-03T13:54:53
/home/vscode/.local/lib/python3.10/site-packages/airflow/example_dags/example_trigger_target_dag.py                                                        1           0  0.10s           2026-01-03T13:54:42
/home/vscode/.local/lib/python3.10/site-packages/airflow/example_dags/example_task_group_decorator.py                                                      1           0  0.10s           2026-01-03T13:54:48
/home/vscode/.local/lib/python3.10/site-packages/airflow/example_dags/example_complex.py                                                                   1           0  0.10s           2026-01-03T13:54:32
/home/vscode/.local/lib/python3.10/site-packages/airflow/example_dags/example_branch_day_of_week_operator.py                                               1           0  0.10s           2026-01-03T13:55:09
/home/vscode/.local/lib/python3.10/site-packages/airflow/example_dags/example_sensor_decorator.py                                                          1           0  0.10s           2026-01-03T13:55:01
/home/vscode/.local/lib/python3.10/site-packages/airflow/example_dags/tutorial.py                                                                          1           0  0.10s           2026-01-03T13:54:43
/home/vscode/.local/lib/python3.10/site-packages/airflow/example_dags/example_bash_operator.py                                                             1           0  0.10s           2026-01-03T13:54:46
/home/vscode/.local/lib/python3.10/site-packages/airflow/example_dags/example_branch_operator.py                                                           1           0  0.20s           2026-01-03T13:54:34
/home/vscode/.local/lib/python3.10/site-packages/airflow/example_dags/example_xcomargs.py                                                                  2           0  0.10s           2026-01-03T13:55:14
/home/vscode/.local/lib/python3.10/site-packages/airflow/example_dags/example_external_task_marker_dag.py                                                  2           0  0.10s           2026-01-03T13:54:33
/home/vscode/.local/lib/python3.10/site-packages/airflow/example_dags/example_subdag_operator.py                                                           3           0  0.10s           2026-01-03T13:54:44
/home/vscode/.local/lib/python3.10/site-packages/airflow/example_dags/example_branch_datetime_operator.py                                                  3           0  0.10s           2026-01-03T13:54:33
/home/vscode/.local/lib/python3.10/site-packages/airflow/example_dags/example_datasets.py                                                                  6           0  0.10s           2026-01-03T13:55:17
================================================================================
[2026-01-03T13:55:47.853+0000] {manager.py:889} INFO - 
================================================================================
DAG File Processing Stats

File Path                                                                                                                         PID    Runtime      # DAGs    # Errors  Last Runtime    Last Run
--------------------------------------------------------------------------------------------------------------------------------  -----  ---------  --------  ----------  --------------  -------------------
/home/vscode/.local/lib/python3.10/site-packages/airflow/example_dags/example_setup_teardown.py                                                            0           0  0.10s           2026-01-03T13:55:31
/home/vscode/.local/lib/python3.10/site-packages/airflow/example_dags/example_kubernetes_executor.py                                                       0           0  0.10s           2026-01-03T13:55:45
/home/vscode/.local/lib/python3.10/site-packages/airflow/example_dags/example_local_kubernetes_executor.py                                                 0           0  0.10s           2026-01-03T13:55:06
/home/vscode/.local/lib/python3.10/site-packages/airflow/example_dags/example_setup_teardown_taskflow.py                                                   0           0  0.10s           2026-01-03T13:55:40
/home/vscode/.local/lib/python3.10/site-packages/airflow/example_dags/plugins/workday.py                                                                   0           0  0.10s           2026-01-03T13:55:22
/home/vscode/.local/lib/python3.10/site-packages/airflow/example_dags/plugins/listener_plugin.py                                                           0           0  0.10s           2026-01-03T13:55:36
/home/vscode/.local/lib/python3.10/site-packages/airflow/example_dags/plugins/event_listener.py                                                            0           0  0.10s           2026-01-03T13:55:11
/home/vscode/.local/lib/python3.10/site-packages/airflow/example_dags/subdags/subdag.py                                                                    0           0  0.10s           2026-01-03T13:55:37
/home/vscode/.local/lib/python3.10/site-packages/airflow/example_dags/example_dag_decorator.py                                                             1           0  0.20s           2026-01-03T13:55:09
/home/vscode/.local/lib/python3.10/site-packages/airflow/example_dags/example_xcom.py                                                                      1           0  0.10s           2026-01-03T13:55:12
/home/vscode/.local/lib/python3.10/site-packages/airflow/example_dags/example_time_delta_sensor_async.py                                                   1           0  0.10s           2026-01-03T13:55:26
/home/vscode/.local/lib/python3.10/site-packages/airflow/example_dags/example_branch_operator_decorator.py                                                 1           0  0.10s           2026-01-03T13:55:33
/home/vscode/.local/lib/python3.10/site-packages/airflow/example_dags/example_branch_labels.py                                                             1           0  0.10s           2026-01-03T13:55:35
/home/vscode/.local/lib/python3.10/site-packages/airflow/example_dags/example_dynamic_task_mapping_with_no_taskflow_operators.py                           1           0  0.10s           2026-01-03T13:55:15
/home/vscode/.local/lib/python3.10/site-packages/airflow/example_dags/example_passing_params_via_test_command.py                                           1           0  0.11s           2026-01-03T13:55:41
/home/vscode/.local/lib/python3.10/site-packages/airflow/example_dags/example_short_circuit_operator.py                                                    1           0  0.10s           2026-01-03T13:55:32
/home/vscode/.local/lib/python3.10/site-packages/airflow/example_dags/tutorial_taskflow_api.py                                                             1           0  0.10s           2026-01-03T13:55:14
/home/vscode/.local/lib/python3.10/site-packages/airflow/example_dags/example_latest_only_with_trigger.py                                                  1           0  0.10s           2026-01-03T13:55:46
/home/vscode/.local/lib/python3.10/site-packages/airflow/example_dags/example_short_circuit_decorator.py                                                   1           0  0.10s           2026-01-03T13:55:32
/home/vscode/.local/lib/python3.10/site-packages/airflow/example_dags/tutorial_dag.py                                                                      1           0  0.10s           2026-01-03T13:55:23
/home/vscode/.local/lib/python3.10/site-packages/airflow/example_dags/example_params_ui_tutorial.py                                                        1           0  0.10s           2026-01-03T13:55:42
/home/vscode/.local/lib/python3.10/site-packages/airflow/example_dags/example_trigger_controller_dag.py                                                    1           0  0.10s           2026-01-03T13:55:28
/home/vscode/.local/lib/python3.10/site-packages/airflow/example_dags/tutorial_taskflow_api_virtualenv.py                                                  1           0  0.10s           2026-01-03T13:55:10
/home/vscode/.local/lib/python3.10/site-packages/airflow/example_dags/example_sensors.py                                                                   1           0  0.10s           2026-01-03T13:55:43
/home/vscode/.local/lib/python3.10/site-packages/airflow/example_dags/example_dynamic_task_mapping.py                                                      1           0  0.10s           2026-01-03T13:55:16
/home/vscode/.local/lib/python3.10/site-packages/airflow/example_dags/example_params_trigger_ui.py                                                         1           0  0.10s           2026-01-03T13:55:47
/home/vscode/.local/lib/python3.10/site-packages/airflow/example_dags/example_branch_python_dop_operator_3.py                                              1           0  0.10s           2026-01-03T13:54:58
/home/vscode/.local/lib/python3.10/site-packages/airflow/example_dags/example_nested_branch_dag.py                                                         1           0  0.10s           2026-01-03T13:55:05
/home/vscode/.local/lib/python3.10/site-packages/airflow/example_dags/example_python_operator.py                                                           1           0  0.10s           2026-01-03T13:55:44
/home/vscode/.local/lib/python3.10/site-packages/airflow/example_dags/example_task_group.py                                                                1           0  0.10s           2026-01-03T13:55:29
/home/vscode/.local/lib/python3.10/site-packages/airflow/example_dags/example_latest_only.py                                                               1           0  0.10s           2026-01-03T13:55:07
/home/vscode/.local/lib/python3.10/site-packages/airflow/example_dags/example_skip_dag.py                                                                  1           0  0.10s           2026-01-03T13:55:38
/home/vscode/.local/lib/python3.10/site-packages/airflow/example_dags/example_sla_dag.py                                                                   1           0  0.10s           2026-01-03T13:55:39
/home/vscode/.local/lib/python3.10/site-packages/airflow/example_dags/example_trigger_target_dag.py                                                        1           0  0.11s           2026-01-03T13:55:24
/home/vscode/.local/lib/python3.10/site-packages/airflow/example_dags/example_task_group_decorator.py                                                      1           0  0.10s           2026-01-03T13:55:30
/home/vscode/.local/lib/python3.10/site-packages/airflow/example_dags/example_complex.py                                                                   1           0  0.10s           2026-01-03T13:55:18
/home/vscode/.local/lib/python3.10/site-packages/airflow/example_dags/example_branch_day_of_week_operator.py                                               1           0  0.10s           2026-01-03T13:55:09
/home/vscode/.local/lib/python3.10/site-packages/airflow/example_dags/example_sensor_decorator.py                                                          1           0  0.10s           2026-01-03T13:55:44
/home/vscode/.local/lib/python3.10/site-packages/airflow/example_dags/tutorial.py                                                                          1           0  0.10s           2026-01-03T13:55:24
/home/vscode/.local/lib/python3.10/site-packages/airflow/example_dags/example_bash_operator.py                                                             1           0  0.10s           2026-01-03T13:55:35
/home/vscode/.local/lib/python3.10/site-packages/airflow/example_dags/example_branch_operator.py                                                           1           0  0.10s           2026-01-03T13:55:20
/home/vscode/.local/lib/python3.10/site-packages/airflow/example_dags/example_xcomargs.py                                                                  2           0  0.10s           2026-01-03T13:55:14
/home/vscode/.local/lib/python3.10/site-packages/airflow/example_dags/example_external_task_marker_dag.py                                                  2           0  0.10s           2026-01-03T13:55:19
/home/vscode/.local/lib/python3.10/site-packages/airflow/example_dags/example_subdag_operator.py                                                           3           0  0.10s           2026-01-03T13:55:27
/home/vscode/.local/lib/python3.10/site-packages/airflow/example_dags/example_branch_datetime_operator.py                                                  3           0  0.10s           2026-01-03T13:55:19
/home/vscode/.local/lib/python3.10/site-packages/airflow/example_dags/example_datasets.py                                                                  6           0  0.10s           2026-01-03T13:55:17
================================================================================
[2026-01-03T13:56:18.122+0000] {manager.py:889} INFO - 
================================================================================
DAG File Processing Stats

File Path                                                                                                                         PID    Runtime      # DAGs    # Errors  Last Runtime    Last Run
--------------------------------------------------------------------------------------------------------------------------------  -----  ---------  --------  ----------  --------------  -------------------
/home/vscode/.local/lib/python3.10/site-packages/airflow/example_dags/example_setup_teardown.py                                                            0           0  0.10s           2026-01-03T13:56:14
/home/vscode/.local/lib/python3.10/site-packages/airflow/example_dags/example_kubernetes_executor.py                                                       0           0  0.10s           2026-01-03T13:55:45
/home/vscode/.local/lib/python3.10/site-packages/airflow/example_dags/example_local_kubernetes_executor.py                                                 0           0  0.10s           2026-01-03T13:55:55
/home/vscode/.local/lib/python3.10/site-packages/airflow/example_dags/example_setup_teardown_taskflow.py                                                   0           0  0.10s           2026-01-03T13:55:40
/home/vscode/.local/lib/python3.10/site-packages/airflow/example_dags/plugins/workday.py                                                                   0           0  0.10s           2026-01-03T13:56:06
/home/vscode/.local/lib/python3.10/site-packages/airflow/example_dags/plugins/listener_plugin.py                                                           0           0  0.10s           2026-01-03T13:55:36
/home/vscode/.local/lib/python3.10/site-packages/airflow/example_dags/plugins/event_listener.py                                                            0           0  0.10s           2026-01-03T13:55:51
/home/vscode/.local/lib/python3.10/site-packages/airflow/example_dags/subdags/subdag.py                                                                    0           0  0.10s           2026-01-03T13:55:37
/home/vscode/.local/lib/python3.10/site-packages/airflow/example_dags/example_dag_decorator.py                                                             1           0  0.20s           2026-01-03T13:55:58
/home/vscode/.local/lib/python3.10/site-packages/airflow/example_dags/example_xcom.py                                                                      1           0  0.10s           2026-01-03T13:55:53
/home/vscode/.local/lib/python3.10/site-packages/airflow/example_dags/example_time_delta_sensor_async.py                                                   1           0  0.10s           2026-01-03T13:56:09
/home/vscode/.local/lib/python3.10/site-packages/airflow/example_dags/example_branch_operator_decorator.py                                                 1           0  0.10s           2026-01-03T13:56:17
/home/vscode/.local/lib/python3.10/site-packages/airflow/example_dags/example_branch_labels.py                                                             1           0  0.10s           2026-01-03T13:56:18
/home/vscode/.local/lib/python3.10/site-packages/airflow/example_dags/example_dynamic_task_mapping_with_no_taskflow_operators.py                           1           0  0.10s           2026-01-03T13:55:59
/home/vscode/.local/lib/python3.10/site-packages/airflow/example_dags/example_passing_params_via_test_command.py                                           1           0  0.11s           2026-01-03T13:55:41
/home/vscode/.local/lib/python3.10/site-packages/airflow/example_dags/example_short_circuit_operator.py                                                    1           0  0.10s           2026-01-03T13:56:15
/home/vscode/.local/lib/python3.10/site-packages/airflow/example_dags/tutorial_taskflow_api.py                                                             1           0  0.10s           2026-01-03T13:55:55
/home/vscode/.local/lib/python3.10/site-packages/airflow/example_dags/example_latest_only_with_trigger.py                                                  1           0  0.10s           2026-01-03T13:55:46
/home/vscode/.local/lib/python3.10/site-packages/airflow/example_dags/example_short_circuit_decorator.py                                                   1           0  0.10s           2026-01-03T13:56:16
/home/vscode/.local/lib/python3.10/site-packages/airflow/example_dags/tutorial_dag.py                                                                      1           0  0.10s           2026-01-03T13:56:07
/home/vscode/.local/lib/python3.10/site-packages/airflow/example_dags/example_params_ui_tutorial.py                                                        1           0  0.10s           2026-01-03T13:55:42
/home/vscode/.local/lib/python3.10/site-packages/airflow/example_dags/example_trigger_controller_dag.py                                                    1           0  0.10s           2026-01-03T13:56:11
/home/vscode/.local/lib/python3.10/site-packages/airflow/example_dags/tutorial_taskflow_api_virtualenv.py                                                  1           0  0.11s           2026-01-03T13:55:50
/home/vscode/.local/lib/python3.10/site-packages/airflow/example_dags/example_sensors.py                                                                   1           0  0.10s           2026-01-03T13:55:43
/home/vscode/.local/lib/python3.10/site-packages/airflow/example_dags/example_dynamic_task_mapping.py                                                      1           0  0.10s           2026-01-03T13:55:59
/home/vscode/.local/lib/python3.10/site-packages/airflow/example_dags/example_params_trigger_ui.py                                                         1           0  0.10s           2026-01-03T13:55:47
/home/vscode/.local/lib/python3.10/site-packages/airflow/example_dags/example_branch_python_dop_operator_3.py                                              1           0  0.10s           2026-01-03T13:55:49
/home/vscode/.local/lib/python3.10/site-packages/airflow/example_dags/example_nested_branch_dag.py                                                         1           0  0.10s           2026-01-03T13:55:48
/home/vscode/.local/lib/python3.10/site-packages/airflow/example_dags/example_python_operator.py                                                           1           0  0.10s           2026-01-03T13:55:44
/home/vscode/.local/lib/python3.10/site-packages/airflow/example_dags/example_task_group.py                                                                1           0  0.10s           2026-01-03T13:56:12
/home/vscode/.local/lib/python3.10/site-packages/airflow/example_dags/example_latest_only.py                                                               1           0  0.10s           2026-01-03T13:55:56
/home/vscode/.local/lib/python3.10/site-packages/airflow/example_dags/example_skip_dag.py                                                                  1           0  0.10s           2026-01-03T13:55:38
/home/vscode/.local/lib/python3.10/site-packages/airflow/example_dags/example_sla_dag.py                                                                   1           0  0.10s           2026-01-03T13:55:39
/home/vscode/.local/lib/python3.10/site-packages/airflow/example_dags/example_trigger_target_dag.py                                                        1           0  0.10s           2026-01-03T13:56:08
/home/vscode/.local/lib/python3.10/site-packages/airflow/example_dags/example_task_group_decorator.py                                                      1           0  0.11s           2026-01-03T13:56:13
/home/vscode/.local/lib/python3.10/site-packages/airflow/example_dags/example_complex.py                                                                   1           0  0.10s           2026-01-03T13:56:02
/home/vscode/.local/lib/python3.10/site-packages/airflow/example_dags/example_branch_day_of_week_operator.py                                               1           0  0.10s           2026-01-03T13:56:04
/home/vscode/.local/lib/python3.10/site-packages/airflow/example_dags/example_sensor_decorator.py                                                          1           0  0.10s           2026-01-03T13:55:44
/home/vscode/.local/lib/python3.10/site-packages/airflow/example_dags/tutorial.py                                                                          1           0  0.10s           2026-01-03T13:56:09
/home/vscode/.local/lib/python3.10/site-packages/airflow/example_dags/example_bash_operator.py                                                             1           0  0.10s           2026-01-03T13:55:35
/home/vscode/.local/lib/python3.10/site-packages/airflow/example_dags/example_branch_operator.py                                                           1           0  0.10s           2026-01-03T13:55:20
/home/vscode/.local/lib/python3.10/site-packages/airflow/example_dags/example_xcomargs.py                                                                  2           0  0.10s           2026-01-03T13:55:54
/home/vscode/.local/lib/python3.10/site-packages/airflow/example_dags/example_external_task_marker_dag.py                                                  2           0  0.10s           2026-01-03T13:56:02
/home/vscode/.local/lib/python3.10/site-packages/airflow/example_dags/example_subdag_operator.py                                                           3           0  0.10s           2026-01-03T13:56:11
/home/vscode/.local/lib/python3.10/site-packages/airflow/example_dags/example_branch_datetime_operator.py                                                  3           0  0.10s           2026-01-03T13:56:05
/home/vscode/.local/lib/python3.10/site-packages/airflow/example_dags/example_datasets.py                                                                  6           0  0.10s           2026-01-03T13:56:00
================================================================================
[2026-01-03T13:56:48.268+0000] {manager.py:889} INFO - 
================================================================================
DAG File Processing Stats

File Path                                                                                                                         PID    Runtime      # DAGs    # Errors  Last Runtime    Last Run
--------------------------------------------------------------------------------------------------------------------------------  -----  ---------  --------  ----------  --------------  -------------------
/home/vscode/.local/lib/python3.10/site-packages/airflow/example_dags/example_setup_teardown.py                                                            0           0  0.10s           2026-01-03T13:56:14
/home/vscode/.local/lib/python3.10/site-packages/airflow/example_dags/example_kubernetes_executor.py                                                       0           0  0.10s           2026-01-03T13:56:31
/home/vscode/.local/lib/python3.10/site-packages/airflow/example_dags/example_local_kubernetes_executor.py                                                 0           0  0.10s           2026-01-03T13:56:39
/home/vscode/.local/lib/python3.10/site-packages/airflow/example_dags/example_setup_teardown_taskflow.py                                                   0           0  0.10s           2026-01-03T13:56:25
/home/vscode/.local/lib/python3.10/site-packages/airflow/example_dags/plugins/workday.py                                                                   0           0  0.10s           2026-01-03T13:56:48
/home/vscode/.local/lib/python3.10/site-packages/airflow/example_dags/plugins/listener_plugin.py                                                           0           0  0.10s           2026-01-03T13:56:21
/home/vscode/.local/lib/python3.10/site-packages/airflow/example_dags/plugins/event_listener.py                                                            0           0  0.10s           2026-01-03T13:56:35
/home/vscode/.local/lib/python3.10/site-packages/airflow/example_dags/subdags/subdag.py                                                                    0           0  0.10s           2026-01-03T13:56:21
/home/vscode/.local/lib/python3.10/site-packages/airflow/example_dags/example_dag_decorator.py                                                             1           0  0.20s           2026-01-03T13:56:41
/home/vscode/.local/lib/python3.10/site-packages/airflow/example_dags/example_xcom.py                                                                      1           0  0.10s           2026-01-03T13:56:36
/home/vscode/.local/lib/python3.10/site-packages/airflow/example_dags/example_time_delta_sensor_async.py                                                   1           0  0.10s           2026-01-03T13:56:09
/home/vscode/.local/lib/python3.10/site-packages/airflow/example_dags/example_branch_operator_decorator.py                                                 1           0  0.10s           2026-01-03T13:56:17
/home/vscode/.local/lib/python3.10/site-packages/airflow/example_dags/example_branch_labels.py                                                             1           0  0.10s           2026-01-03T13:56:18
/home/vscode/.local/lib/python3.10/site-packages/airflow/example_dags/example_dynamic_task_mapping_with_no_taskflow_operators.py                           1           0  0.10s           2026-01-03T13:56:42
/home/vscode/.local/lib/python3.10/site-packages/airflow/example_dags/example_passing_params_via_test_command.py                                           1           0  0.10s           2026-01-03T13:56:26
/home/vscode/.local/lib/python3.10/site-packages/airflow/example_dags/example_short_circuit_operator.py                                                    1           0  0.10s           2026-01-03T13:56:15
/home/vscode/.local/lib/python3.10/site-packages/airflow/example_dags/tutorial_taskflow_api.py                                                             1           0  0.10s           2026-01-03T13:56:38
/home/vscode/.local/lib/python3.10/site-packages/airflow/example_dags/example_latest_only_with_trigger.py                                                  1           0  0.11s           2026-01-03T13:56:31
/home/vscode/.local/lib/python3.10/site-packages/airflow/example_dags/example_short_circuit_decorator.py                                                   1           0  0.10s           2026-01-03T13:56:16
/home/vscode/.local/lib/python3.10/site-packages/airflow/example_dags/tutorial_dag.py                                                                      1           0  0.10s           2026-01-03T13:56:07
/home/vscode/.local/lib/python3.10/site-packages/airflow/example_dags/example_params_ui_tutorial.py                                                        1           0  0.10s           2026-01-03T13:56:27
/home/vscode/.local/lib/python3.10/site-packages/airflow/example_dags/example_trigger_controller_dag.py                                                    1           0  0.10s           2026-01-03T13:56:11
/home/vscode/.local/lib/python3.10/site-packages/airflow/example_dags/tutorial_taskflow_api_virtualenv.py                                                  1           0  0.10s           2026-01-03T13:56:22
/home/vscode/.local/lib/python3.10/site-packages/airflow/example_dags/example_sensors.py                                                                   1           0  0.10s           2026-01-03T13:56:28
/home/vscode/.local/lib/python3.10/site-packages/airflow/example_dags/example_dynamic_task_mapping.py                                                      1           0  0.10s           2026-01-03T13:56:43
/home/vscode/.local/lib/python3.10/site-packages/airflow/example_dags/example_params_trigger_ui.py                                                         1           0  0.10s           2026-01-03T13:56:32
/home/vscode/.local/lib/python3.10/site-packages/airflow/example_dags/example_branch_python_dop_operator_3.py                                              1           0  0.10s           2026-01-03T13:56:34
/home/vscode/.local/lib/python3.10/site-packages/airflow/example_dags/example_nested_branch_dag.py                                                         1           0  0.10s           2026-01-03T13:56:33
/home/vscode/.local/lib/python3.10/site-packages/airflow/example_dags/example_python_operator.py                                                           1           0  0.11s           2026-01-03T13:56:29
/home/vscode/.local/lib/python3.10/site-packages/airflow/example_dags/example_task_group.py                                                                1           0  0.10s           2026-01-03T13:56:12
/home/vscode/.local/lib/python3.10/site-packages/airflow/example_dags/example_latest_only.py                                                               1           0  0.10s           2026-01-03T13:56:40
/home/vscode/.local/lib/python3.10/site-packages/airflow/example_dags/example_skip_dag.py                                                                  1           0  0.10s           2026-01-03T13:56:23
/home/vscode/.local/lib/python3.10/site-packages/airflow/example_dags/example_sla_dag.py                                                                   1           0  0.10s           2026-01-03T13:56:24
/home/vscode/.local/lib/python3.10/site-packages/airflow/example_dags/example_trigger_target_dag.py                                                        1           0  0.10s           2026-01-03T13:56:08
/home/vscode/.local/lib/python3.10/site-packages/airflow/example_dags/example_task_group_decorator.py                                                      1           0  0.11s           2026-01-03T13:56:13
/home/vscode/.local/lib/python3.10/site-packages/airflow/example_dags/example_complex.py                                                                   1           0  0.10s           2026-01-03T13:56:44
/home/vscode/.local/lib/python3.10/site-packages/airflow/example_dags/example_branch_day_of_week_operator.py                                               1           0  0.10s           2026-01-03T13:56:45
/home/vscode/.local/lib/python3.10/site-packages/airflow/example_dags/example_sensor_decorator.py                                                          1           0  0.10s           2026-01-03T13:56:30
/home/vscode/.local/lib/python3.10/site-packages/airflow/example_dags/tutorial.py                                                                          1           0  0.10s           2026-01-03T13:56:09
/home/vscode/.local/lib/python3.10/site-packages/airflow/example_dags/example_bash_operator.py                                                             1           0  0.10s           2026-01-03T13:56:20
/home/vscode/.local/lib/python3.10/site-packages/airflow/example_dags/example_branch_operator.py                                                           1           0  0.10s           2026-01-03T13:56:19
/home/vscode/.local/lib/python3.10/site-packages/airflow/example_dags/example_xcomargs.py                                                                  2           0  0.10s           2026-01-03T13:56:36
/home/vscode/.local/lib/python3.10/site-packages/airflow/example_dags/example_external_task_marker_dag.py                                                  2           0  0.10s           2026-01-03T13:56:44
/home/vscode/.local/lib/python3.10/site-packages/airflow/example_dags/example_subdag_operator.py                                                           3           0  0.10s           2026-01-03T13:56:11
/home/vscode/.local/lib/python3.10/site-packages/airflow/example_dags/example_branch_datetime_operator.py                                                  3           0  0.10s           2026-01-03T13:56:47
/home/vscode/.local/lib/python3.10/site-packages/airflow/example_dags/example_datasets.py                                                                  6           0  0.10s           2026-01-03T13:56:44
================================================================================
[2026-01-03T13:57:18.537+0000] {manager.py:889} INFO - 
================================================================================
DAG File Processing Stats

File Path                                                                                                                         PID    Runtime      # DAGs    # Errors  Last Runtime    Last Run
--------------------------------------------------------------------------------------------------------------------------------  -----  ---------  --------  ----------  --------------  -------------------
/home/vscode/.local/lib/python3.10/site-packages/airflow/example_dags/example_setup_teardown.py                                                            0           0  0.10s           2026-01-03T13:56:57
/home/vscode/.local/lib/python3.10/site-packages/airflow/example_dags/example_kubernetes_executor.py                                                       0           0  0.10s           2026-01-03T13:57:13
/home/vscode/.local/lib/python3.10/site-packages/airflow/example_dags/example_local_kubernetes_executor.py                                                 0           0  0.10s           2026-01-03T13:56:39
/home/vscode/.local/lib/python3.10/site-packages/airflow/example_dags/example_setup_teardown_taskflow.py                                                   0           0  0.10s           2026-01-03T13:57:07
/home/vscode/.local/lib/python3.10/site-packages/airflow/example_dags/plugins/workday.py                                                                   0           0  0.10s           2026-01-03T13:56:48
/home/vscode/.local/lib/python3.10/site-packages/airflow/example_dags/plugins/listener_plugin.py                                                           0           0  0.10s           2026-01-03T13:57:02
/home/vscode/.local/lib/python3.10/site-packages/airflow/example_dags/plugins/event_listener.py                                                            0           0  0.10s           2026-01-03T13:57:17
/home/vscode/.local/lib/python3.10/site-packages/airflow/example_dags/subdags/subdag.py                                                                    0           0  0.10s           2026-01-03T13:57:03
/home/vscode/.local/lib/python3.10/site-packages/airflow/example_dags/example_dag_decorator.py                                                             1           0  0.20s           2026-01-03T13:56:41
/home/vscode/.local/lib/python3.10/site-packages/airflow/example_dags/example_xcom.py                                                                      1           0  0.10s           2026-01-03T13:57:18
/home/vscode/.local/lib/python3.10/site-packages/airflow/example_dags/example_time_delta_sensor_async.py                                                   1           0  0.10s           2026-01-03T13:56:52
/home/vscode/.local/lib/python3.10/site-packages/airflow/example_dags/example_branch_operator_decorator.py                                                 1           0  0.10s           2026-01-03T13:57:00
/home/vscode/.local/lib/python3.10/site-packages/airflow/example_dags/example_branch_labels.py                                                             1           0  0.10s           2026-01-03T13:57:01
/home/vscode/.local/lib/python3.10/site-packages/airflow/example_dags/example_dynamic_task_mapping_with_no_taskflow_operators.py                           1           0  0.10s           2026-01-03T13:56:42
/home/vscode/.local/lib/python3.10/site-packages/airflow/example_dags/example_passing_params_via_test_command.py                                           1           0  0.10s           2026-01-03T13:57:08
/home/vscode/.local/lib/python3.10/site-packages/airflow/example_dags/example_short_circuit_operator.py                                                    1           0  0.10s           2026-01-03T13:56:58
/home/vscode/.local/lib/python3.10/site-packages/airflow/example_dags/tutorial_taskflow_api.py                                                             1           0  0.10s           2026-01-03T13:56:38
/home/vscode/.local/lib/python3.10/site-packages/airflow/example_dags/example_latest_only_with_trigger.py                                                  1           0  0.10s           2026-01-03T13:57:15
/home/vscode/.local/lib/python3.10/site-packages/airflow/example_dags/example_short_circuit_decorator.py                                                   1           0  0.10s           2026-01-03T13:56:59
/home/vscode/.local/lib/python3.10/site-packages/airflow/example_dags/tutorial_dag.py                                                                      1           0  0.10s           2026-01-03T13:56:49
/home/vscode/.local/lib/python3.10/site-packages/airflow/example_dags/example_params_ui_tutorial.py                                                        1           0  0.10s           2026-01-03T13:57:09
/home/vscode/.local/lib/python3.10/site-packages/airflow/example_dags/example_trigger_controller_dag.py                                                    1           0  0.10s           2026-01-03T13:56:54
/home/vscode/.local/lib/python3.10/site-packages/airflow/example_dags/tutorial_taskflow_api_virtualenv.py                                                  1           0  0.10s           2026-01-03T13:57:04
/home/vscode/.local/lib/python3.10/site-packages/airflow/example_dags/example_sensors.py                                                                   1           0  0.10s           2026-01-03T13:57:10
/home/vscode/.local/lib/python3.10/site-packages/airflow/example_dags/example_dynamic_task_mapping.py                                                      1           0  0.10s           2026-01-03T13:56:43
/home/vscode/.local/lib/python3.10/site-packages/airflow/example_dags/example_params_trigger_ui.py                                                         1           0  0.10s           2026-01-03T13:56:32
/home/vscode/.local/lib/python3.10/site-packages/airflow/example_dags/example_branch_python_dop_operator_3.py                                              1           0  0.10s           2026-01-03T13:56:34
/home/vscode/.local/lib/python3.10/site-packages/airflow/example_dags/example_nested_branch_dag.py                                                         1           0  0.10s           2026-01-03T13:56:33
/home/vscode/.local/lib/python3.10/site-packages/airflow/example_dags/example_python_operator.py                                                           1           0  0.10s           2026-01-03T13:57:11
/home/vscode/.local/lib/python3.10/site-packages/airflow/example_dags/example_task_group.py                                                                1           0  0.10s           2026-01-03T13:56:55
/home/vscode/.local/lib/python3.10/site-packages/airflow/example_dags/example_latest_only.py                                                               1           0  0.10s           2026-01-03T13:56:40
/home/vscode/.local/lib/python3.10/site-packages/airflow/example_dags/example_skip_dag.py                                                                  1           0  0.10s           2026-01-03T13:57:05
/home/vscode/.local/lib/python3.10/site-packages/airflow/example_dags/example_sla_dag.py                                                                   1           0  0.10s           2026-01-03T13:57:06
/home/vscode/.local/lib/python3.10/site-packages/airflow/example_dags/example_trigger_target_dag.py                                                        1           0  0.10s           2026-01-03T13:56:50
/home/vscode/.local/lib/python3.10/site-packages/airflow/example_dags/example_task_group_decorator.py                                                      1           0  0.10s           2026-01-03T13:56:56
/home/vscode/.local/lib/python3.10/site-packages/airflow/example_dags/example_complex.py                                                                   1           0  0.10s           2026-01-03T13:56:44
/home/vscode/.local/lib/python3.10/site-packages/airflow/example_dags/example_branch_day_of_week_operator.py                                               1           0  0.10s           2026-01-03T13:56:45
/home/vscode/.local/lib/python3.10/site-packages/airflow/example_dags/example_sensor_decorator.py                                                          1           0  0.10s           2026-01-03T13:57:12
/home/vscode/.local/lib/python3.10/site-packages/airflow/example_dags/tutorial.py                                                                          1           0  0.10s           2026-01-03T13:56:51
/home/vscode/.local/lib/python3.10/site-packages/airflow/example_dags/example_bash_operator.py                                                             1           0  0.10s           2026-01-03T13:57:17
/home/vscode/.local/lib/python3.10/site-packages/airflow/example_dags/example_branch_operator.py                                                           1           0  0.10s           2026-01-03T13:57:16
/home/vscode/.local/lib/python3.10/site-packages/airflow/example_dags/example_xcomargs.py                                                                  2           0  0.10s           2026-01-03T13:56:36
/home/vscode/.local/lib/python3.10/site-packages/airflow/example_dags/example_external_task_marker_dag.py                                                  2           0  0.10s           2026-01-03T13:56:44
/home/vscode/.local/lib/python3.10/site-packages/airflow/example_dags/example_subdag_operator.py                                                           3           0  0.10s           2026-01-03T13:56:53
/home/vscode/.local/lib/python3.10/site-packages/airflow/example_dags/example_branch_datetime_operator.py                                                  3           0  0.10s           2026-01-03T13:56:47
/home/vscode/.local/lib/python3.10/site-packages/airflow/example_dags/example_datasets.py                                                                  6           0  0.10s           2026-01-03T13:56:44
================================================================================
[2026-01-03T13:57:48.765+0000] {manager.py:889} INFO - 
================================================================================
DAG File Processing Stats

File Path                                                                                                                         PID    Runtime      # DAGs    # Errors  Last Runtime    Last Run
--------------------------------------------------------------------------------------------------------------------------------  -----  ---------  --------  ----------  --------------  -------------------
/home/vscode/.local/lib/python3.10/site-packages/airflow/example_dags/example_setup_teardown.py                                                            0           0  0.10s           2026-01-03T13:57:43
/home/vscode/.local/lib/python3.10/site-packages/airflow/example_dags/example_kubernetes_executor.py                                                       0           0  0.10s           2026-01-03T13:57:13
/home/vscode/.local/lib/python3.10/site-packages/airflow/example_dags/example_local_kubernetes_executor.py                                                 0           0  0.10s           2026-01-03T13:57:24
/home/vscode/.local/lib/python3.10/site-packages/airflow/example_dags/example_setup_teardown_taskflow.py                                                   0           0  0.10s           2026-01-03T13:57:07
/home/vscode/.local/lib/python3.10/site-packages/airflow/example_dags/plugins/workday.py                                                                   0           0  0.10s           2026-01-03T13:57:33
/home/vscode/.local/lib/python3.10/site-packages/airflow/example_dags/plugins/listener_plugin.py                                                           0           0  0.10s           2026-01-03T13:57:34
/home/vscode/.local/lib/python3.10/site-packages/airflow/example_dags/plugins/event_listener.py                                                            0           0  0.10s           2026-01-03T13:57:48
/home/vscode/.local/lib/python3.10/site-packages/airflow/example_dags/subdags/subdag.py                                                                    0           0  0.11s           2026-01-03T13:57:35
/home/vscode/.local/lib/python3.10/site-packages/airflow/example_dags/example_dag_decorator.py                                                             1           0  0.20s           2026-01-03T13:57:26
/home/vscode/.local/lib/python3.10/site-packages/airflow/example_dags/example_xcom.py                                                                      1           0  0.10s           2026-01-03T13:57:18
/home/vscode/.local/lib/python3.10/site-packages/airflow/example_dags/example_time_delta_sensor_async.py                                                   1           0  0.10s           2026-01-03T13:57:39
/home/vscode/.local/lib/python3.10/site-packages/airflow/example_dags/example_branch_operator_decorator.py                                                 1           0  0.10s           2026-01-03T13:57:46
/home/vscode/.local/lib/python3.10/site-packages/airflow/example_dags/example_branch_labels.py                                                             1           0  0.10s           2026-01-03T13:57:47
/home/vscode/.local/lib/python3.10/site-packages/airflow/example_dags/example_dynamic_task_mapping_with_no_taskflow_operators.py                           1           0  0.10s           2026-01-03T13:57:27
/home/vscode/.local/lib/python3.10/site-packages/airflow/example_dags/example_passing_params_via_test_command.py                                           1           0  0.10s           2026-01-03T13:57:08
/home/vscode/.local/lib/python3.10/site-packages/airflow/example_dags/example_short_circuit_operator.py                                                    1           0  0.10s           2026-01-03T13:57:44
/home/vscode/.local/lib/python3.10/site-packages/airflow/example_dags/tutorial_taskflow_api.py                                                             1           0  0.10s           2026-01-03T13:57:20
/home/vscode/.local/lib/python3.10/site-packages/airflow/example_dags/example_latest_only_with_trigger.py                                                  1           0  0.10s           2026-01-03T13:57:15
/home/vscode/.local/lib/python3.10/site-packages/airflow/example_dags/example_short_circuit_decorator.py                                                   1           0  0.10s           2026-01-03T13:57:44
/home/vscode/.local/lib/python3.10/site-packages/airflow/example_dags/tutorial_dag.py                                                                      1           0  0.10s           2026-01-03T13:57:37
/home/vscode/.local/lib/python3.10/site-packages/airflow/example_dags/example_params_ui_tutorial.py                                                        1           0  0.10s           2026-01-03T13:57:09
/home/vscode/.local/lib/python3.10/site-packages/airflow/example_dags/example_trigger_controller_dag.py                                                    1           0  0.10s           2026-01-03T13:57:41
/home/vscode/.local/lib/python3.10/site-packages/airflow/example_dags/tutorial_taskflow_api_virtualenv.py                                                  1           0  0.10s           2026-01-03T13:57:48
/home/vscode/.local/lib/python3.10/site-packages/airflow/example_dags/example_sensors.py                                                                   1           0  0.10s           2026-01-03T13:57:10
/home/vscode/.local/lib/python3.10/site-packages/airflow/example_dags/example_dynamic_task_mapping.py                                                      1           0  0.10s           2026-01-03T13:57:28
/home/vscode/.local/lib/python3.10/site-packages/airflow/example_dags/example_params_trigger_ui.py                                                         1           0  0.11s           2026-01-03T13:57:21
/home/vscode/.local/lib/python3.10/site-packages/airflow/example_dags/example_branch_python_dop_operator_3.py                                              1           0  0.10s           2026-01-03T13:57:32
/home/vscode/.local/lib/python3.10/site-packages/airflow/example_dags/example_nested_branch_dag.py                                                         1           0  0.10s           2026-01-03T13:57:23
/home/vscode/.local/lib/python3.10/site-packages/airflow/example_dags/example_python_operator.py                                                           1           0  0.10s           2026-01-03T13:57:11
/home/vscode/.local/lib/python3.10/site-packages/airflow/example_dags/example_task_group.py                                                                1           0  0.10s           2026-01-03T13:57:42
/home/vscode/.local/lib/python3.10/site-packages/airflow/example_dags/example_latest_only.py                                                               1           0  0.10s           2026-01-03T13:57:25
/home/vscode/.local/lib/python3.10/site-packages/airflow/example_dags/example_skip_dag.py                                                                  1           0  0.10s           2026-01-03T13:57:05
/home/vscode/.local/lib/python3.10/site-packages/airflow/example_dags/example_sla_dag.py                                                                   1           0  0.10s           2026-01-03T13:57:06
/home/vscode/.local/lib/python3.10/site-packages/airflow/example_dags/example_trigger_target_dag.py                                                        1           0  0.10s           2026-01-03T13:57:38
/home/vscode/.local/lib/python3.10/site-packages/airflow/example_dags/example_task_group_decorator.py                                                      1           0  0.10s           2026-01-03T13:57:43
/home/vscode/.local/lib/python3.10/site-packages/airflow/example_dags/example_complex.py                                                                   1           0  0.10s           2026-01-03T13:57:30
/home/vscode/.local/lib/python3.10/site-packages/airflow/example_dags/example_branch_day_of_week_operator.py                                               1           0  0.10s           2026-01-03T13:57:33
/home/vscode/.local/lib/python3.10/site-packages/airflow/example_dags/example_sensor_decorator.py                                                          1           0  0.10s           2026-01-03T13:57:12
/home/vscode/.local/lib/python3.10/site-packages/airflow/example_dags/tutorial.py                                                                          1           0  0.10s           2026-01-03T13:57:38
/home/vscode/.local/lib/python3.10/site-packages/airflow/example_dags/example_bash_operator.py                                                             1           0  0.10s           2026-01-03T13:57:17
/home/vscode/.local/lib/python3.10/site-packages/airflow/example_dags/example_branch_operator.py                                                           1           0  0.10s           2026-01-03T13:57:16
/home/vscode/.local/lib/python3.10/site-packages/airflow/example_dags/example_xcomargs.py                                                                  2           0  0.10s           2026-01-03T13:57:19
/home/vscode/.local/lib/python3.10/site-packages/airflow/example_dags/example_external_task_marker_dag.py                                                  2           0  0.10s           2026-01-03T13:57:30
/home/vscode/.local/lib/python3.10/site-packages/airflow/example_dags/example_subdag_operator.py                                                           3           0  0.10s           2026-01-03T13:57:40
/home/vscode/.local/lib/python3.10/site-packages/airflow/example_dags/example_branch_datetime_operator.py                                                  3           0  0.10s           2026-01-03T13:57:33
/home/vscode/.local/lib/python3.10/site-packages/airflow/example_dags/example_datasets.py                                                                  6           0  0.10s           2026-01-03T13:57:29
================================================================================
[2026-01-03T13:58:18.997+0000] {manager.py:889} INFO - 
================================================================================
DAG File Processing Stats

File Path                                                                                                                         PID    Runtime      # DAGs    # Errors  Last Runtime    Last Run
--------------------------------------------------------------------------------------------------------------------------------  -----  ---------  --------  ----------  --------------  -------------------
/home/vscode/.local/lib/python3.10/site-packages/airflow/example_dags/example_setup_teardown.py                                                            0           0  0.10s           2026-01-03T13:57:43
/home/vscode/.local/lib/python3.10/site-packages/airflow/example_dags/example_kubernetes_executor.py                                                       0           0  0.10s           2026-01-03T13:57:57
/home/vscode/.local/lib/python3.10/site-packages/airflow/example_dags/example_local_kubernetes_executor.py                                                 0           0  0.10s           2026-01-03T13:58:05
/home/vscode/.local/lib/python3.10/site-packages/airflow/example_dags/example_setup_teardown_taskflow.py                                                   0           0  0.10s           2026-01-03T13:57:51
/home/vscode/.local/lib/python3.10/site-packages/airflow/example_dags/plugins/workday.py                                                                   0           0  0.10s           2026-01-03T13:58:13
/home/vscode/.local/lib/python3.10/site-packages/airflow/example_dags/plugins/listener_plugin.py                                                           0           0  0.10s           2026-01-03T13:58:14
/home/vscode/.local/lib/python3.10/site-packages/airflow/example_dags/plugins/event_listener.py                                                            0           0  0.10s           2026-01-03T13:57:48
/home/vscode/.local/lib/python3.10/site-packages/airflow/example_dags/subdags/subdag.py                                                                    0           0  0.10s           2026-01-03T13:58:15
/home/vscode/.local/lib/python3.10/site-packages/airflow/example_dags/example_dag_decorator.py                                                             1           0  0.20s           2026-01-03T13:58:07
/home/vscode/.local/lib/python3.10/site-packages/airflow/example_dags/example_xcom.py                                                                      1           0  0.10s           2026-01-03T13:58:01
/home/vscode/.local/lib/python3.10/site-packages/airflow/example_dags/example_time_delta_sensor_async.py                                                   1           0  0.10s           2026-01-03T13:57:39
/home/vscode/.local/lib/python3.10/site-packages/airflow/example_dags/example_branch_operator_decorator.py                                                 1           0  0.10s           2026-01-03T13:57:46
/home/vscode/.local/lib/python3.10/site-packages/airflow/example_dags/example_branch_labels.py                                                             1           0  0.10s           2026-01-03T13:57:47
/home/vscode/.local/lib/python3.10/site-packages/airflow/example_dags/example_dynamic_task_mapping_with_no_taskflow_operators.py                           1           0  0.10s           2026-01-03T13:58:08
/home/vscode/.local/lib/python3.10/site-packages/airflow/example_dags/example_passing_params_via_test_command.py                                           1           0  0.10s           2026-01-03T13:57:52
/home/vscode/.local/lib/python3.10/site-packages/airflow/example_dags/example_short_circuit_operator.py                                                    1           0  0.10s           2026-01-03T13:57:44
/home/vscode/.local/lib/python3.10/site-packages/airflow/example_dags/tutorial_taskflow_api.py                                                             1           0  0.10s           2026-01-03T13:58:03
/home/vscode/.local/lib/python3.10/site-packages/airflow/example_dags/example_latest_only_with_trigger.py                                                  1           0  0.10s           2026-01-03T13:57:58
/home/vscode/.local/lib/python3.10/site-packages/airflow/example_dags/example_short_circuit_decorator.py                                                   1           0  0.10s           2026-01-03T13:57:44
/home/vscode/.local/lib/python3.10/site-packages/airflow/example_dags/tutorial_dag.py                                                                      1           0  0.10s           2026-01-03T13:58:16
/home/vscode/.local/lib/python3.10/site-packages/airflow/example_dags/example_params_ui_tutorial.py                                                        1           0  0.10s           2026-01-03T13:57:53
/home/vscode/.local/lib/python3.10/site-packages/airflow/example_dags/example_trigger_controller_dag.py                                                    1           0  0.10s           2026-01-03T13:57:41
/home/vscode/.local/lib/python3.10/site-packages/airflow/example_dags/tutorial_taskflow_api_virtualenv.py                                                  1           0  0.10s           2026-01-03T13:57:48
/home/vscode/.local/lib/python3.10/site-packages/airflow/example_dags/example_sensors.py                                                                   1           0  0.10s           2026-01-03T13:57:53
/home/vscode/.local/lib/python3.10/site-packages/airflow/example_dags/example_dynamic_task_mapping.py                                                      1           0  0.10s           2026-01-03T13:58:09
/home/vscode/.local/lib/python3.10/site-packages/airflow/example_dags/example_params_trigger_ui.py                                                         1           0  0.10s           2026-01-03T13:58:03
/home/vscode/.local/lib/python3.10/site-packages/airflow/example_dags/example_branch_python_dop_operator_3.py                                              1           0  0.10s           2026-01-03T13:57:32
/home/vscode/.local/lib/python3.10/site-packages/airflow/example_dags/example_nested_branch_dag.py                                                         1           0  0.10s           2026-01-03T13:58:04
/home/vscode/.local/lib/python3.10/site-packages/airflow/example_dags/example_python_operator.py                                                           1           0  0.10s           2026-01-03T13:57:55
/home/vscode/.local/lib/python3.10/site-packages/airflow/example_dags/example_task_group.py                                                                1           0  0.10s           2026-01-03T13:57:42
/home/vscode/.local/lib/python3.10/site-packages/airflow/example_dags/example_latest_only.py                                                               1           0  0.10s           2026-01-03T13:58:06
/home/vscode/.local/lib/python3.10/site-packages/airflow/example_dags/example_skip_dag.py                                                                  1           0  0.10s           2026-01-03T13:57:49
/home/vscode/.local/lib/python3.10/site-packages/airflow/example_dags/example_sla_dag.py                                                                   1           0  0.10s           2026-01-03T13:57:51
/home/vscode/.local/lib/python3.10/site-packages/airflow/example_dags/example_trigger_target_dag.py                                                        1           0  0.10s           2026-01-03T13:58:17
/home/vscode/.local/lib/python3.10/site-packages/airflow/example_dags/example_task_group_decorator.py                                                      1           0  0.10s           2026-01-03T13:57:43
/home/vscode/.local/lib/python3.10/site-packages/airflow/example_dags/example_complex.py                                                                   1           0  0.10s           2026-01-03T13:58:11
/home/vscode/.local/lib/python3.10/site-packages/airflow/example_dags/example_branch_day_of_week_operator.py                                               1           0  0.10s           2026-01-03T13:57:33
/home/vscode/.local/lib/python3.10/site-packages/airflow/example_dags/example_sensor_decorator.py                                                          1           0  0.10s           2026-01-03T13:57:56
/home/vscode/.local/lib/python3.10/site-packages/airflow/example_dags/tutorial.py                                                                          1           0  0.10s           2026-01-03T13:58:18
/home/vscode/.local/lib/python3.10/site-packages/airflow/example_dags/example_bash_operator.py                                                             1           0  0.10s           2026-01-03T13:58:00
/home/vscode/.local/lib/python3.10/site-packages/airflow/example_dags/example_branch_operator.py                                                           1           0  0.10s           2026-01-03T13:57:59
/home/vscode/.local/lib/python3.10/site-packages/airflow/example_dags/example_xcomargs.py                                                                  2           0  0.10s           2026-01-03T13:58:02
/home/vscode/.local/lib/python3.10/site-packages/airflow/example_dags/example_external_task_marker_dag.py                                                  2           0  0.10s           2026-01-03T13:58:12
/home/vscode/.local/lib/python3.10/site-packages/airflow/example_dags/example_subdag_operator.py                                                           3           0  0.10s           2026-01-03T13:57:40
/home/vscode/.local/lib/python3.10/site-packages/airflow/example_dags/example_branch_datetime_operator.py                                                  3           0  0.10s           2026-01-03T13:57:33
/home/vscode/.local/lib/python3.10/site-packages/airflow/example_dags/example_datasets.py                                                                  6           0  0.10s           2026-01-03T13:58:10
================================================================================
[2026-01-03T13:58:43.955+0000] {manager.py:758} INFO - Searching for files in /workspaces/hands-on-introduction-data-engineering-4395021/airflow/dags
[2026-01-03T13:58:43.964+0000] {manager.py:761} INFO - There are 46 files in /workspaces/hands-on-introduction-data-engineering-4395021/airflow/dags
[2026-01-03T13:58:49.266+0000] {manager.py:889} INFO - 
================================================================================
DAG File Processing Stats

File Path                                                                                                                         PID    Runtime      # DAGs    # Errors  Last Runtime    Last Run
--------------------------------------------------------------------------------------------------------------------------------  -----  ---------  --------  ----------  --------------  -------------------
/home/vscode/.local/lib/python3.10/site-packages/airflow/example_dags/example_setup_teardown.py                                                            0           0  0.10s           2026-01-03T13:58:29
/home/vscode/.local/lib/python3.10/site-packages/airflow/example_dags/example_kubernetes_executor.py                                                       0           0  0.10s           2026-01-03T13:58:40
/home/vscode/.local/lib/python3.10/site-packages/airflow/example_dags/example_local_kubernetes_executor.py                                                 0           0  0.10s           2026-01-03T13:58:46
/home/vscode/.local/lib/python3.10/site-packages/airflow/example_dags/example_setup_teardown_taskflow.py                                                   0           0  0.10s           2026-01-03T13:58:34
/home/vscode/.local/lib/python3.10/site-packages/airflow/example_dags/plugins/workday.py                                                                   0           0  0.10s           2026-01-03T13:58:13
/home/vscode/.local/lib/python3.10/site-packages/airflow/example_dags/plugins/listener_plugin.py                                                           0           0  0.10s           2026-01-03T13:58:14
/home/vscode/.local/lib/python3.10/site-packages/airflow/example_dags/plugins/event_listener.py                                                            0           0  0.10s           2026-01-03T13:58:29
/home/vscode/.local/lib/python3.10/site-packages/airflow/example_dags/subdags/subdag.py                                                                    0           0  0.10s           2026-01-03T13:58:15
/home/vscode/.local/lib/python3.10/site-packages/airflow/example_dags/example_dag_decorator.py                                                             1           0  0.20s           2026-01-03T13:58:48
/home/vscode/.local/lib/python3.10/site-packages/airflow/example_dags/example_xcom.py                                                                      1           0  0.10s           2026-01-03T13:58:42
/home/vscode/.local/lib/python3.10/site-packages/airflow/example_dags/example_time_delta_sensor_async.py                                                   1           0  0.10s           2026-01-03T13:58:19
/home/vscode/.local/lib/python3.10/site-packages/airflow/example_dags/example_branch_operator_decorator.py                                                 1           0  0.10s           2026-01-03T13:58:41
/home/vscode/.local/lib/python3.10/site-packages/airflow/example_dags/example_branch_labels.py                                                             1           0  0.10s           2026-01-03T13:58:41
/home/vscode/.local/lib/python3.10/site-packages/airflow/example_dags/example_dynamic_task_mapping_with_no_taskflow_operators.py                           1           0  0.10s           2026-01-03T13:58:49
/home/vscode/.local/lib/python3.10/site-packages/airflow/example_dags/example_passing_params_via_test_command.py                                           1           0  0.10s           2026-01-03T13:58:35
/home/vscode/.local/lib/python3.10/site-packages/airflow/example_dags/example_short_circuit_operator.py                                                    1           0  0.10s           2026-01-03T13:58:31
/home/vscode/.local/lib/python3.10/site-packages/airflow/example_dags/tutorial_taskflow_api.py                                                             1           0  0.10s           2026-01-03T13:58:44
/home/vscode/.local/lib/python3.10/site-packages/airflow/example_dags/example_latest_only_with_trigger.py                                                  1           0  0.10s           2026-01-03T13:58:44
/home/vscode/.local/lib/python3.10/site-packages/airflow/example_dags/example_short_circuit_decorator.py                                                   1           0  0.10s           2026-01-03T13:58:31
/home/vscode/.local/lib/python3.10/site-packages/airflow/example_dags/tutorial_dag.py                                                                      1           0  0.10s           2026-01-03T13:58:16
/home/vscode/.local/lib/python3.10/site-packages/airflow/example_dags/example_params_ui_tutorial.py                                                        1           0  0.10s           2026-01-03T13:58:36
/home/vscode/.local/lib/python3.10/site-packages/airflow/example_dags/example_trigger_controller_dag.py                                                    1           0  0.10s           2026-01-03T13:58:21
/home/vscode/.local/lib/python3.10/site-packages/airflow/example_dags/tutorial_taskflow_api_virtualenv.py                                                  1           0  0.10s           2026-01-03T13:58:28
/home/vscode/.local/lib/python3.10/site-packages/airflow/example_dags/example_sensors.py                                                                   1           0  0.10s           2026-01-03T13:58:37
/home/vscode/.local/lib/python3.10/site-packages/airflow/example_dags/example_dynamic_task_mapping.py                                                      1           0  0.10s           2026-01-03T13:58:09
/home/vscode/.local/lib/python3.10/site-packages/airflow/example_dags/example_params_trigger_ui.py                                                         1           0  0.10s           2026-01-03T13:58:45
/home/vscode/.local/lib/python3.10/site-packages/airflow/example_dags/example_branch_python_dop_operator_3.py                                              1           0  0.10s           2026-01-03T13:58:24
/home/vscode/.local/lib/python3.10/site-packages/airflow/example_dags/example_nested_branch_dag.py                                                         1           0  0.10s           2026-01-03T13:58:45
/home/vscode/.local/lib/python3.10/site-packages/airflow/example_dags/example_python_operator.py                                                           1           0  0.10s           2026-01-03T13:58:38
/home/vscode/.local/lib/python3.10/site-packages/airflow/example_dags/example_task_group.py                                                                1           0  0.10s           2026-01-03T13:58:22
/home/vscode/.local/lib/python3.10/site-packages/airflow/example_dags/example_latest_only.py                                                               1           0  0.10s           2026-01-03T13:58:47
/home/vscode/.local/lib/python3.10/site-packages/airflow/example_dags/example_skip_dag.py                                                                  1           0  0.10s           2026-01-03T13:58:32
/home/vscode/.local/lib/python3.10/site-packages/airflow/example_dags/example_sla_dag.py                                                                   1           0  0.10s           2026-01-03T13:58:33
/home/vscode/.local/lib/python3.10/site-packages/airflow/example_dags/example_trigger_target_dag.py                                                        1           0  0.10s           2026-01-03T13:58:17
/home/vscode/.local/lib/python3.10/site-packages/airflow/example_dags/example_task_group_decorator.py                                                      1           0  0.10s           2026-01-03T13:58:23
/home/vscode/.local/lib/python3.10/site-packages/airflow/example_dags/example_complex.py                                                                   1           0  0.10s           2026-01-03T13:58:11
/home/vscode/.local/lib/python3.10/site-packages/airflow/example_dags/example_branch_day_of_week_operator.py                                               1           0  0.10s           2026-01-03T13:58:25
/home/vscode/.local/lib/python3.10/site-packages/airflow/example_dags/example_sensor_decorator.py                                                          1           0  0.10s           2026-01-03T13:58:39
/home/vscode/.local/lib/python3.10/site-packages/airflow/example_dags/tutorial.py                                                                          1           0  0.10s           2026-01-03T13:58:18
/home/vscode/.local/lib/python3.10/site-packages/airflow/example_dags/example_bash_operator.py                                                             1           0  0.10s           2026-01-03T13:58:00
/home/vscode/.local/lib/python3.10/site-packages/airflow/example_dags/example_branch_operator.py                                                           1           0  0.10s           2026-01-03T13:57:59
/home/vscode/.local/lib/python3.10/site-packages/airflow/example_dags/example_xcomargs.py                                                                  2           0  0.10s           2026-01-03T13:58:44
/home/vscode/.local/lib/python3.10/site-packages/airflow/example_dags/example_external_task_marker_dag.py                                                  2           0  0.10s           2026-01-03T13:58:12
/home/vscode/.local/lib/python3.10/site-packages/airflow/example_dags/example_subdag_operator.py                                                           3           0  0.10s           2026-01-03T13:58:20
/home/vscode/.local/lib/python3.10/site-packages/airflow/example_dags/example_branch_datetime_operator.py                                                  3           0  0.10s           2026-01-03T13:58:27
/home/vscode/.local/lib/python3.10/site-packages/airflow/example_dags/example_datasets.py                                                                  6           0  0.10s           2026-01-03T13:58:10
================================================================================
[2026-01-03T13:59:19.497+0000] {manager.py:889} INFO - 
================================================================================
DAG File Processing Stats

File Path                                                                                                                         PID    Runtime      # DAGs    # Errors  Last Runtime    Last Run
--------------------------------------------------------------------------------------------------------------------------------  -----  ---------  --------  ----------  --------------  -------------------
/home/vscode/.local/lib/python3.10/site-packages/airflow/example_dags/example_setup_teardown.py                                                            0           0  0.10s           2026-01-03T13:59:09
/home/vscode/.local/lib/python3.10/site-packages/airflow/example_dags/example_kubernetes_executor.py                                                       0           0  0.10s           2026-01-03T13:58:40
/home/vscode/.local/lib/python3.10/site-packages/airflow/example_dags/example_local_kubernetes_executor.py                                                 0           0  0.10s           2026-01-03T13:58:46
/home/vscode/.local/lib/python3.10/site-packages/airflow/example_dags/example_setup_teardown_taskflow.py                                                   0           0  0.10s           2026-01-03T13:59:13
/home/vscode/.local/lib/python3.10/site-packages/airflow/example_dags/plugins/workday.py                                                                   0           0  0.10s           2026-01-03T13:58:55
/home/vscode/.local/lib/python3.10/site-packages/airflow/example_dags/plugins/listener_plugin.py                                                           0           0  0.10s           2026-01-03T13:58:56
/home/vscode/.local/lib/python3.10/site-packages/airflow/example_dags/plugins/event_listener.py                                                            0           0  0.10s           2026-01-03T13:59:08
/home/vscode/.local/lib/python3.10/site-packages/airflow/example_dags/subdags/subdag.py                                                                    0           0  0.10s           2026-01-03T13:58:57
/home/vscode/.local/lib/python3.10/site-packages/airflow/example_dags/example_dag_decorator.py                                                             1           0  0.20s           2026-01-03T13:58:48
/home/vscode/.local/lib/python3.10/site-packages/airflow/example_dags/example_xcom.py                                                                      1           0  0.10s           2026-01-03T13:59:18
/home/vscode/.local/lib/python3.10/site-packages/airflow/example_dags/example_time_delta_sensor_async.py                                                   1           0  0.10s           2026-01-03T13:59:01
/home/vscode/.local/lib/python3.10/site-packages/airflow/example_dags/example_branch_operator_decorator.py                                                 1           0  0.10s           2026-01-03T13:58:41
/home/vscode/.local/lib/python3.10/site-packages/airflow/example_dags/example_branch_labels.py                                                             1           0  0.10s           2026-01-03T13:58:41
/home/vscode/.local/lib/python3.10/site-packages/airflow/example_dags/example_dynamic_task_mapping_with_no_taskflow_operators.py                           1           0  0.10s           2026-01-03T13:58:49
/home/vscode/.local/lib/python3.10/site-packages/airflow/example_dags/example_passing_params_via_test_command.py                                           1           0  0.10s           2026-01-03T13:59:14
/home/vscode/.local/lib/python3.10/site-packages/airflow/example_dags/example_short_circuit_operator.py                                                    1           0  0.10s           2026-01-03T13:59:10
/home/vscode/.local/lib/python3.10/site-packages/airflow/example_dags/tutorial_taskflow_api.py                                                             1           0  0.10s           2026-01-03T13:58:44
/home/vscode/.local/lib/python3.10/site-packages/airflow/example_dags/example_latest_only_with_trigger.py                                                  1           0  0.10s           2026-01-03T13:58:44
/home/vscode/.local/lib/python3.10/site-packages/airflow/example_dags/example_short_circuit_decorator.py                                                   1           0  0.10s           2026-01-03T13:59:10
/home/vscode/.local/lib/python3.10/site-packages/airflow/example_dags/tutorial_dag.py                                                                      1           0  0.10s           2026-01-03T13:58:58
/home/vscode/.local/lib/python3.10/site-packages/airflow/example_dags/example_params_ui_tutorial.py                                                        1           0  0.10s           2026-01-03T13:59:15
/home/vscode/.local/lib/python3.10/site-packages/airflow/example_dags/example_trigger_controller_dag.py                                                    1           0  0.10s           2026-01-03T13:59:03
/home/vscode/.local/lib/python3.10/site-packages/airflow/example_dags/tutorial_taskflow_api_virtualenv.py                                                  1           0  0.10s           2026-01-03T13:59:06
/home/vscode/.local/lib/python3.10/site-packages/airflow/example_dags/example_sensors.py                                                                   1           0  0.10s           2026-01-03T13:58:37
/home/vscode/.local/lib/python3.10/site-packages/airflow/example_dags/example_dynamic_task_mapping.py                                                      1           0  0.10s           2026-01-03T13:58:50
/home/vscode/.local/lib/python3.10/site-packages/airflow/example_dags/example_params_trigger_ui.py                                                         1           0  0.10s           2026-01-03T13:58:45
/home/vscode/.local/lib/python3.10/site-packages/airflow/example_dags/example_branch_python_dop_operator_3.py                                              1           0  0.10s           2026-01-03T13:59:05
/home/vscode/.local/lib/python3.10/site-packages/airflow/example_dags/example_nested_branch_dag.py                                                         1           0  0.10s           2026-01-03T13:58:45
/home/vscode/.local/lib/python3.10/site-packages/airflow/example_dags/example_python_operator.py                                                           1           0  0.10s           2026-01-03T13:58:38
/home/vscode/.local/lib/python3.10/site-packages/airflow/example_dags/example_task_group.py                                                                1           0  0.10s           2026-01-03T13:59:04
/home/vscode/.local/lib/python3.10/site-packages/airflow/example_dags/example_latest_only.py                                                               1           0  0.10s           2026-01-03T13:58:47
/home/vscode/.local/lib/python3.10/site-packages/airflow/example_dags/example_skip_dag.py                                                                  1           0  0.10s           2026-01-03T13:59:12
/home/vscode/.local/lib/python3.10/site-packages/airflow/example_dags/example_sla_dag.py                                                                   1           0  0.10s           2026-01-03T13:59:12
/home/vscode/.local/lib/python3.10/site-packages/airflow/example_dags/example_trigger_target_dag.py                                                        1           0  0.10s           2026-01-03T13:59:00
/home/vscode/.local/lib/python3.10/site-packages/airflow/example_dags/example_task_group_decorator.py                                                      1           0  0.10s           2026-01-03T13:59:05
/home/vscode/.local/lib/python3.10/site-packages/airflow/example_dags/example_complex.py                                                                   1           0  0.10s           2026-01-03T13:58:51
/home/vscode/.local/lib/python3.10/site-packages/airflow/example_dags/example_branch_day_of_week_operator.py                                               1           0  0.10s           2026-01-03T13:59:16
/home/vscode/.local/lib/python3.10/site-packages/airflow/example_dags/example_sensor_decorator.py                                                          1           0  0.10s           2026-01-03T13:58:39
/home/vscode/.local/lib/python3.10/site-packages/airflow/example_dags/tutorial.py                                                                          1           0  0.10s           2026-01-03T13:59:00
/home/vscode/.local/lib/python3.10/site-packages/airflow/example_dags/example_bash_operator.py                                                             1           0  0.10s           2026-01-03T13:58:55
/home/vscode/.local/lib/python3.10/site-packages/airflow/example_dags/example_branch_operator.py                                                           1           0  0.10s           2026-01-03T13:58:54
/home/vscode/.local/lib/python3.10/site-packages/airflow/example_dags/example_xcomargs.py                                                                  2           0  0.11s           2026-01-03T13:59:19
/home/vscode/.local/lib/python3.10/site-packages/airflow/example_dags/example_external_task_marker_dag.py                                                  2           0  0.10s           2026-01-03T13:58:53
/home/vscode/.local/lib/python3.10/site-packages/airflow/example_dags/example_subdag_operator.py                                                           3           0  0.11s           2026-01-03T13:59:02
/home/vscode/.local/lib/python3.10/site-packages/airflow/example_dags/example_branch_datetime_operator.py                                                  3           0  0.10s           2026-01-03T13:59:17
/home/vscode/.local/lib/python3.10/site-packages/airflow/example_dags/example_datasets.py                                                                  6           0  0.10s           2026-01-03T13:58:51
================================================================================
[2026-01-03T13:59:49.775+0000] {manager.py:889} INFO - 
================================================================================
DAG File Processing Stats

File Path                                                                                                                         PID    Runtime      # DAGs    # Errors  Last Runtime    Last Run
--------------------------------------------------------------------------------------------------------------------------------  -----  ---------  --------  ----------  --------------  -------------------
/home/vscode/.local/lib/python3.10/site-packages/airflow/example_dags/example_setup_teardown.py                                                            0           0  0.10s           2026-01-03T13:59:09
/home/vscode/.local/lib/python3.10/site-packages/airflow/example_dags/example_kubernetes_executor.py                                                       0           0  0.10s           2026-01-03T13:59:24
/home/vscode/.local/lib/python3.10/site-packages/airflow/example_dags/example_local_kubernetes_executor.py                                                 0           0  0.10s           2026-01-03T13:59:28
/home/vscode/.local/lib/python3.10/site-packages/airflow/example_dags/example_setup_teardown_taskflow.py                                                   0           0  0.10s           2026-01-03T13:59:13
/home/vscode/.local/lib/python3.10/site-packages/airflow/example_dags/plugins/workday.py                                                                   0           0  0.10s           2026-01-03T13:59:32
/home/vscode/.local/lib/python3.10/site-packages/airflow/example_dags/plugins/listener_plugin.py                                                           0           0  0.10s           2026-01-03T13:59:33
/home/vscode/.local/lib/python3.10/site-packages/airflow/example_dags/plugins/event_listener.py                                                            0           0  0.10s           2026-01-03T13:59:49
/home/vscode/.local/lib/python3.10/site-packages/airflow/example_dags/subdags/subdag.py                                                                    0           0  0.10s           2026-01-03T13:59:34
/home/vscode/.local/lib/python3.10/site-packages/airflow/example_dags/example_dag_decorator.py                                                             1           0  0.20s           2026-01-03T13:59:41
/home/vscode/.local/lib/python3.10/site-packages/airflow/example_dags/example_xcom.py                                                                      1           0  0.10s           2026-01-03T13:59:18
/home/vscode/.local/lib/python3.10/site-packages/airflow/example_dags/example_time_delta_sensor_async.py                                                   1           0  0.10s           2026-01-03T13:59:38
/home/vscode/.local/lib/python3.10/site-packages/airflow/example_dags/example_branch_operator_decorator.py                                                 1           0  0.10s           2026-01-03T13:59:30
/home/vscode/.local/lib/python3.10/site-packages/airflow/example_dags/example_branch_labels.py                                                             1           0  0.10s           2026-01-03T13:59:31
/home/vscode/.local/lib/python3.10/site-packages/airflow/example_dags/example_dynamic_task_mapping_with_no_taskflow_operators.py                           1           0  0.10s           2026-01-03T13:59:41
/home/vscode/.local/lib/python3.10/site-packages/airflow/example_dags/example_passing_params_via_test_command.py                                           1           0  0.10s           2026-01-03T13:59:14
/home/vscode/.local/lib/python3.10/site-packages/airflow/example_dags/example_short_circuit_operator.py                                                    1           0  0.10s           2026-01-03T13:59:10
/home/vscode/.local/lib/python3.10/site-packages/airflow/example_dags/tutorial_taskflow_api.py                                                             1           0  0.10s           2026-01-03T13:59:20
/home/vscode/.local/lib/python3.10/site-packages/airflow/example_dags/example_latest_only_with_trigger.py                                                  1           0  0.10s           2026-01-03T13:59:25
/home/vscode/.local/lib/python3.10/site-packages/airflow/example_dags/example_short_circuit_decorator.py                                                   1           0  0.10s           2026-01-03T13:59:10
/home/vscode/.local/lib/python3.10/site-packages/airflow/example_dags/tutorial_dag.py                                                                      1           0  0.10s           2026-01-03T13:59:35
/home/vscode/.local/lib/python3.10/site-packages/airflow/example_dags/example_params_ui_tutorial.py                                                        1           0  0.10s           2026-01-03T13:59:15
/home/vscode/.local/lib/python3.10/site-packages/airflow/example_dags/example_trigger_controller_dag.py                                                    1           0  0.11s           2026-01-03T13:59:49
/home/vscode/.local/lib/python3.10/site-packages/airflow/example_dags/tutorial_taskflow_api_virtualenv.py                                                  1           0  0.10s           2026-01-03T13:59:48
/home/vscode/.local/lib/python3.10/site-packages/airflow/example_dags/example_sensors.py                                                                   1           0  0.10s           2026-01-03T13:59:21
/home/vscode/.local/lib/python3.10/site-packages/airflow/example_dags/example_dynamic_task_mapping.py                                                      1           0  0.10s           2026-01-03T13:59:42
/home/vscode/.local/lib/python3.10/site-packages/airflow/example_dags/example_params_trigger_ui.py                                                         1           0  0.10s           2026-01-03T13:59:26
/home/vscode/.local/lib/python3.10/site-packages/airflow/example_dags/example_branch_python_dop_operator_3.py                                              1           0  0.10s           2026-01-03T13:59:05
/home/vscode/.local/lib/python3.10/site-packages/airflow/example_dags/example_nested_branch_dag.py                                                         1           0  0.10s           2026-01-03T13:59:27
/home/vscode/.local/lib/python3.10/site-packages/airflow/example_dags/example_python_operator.py                                                           1           0  0.10s           2026-01-03T13:59:22
/home/vscode/.local/lib/python3.10/site-packages/airflow/example_dags/example_task_group.py                                                                1           0  0.10s           2026-01-03T13:59:04
/home/vscode/.local/lib/python3.10/site-packages/airflow/example_dags/example_latest_only.py                                                               1           0  0.10s           2026-01-03T13:59:29
/home/vscode/.local/lib/python3.10/site-packages/airflow/example_dags/example_skip_dag.py                                                                  1           0  0.10s           2026-01-03T13:59:12
/home/vscode/.local/lib/python3.10/site-packages/airflow/example_dags/example_sla_dag.py                                                                   1           0  0.10s           2026-01-03T13:59:12
/home/vscode/.local/lib/python3.10/site-packages/airflow/example_dags/example_trigger_target_dag.py                                                        1           0  0.10s           2026-01-03T13:59:36
/home/vscode/.local/lib/python3.10/site-packages/airflow/example_dags/example_task_group_decorator.py                                                      1           0  0.10s           2026-01-03T13:59:05
/home/vscode/.local/lib/python3.10/site-packages/airflow/example_dags/example_complex.py                                                                   1           0  0.11s           2026-01-03T13:59:44
/home/vscode/.local/lib/python3.10/site-packages/airflow/example_dags/example_branch_day_of_week_operator.py                                               1           0  0.10s           2026-01-03T13:59:16
/home/vscode/.local/lib/python3.10/site-packages/airflow/example_dags/example_sensor_decorator.py                                                          1           0  0.10s           2026-01-03T13:59:23
/home/vscode/.local/lib/python3.10/site-packages/airflow/example_dags/tutorial.py                                                                          1           0  0.10s           2026-01-03T13:59:37
/home/vscode/.local/lib/python3.10/site-packages/airflow/example_dags/example_bash_operator.py                                                             1           0  0.10s           2026-01-03T13:59:46
/home/vscode/.local/lib/python3.10/site-packages/airflow/example_dags/example_branch_operator.py                                                           1           0  0.10s           2026-01-03T13:59:46
/home/vscode/.local/lib/python3.10/site-packages/airflow/example_dags/example_xcomargs.py                                                                  2           0  0.11s           2026-01-03T13:59:19
/home/vscode/.local/lib/python3.10/site-packages/airflow/example_dags/example_external_task_marker_dag.py                                                  2           0  0.10s           2026-01-03T13:59:45
/home/vscode/.local/lib/python3.10/site-packages/airflow/example_dags/example_subdag_operator.py                                                           3           0  0.10s           2026-01-03T13:59:40
/home/vscode/.local/lib/python3.10/site-packages/airflow/example_dags/example_branch_datetime_operator.py                                                  3           0  0.10s           2026-01-03T13:59:17
/home/vscode/.local/lib/python3.10/site-packages/airflow/example_dags/example_datasets.py                                                                  6           0  0.10s           2026-01-03T13:59:43
================================================================================
[2026-01-03T14:00:20.000+0000] {manager.py:889} INFO - 
================================================================================
DAG File Processing Stats

File Path                                                                                                                         PID    Runtime      # DAGs    # Errors  Last Runtime    Last Run
--------------------------------------------------------------------------------------------------------------------------------  -----  ---------  --------  ----------  --------------  -------------------
/home/vscode/.local/lib/python3.10/site-packages/airflow/example_dags/example_setup_teardown.py                                                            0           0  0.10s           2026-01-03T13:59:52
/home/vscode/.local/lib/python3.10/site-packages/airflow/example_dags/example_kubernetes_executor.py                                                       0           0  0.10s           2026-01-03T14:00:11
/home/vscode/.local/lib/python3.10/site-packages/airflow/example_dags/example_local_kubernetes_executor.py                                                 0           0  0.10s           2026-01-03T14:00:15
/home/vscode/.local/lib/python3.10/site-packages/airflow/example_dags/example_setup_teardown_taskflow.py                                                   0           0  0.10s           2026-01-03T13:59:58
/home/vscode/.local/lib/python3.10/site-packages/airflow/example_dags/plugins/workday.py                                                                   0           0  0.10s           2026-01-03T14:00:04
/home/vscode/.local/lib/python3.10/site-packages/airflow/example_dags/plugins/listener_plugin.py                                                           0           0  0.10s           2026-01-03T14:00:04
/home/vscode/.local/lib/python3.10/site-packages/airflow/example_dags/plugins/event_listener.py                                                            0           0  0.10s           2026-01-03T13:59:49
/home/vscode/.local/lib/python3.10/site-packages/airflow/example_dags/subdags/subdag.py                                                                    0           0  0.10s           2026-01-03T14:00:18
/home/vscode/.local/lib/python3.10/site-packages/airflow/example_dags/example_dag_decorator.py                                                             1           0  0.20s           2026-01-03T13:59:41
/home/vscode/.local/lib/python3.10/site-packages/airflow/example_dags/example_xcom.py                                                                      1           0  0.10s           2026-01-03T14:00:06
/home/vscode/.local/lib/python3.10/site-packages/airflow/example_dags/example_time_delta_sensor_async.py                                                   1           0  0.10s           2026-01-03T13:59:38
/home/vscode/.local/lib/python3.10/site-packages/airflow/example_dags/example_branch_operator_decorator.py                                                 1           0  0.10s           2026-01-03T14:00:17
/home/vscode/.local/lib/python3.10/site-packages/airflow/example_dags/example_branch_labels.py                                                             1           0  0.10s           2026-01-03T14:00:17
/home/vscode/.local/lib/python3.10/site-packages/airflow/example_dags/example_dynamic_task_mapping_with_no_taskflow_operators.py                           1           0  0.10s           2026-01-03T13:59:41
/home/vscode/.local/lib/python3.10/site-packages/airflow/example_dags/example_passing_params_via_test_command.py                                           1           0  0.10s           2026-01-03T13:59:59
/home/vscode/.local/lib/python3.10/site-packages/airflow/example_dags/example_short_circuit_operator.py                                                    1           0  0.10s           2026-01-03T13:59:53
/home/vscode/.local/lib/python3.10/site-packages/airflow/example_dags/tutorial_taskflow_api.py                                                             1           0  0.10s           2026-01-03T14:00:07
/home/vscode/.local/lib/python3.10/site-packages/airflow/example_dags/example_latest_only_with_trigger.py                                                  1           0  0.10s           2026-01-03T14:00:12
/home/vscode/.local/lib/python3.10/site-packages/airflow/example_dags/example_short_circuit_decorator.py                                                   1           0  0.10s           2026-01-03T13:59:55
/home/vscode/.local/lib/python3.10/site-packages/airflow/example_dags/tutorial_dag.py                                                                      1           0  0.10s           2026-01-03T13:59:35
/home/vscode/.local/lib/python3.10/site-packages/airflow/example_dags/example_params_ui_tutorial.py                                                        1           0  0.10s           2026-01-03T14:00:00
/home/vscode/.local/lib/python3.10/site-packages/airflow/example_dags/example_trigger_controller_dag.py                                                    1           0  0.11s           2026-01-03T13:59:49
/home/vscode/.local/lib/python3.10/site-packages/airflow/example_dags/tutorial_taskflow_api_virtualenv.py                                                  1           0  0.10s           2026-01-03T14:00:19
/home/vscode/.local/lib/python3.10/site-packages/airflow/example_dags/example_sensors.py                                                                   1           0  0.10s           2026-01-03T14:00:08
/home/vscode/.local/lib/python3.10/site-packages/airflow/example_dags/example_dynamic_task_mapping.py                                                      1           0  0.10s           2026-01-03T13:59:42
/home/vscode/.local/lib/python3.10/site-packages/airflow/example_dags/example_params_trigger_ui.py                                                         1           0  0.10s           2026-01-03T14:00:13
/home/vscode/.local/lib/python3.10/site-packages/airflow/example_dags/example_branch_python_dop_operator_3.py                                              1           0  0.10s           2026-01-03T14:00:01
/home/vscode/.local/lib/python3.10/site-packages/airflow/example_dags/example_nested_branch_dag.py                                                         1           0  0.10s           2026-01-03T14:00:14
/home/vscode/.local/lib/python3.10/site-packages/airflow/example_dags/example_python_operator.py                                                           1           0  0.10s           2026-01-03T14:00:09
/home/vscode/.local/lib/python3.10/site-packages/airflow/example_dags/example_task_group.py                                                                1           0  0.10s           2026-01-03T13:59:50
/home/vscode/.local/lib/python3.10/site-packages/airflow/example_dags/example_latest_only.py                                                               1           0  0.10s           2026-01-03T14:00:16
/home/vscode/.local/lib/python3.10/site-packages/airflow/example_dags/example_skip_dag.py                                                                  1           0  0.10s           2026-01-03T13:59:56
/home/vscode/.local/lib/python3.10/site-packages/airflow/example_dags/example_sla_dag.py                                                                   1           0  0.10s           2026-01-03T13:59:57
/home/vscode/.local/lib/python3.10/site-packages/airflow/example_dags/example_trigger_target_dag.py                                                        1           0  0.10s           2026-01-03T13:59:36
/home/vscode/.local/lib/python3.10/site-packages/airflow/example_dags/example_task_group_decorator.py                                                      1           0  0.11s           2026-01-03T13:59:52
/home/vscode/.local/lib/python3.10/site-packages/airflow/example_dags/example_complex.py                                                                   1           0  0.11s           2026-01-03T13:59:44
/home/vscode/.local/lib/python3.10/site-packages/airflow/example_dags/example_branch_day_of_week_operator.py                                               1           0  0.10s           2026-01-03T14:00:02
/home/vscode/.local/lib/python3.10/site-packages/airflow/example_dags/example_sensor_decorator.py                                                          1           0  0.10s           2026-01-03T14:00:10
/home/vscode/.local/lib/python3.10/site-packages/airflow/example_dags/tutorial.py                                                                          1           0  0.10s           2026-01-03T13:59:37
/home/vscode/.local/lib/python3.10/site-packages/airflow/example_dags/example_bash_operator.py                                                             1           0  0.10s           2026-01-03T13:59:46
/home/vscode/.local/lib/python3.10/site-packages/airflow/example_dags/example_branch_operator.py                                                           1           0  0.10s           2026-01-03T13:59:46
/home/vscode/.local/lib/python3.10/site-packages/airflow/example_dags/example_xcomargs.py                                                                  2           0  0.10s           2026-01-03T14:00:07
/home/vscode/.local/lib/python3.10/site-packages/airflow/example_dags/example_external_task_marker_dag.py                                                  2           0  0.10s           2026-01-03T13:59:45
/home/vscode/.local/lib/python3.10/site-packages/airflow/example_dags/example_subdag_operator.py                                                           3           0  0.10s           2026-01-03T13:59:40
/home/vscode/.local/lib/python3.10/site-packages/airflow/example_dags/example_branch_datetime_operator.py                                                  3           0  0.10s           2026-01-03T14:00:02
/home/vscode/.local/lib/python3.10/site-packages/airflow/example_dags/example_datasets.py                                                                  6           0  0.10s           2026-01-03T13:59:43
================================================================================
[2026-01-03T14:00:50.368+0000] {manager.py:889} INFO - 
================================================================================
DAG File Processing Stats

File Path                                                                                                                         PID    Runtime      # DAGs    # Errors  Last Runtime    Last Run
--------------------------------------------------------------------------------------------------------------------------------  -----  ---------  --------  ----------  --------------  -------------------
/home/vscode/.local/lib/python3.10/site-packages/airflow/example_dags/example_setup_teardown.py                                                            0           0  0.10s           2026-01-03T14:00:36
/home/vscode/.local/lib/python3.10/site-packages/airflow/example_dags/example_kubernetes_executor.py                                                       0           0  0.10s           2026-01-03T14:00:11
/home/vscode/.local/lib/python3.10/site-packages/airflow/example_dags/example_local_kubernetes_executor.py                                                 0           0  0.10s           2026-01-03T14:00:15
/home/vscode/.local/lib/python3.10/site-packages/airflow/example_dags/example_setup_teardown_taskflow.py                                                   0           0  0.10s           2026-01-03T14:00:41
/home/vscode/.local/lib/python3.10/site-packages/airflow/example_dags/plugins/workday.py                                                                   0           0  0.10s           2026-01-03T14:00:46
/home/vscode/.local/lib/python3.10/site-packages/airflow/example_dags/plugins/listener_plugin.py                                                           0           0  0.10s           2026-01-03T14:00:47
/home/vscode/.local/lib/python3.10/site-packages/airflow/example_dags/plugins/event_listener.py                                                            0           0  0.10s           2026-01-03T14:00:33
/home/vscode/.local/lib/python3.10/site-packages/airflow/example_dags/subdags/subdag.py                                                                    0           0  0.10s           2026-01-03T14:00:18
/home/vscode/.local/lib/python3.10/site-packages/airflow/example_dags/example_dag_decorator.py                                                             1           0  0.20s           2026-01-03T14:00:25
/home/vscode/.local/lib/python3.10/site-packages/airflow/example_dags/example_xcom.py                                                                      1           0  0.10s           2026-01-03T14:00:48
/home/vscode/.local/lib/python3.10/site-packages/airflow/example_dags/example_time_delta_sensor_async.py                                                   1           0  0.10s           2026-01-03T14:00:23
/home/vscode/.local/lib/python3.10/site-packages/airflow/example_dags/example_branch_operator_decorator.py                                                 1           0  0.10s           2026-01-03T14:00:17
/home/vscode/.local/lib/python3.10/site-packages/airflow/example_dags/example_branch_labels.py                                                             1           0  0.10s           2026-01-03T14:00:17
/home/vscode/.local/lib/python3.10/site-packages/airflow/example_dags/example_dynamic_task_mapping_with_no_taskflow_operators.py                           1           0  0.10s           2026-01-03T14:00:26
/home/vscode/.local/lib/python3.10/site-packages/airflow/example_dags/example_passing_params_via_test_command.py                                           1           0  0.10s           2026-01-03T14:00:42
/home/vscode/.local/lib/python3.10/site-packages/airflow/example_dags/example_short_circuit_operator.py                                                    1           0  0.10s           2026-01-03T14:00:37
/home/vscode/.local/lib/python3.10/site-packages/airflow/example_dags/tutorial_taskflow_api.py                                                             1           0  0.10s           2026-01-03T14:00:50
/home/vscode/.local/lib/python3.10/site-packages/airflow/example_dags/example_latest_only_with_trigger.py                                                  1           0  0.10s           2026-01-03T14:00:12
/home/vscode/.local/lib/python3.10/site-packages/airflow/example_dags/example_short_circuit_decorator.py                                                   1           0  0.10s           2026-01-03T14:00:38
/home/vscode/.local/lib/python3.10/site-packages/airflow/example_dags/tutorial_dag.py                                                                      1           0  0.10s           2026-01-03T14:00:21
/home/vscode/.local/lib/python3.10/site-packages/airflow/example_dags/example_params_ui_tutorial.py                                                        1           0  0.10s           2026-01-03T14:00:43
/home/vscode/.local/lib/python3.10/site-packages/airflow/example_dags/example_trigger_controller_dag.py                                                    1           0  0.10s           2026-01-03T14:00:33
/home/vscode/.local/lib/python3.10/site-packages/airflow/example_dags/tutorial_taskflow_api_virtualenv.py                                                  1           0  0.10s           2026-01-03T14:00:19
/home/vscode/.local/lib/python3.10/site-packages/airflow/example_dags/example_sensors.py                                                                   1           0  0.10s           2026-01-03T14:00:08
/home/vscode/.local/lib/python3.10/site-packages/airflow/example_dags/example_dynamic_task_mapping.py                                                      1           0  0.10s           2026-01-03T14:00:27
/home/vscode/.local/lib/python3.10/site-packages/airflow/example_dags/example_params_trigger_ui.py                                                         1           0  0.10s           2026-01-03T14:00:13
/home/vscode/.local/lib/python3.10/site-packages/airflow/example_dags/example_branch_python_dop_operator_3.py                                              1           0  0.11s           2026-01-03T14:00:44
/home/vscode/.local/lib/python3.10/site-packages/airflow/example_dags/example_nested_branch_dag.py                                                         1           0  0.10s           2026-01-03T14:00:14
/home/vscode/.local/lib/python3.10/site-packages/airflow/example_dags/example_python_operator.py                                                           1           0  0.10s           2026-01-03T14:00:09
/home/vscode/.local/lib/python3.10/site-packages/airflow/example_dags/example_task_group.py                                                                1           0  0.10s           2026-01-03T14:00:34
/home/vscode/.local/lib/python3.10/site-packages/airflow/example_dags/example_latest_only.py                                                               1           0  0.10s           2026-01-03T14:00:16
/home/vscode/.local/lib/python3.10/site-packages/airflow/example_dags/example_skip_dag.py                                                                  1           0  0.10s           2026-01-03T14:00:39
/home/vscode/.local/lib/python3.10/site-packages/airflow/example_dags/example_sla_dag.py                                                                   1           0  0.10s           2026-01-03T14:00:40
/home/vscode/.local/lib/python3.10/site-packages/airflow/example_dags/example_trigger_target_dag.py                                                        1           0  0.10s           2026-01-03T14:00:22
/home/vscode/.local/lib/python3.10/site-packages/airflow/example_dags/example_task_group_decorator.py                                                      1           0  0.20s           2026-01-03T14:00:35
/home/vscode/.local/lib/python3.10/site-packages/airflow/example_dags/example_complex.py                                                                   1           0  0.10s           2026-01-03T14:00:29
/home/vscode/.local/lib/python3.10/site-packages/airflow/example_dags/example_branch_day_of_week_operator.py                                               1           0  0.10s           2026-01-03T14:00:45
/home/vscode/.local/lib/python3.10/site-packages/airflow/example_dags/example_sensor_decorator.py                                                          1           0  0.10s           2026-01-03T14:00:10
/home/vscode/.local/lib/python3.10/site-packages/airflow/example_dags/tutorial.py                                                                          1           0  0.10s           2026-01-03T14:00:22
/home/vscode/.local/lib/python3.10/site-packages/airflow/example_dags/example_bash_operator.py                                                             1           0  0.10s           2026-01-03T14:00:32
/home/vscode/.local/lib/python3.10/site-packages/airflow/example_dags/example_branch_operator.py                                                           1           0  0.10s           2026-01-03T14:00:31
/home/vscode/.local/lib/python3.10/site-packages/airflow/example_dags/example_xcomargs.py                                                                  2           0  0.10s           2026-01-03T14:00:49
/home/vscode/.local/lib/python3.10/site-packages/airflow/example_dags/example_external_task_marker_dag.py                                                  2           0  0.10s           2026-01-03T14:00:30
/home/vscode/.local/lib/python3.10/site-packages/airflow/example_dags/example_subdag_operator.py                                                           3           0  0.10s           2026-01-03T14:00:24
/home/vscode/.local/lib/python3.10/site-packages/airflow/example_dags/example_branch_datetime_operator.py                                                  3           0  0.10s           2026-01-03T14:00:45
/home/vscode/.local/lib/python3.10/site-packages/airflow/example_dags/example_datasets.py                                                                  6           0  0.10s           2026-01-03T14:00:28
================================================================================
[2026-01-03T14:01:20.422+0000] {manager.py:889} INFO - 
================================================================================
DAG File Processing Stats

File Path                                                                                                                         PID    Runtime      # DAGs    # Errors  Last Runtime    Last Run
--------------------------------------------------------------------------------------------------------------------------------  -----  ---------  --------  ----------  --------------  -------------------
/home/vscode/.local/lib/python3.10/site-packages/airflow/example_dags/example_setup_teardown.py                                                            0           0  0.10s           2026-01-03T14:01:15
/home/vscode/.local/lib/python3.10/site-packages/airflow/example_dags/example_kubernetes_executor.py                                                       0           0  0.10s           2026-01-03T14:00:53
/home/vscode/.local/lib/python3.10/site-packages/airflow/example_dags/example_local_kubernetes_executor.py                                                 0           0  0.10s           2026-01-03T14:00:58
/home/vscode/.local/lib/python3.10/site-packages/airflow/example_dags/example_setup_teardown_taskflow.py                                                   0           0  0.11s           2026-01-03T14:01:20
/home/vscode/.local/lib/python3.10/site-packages/airflow/example_dags/plugins/workday.py                                                                   0           0  0.10s           2026-01-03T14:00:46
/home/vscode/.local/lib/python3.10/site-packages/airflow/example_dags/plugins/listener_plugin.py                                                           0           0  0.10s           2026-01-03T14:00:47
/home/vscode/.local/lib/python3.10/site-packages/airflow/example_dags/plugins/event_listener.py                                                            0           0  0.10s           2026-01-03T14:01:12
/home/vscode/.local/lib/python3.10/site-packages/airflow/example_dags/subdags/subdag.py                                                                    0           0  0.10s           2026-01-03T14:00:58
/home/vscode/.local/lib/python3.10/site-packages/airflow/example_dags/example_dag_decorator.py                                                             1           0  0.20s           2026-01-03T14:01:05
/home/vscode/.local/lib/python3.10/site-packages/airflow/example_dags/example_xcom.py                                                                      1           0  0.10s           2026-01-03T14:00:48
/home/vscode/.local/lib/python3.10/site-packages/airflow/example_dags/example_time_delta_sensor_async.py                                                   1           0  0.10s           2026-01-03T14:01:03
/home/vscode/.local/lib/python3.10/site-packages/airflow/example_dags/example_branch_operator_decorator.py                                                 1           0  0.10s           2026-01-03T14:01:10
/home/vscode/.local/lib/python3.10/site-packages/airflow/example_dags/example_branch_labels.py                                                             1           0  0.10s           2026-01-03T14:01:11
/home/vscode/.local/lib/python3.10/site-packages/airflow/example_dags/example_dynamic_task_mapping_with_no_taskflow_operators.py                           1           0  0.10s           2026-01-03T14:01:06
/home/vscode/.local/lib/python3.10/site-packages/airflow/example_dags/example_passing_params_via_test_command.py                                           1           0  0.10s           2026-01-03T14:00:42
/home/vscode/.local/lib/python3.10/site-packages/airflow/example_dags/example_short_circuit_operator.py                                                    1           0  0.10s           2026-01-03T14:01:16
/home/vscode/.local/lib/python3.10/site-packages/airflow/example_dags/tutorial_taskflow_api.py                                                             1           0  0.10s           2026-01-03T14:00:50
/home/vscode/.local/lib/python3.10/site-packages/airflow/example_dags/example_latest_only_with_trigger.py                                                  1           0  0.10s           2026-01-03T14:00:54
/home/vscode/.local/lib/python3.10/site-packages/airflow/example_dags/example_short_circuit_decorator.py                                                   1           0  0.10s           2026-01-03T14:01:17
/home/vscode/.local/lib/python3.10/site-packages/airflow/example_dags/tutorial_dag.py                                                                      1           0  0.10s           2026-01-03T14:01:01
/home/vscode/.local/lib/python3.10/site-packages/airflow/example_dags/example_params_ui_tutorial.py                                                        1           0  0.10s           2026-01-03T14:00:43
/home/vscode/.local/lib/python3.10/site-packages/airflow/example_dags/example_trigger_controller_dag.py                                                    1           0  0.10s           2026-01-03T14:01:13
/home/vscode/.local/lib/python3.10/site-packages/airflow/example_dags/tutorial_taskflow_api_virtualenv.py                                                  1           0  0.10s           2026-01-03T14:00:59
/home/vscode/.local/lib/python3.10/site-packages/airflow/example_dags/example_sensors.py                                                                   1           0  0.10s           2026-01-03T14:00:51
/home/vscode/.local/lib/python3.10/site-packages/airflow/example_dags/example_dynamic_task_mapping.py                                                      1           0  0.10s           2026-01-03T14:01:07
/home/vscode/.local/lib/python3.10/site-packages/airflow/example_dags/example_params_trigger_ui.py                                                         1           0  0.10s           2026-01-03T14:00:55
/home/vscode/.local/lib/python3.10/site-packages/airflow/example_dags/example_branch_python_dop_operator_3.py                                              1           0  0.11s           2026-01-03T14:00:44
/home/vscode/.local/lib/python3.10/site-packages/airflow/example_dags/example_nested_branch_dag.py                                                         1           0  0.10s           2026-01-03T14:00:57
/home/vscode/.local/lib/python3.10/site-packages/airflow/example_dags/example_python_operator.py                                                           1           0  0.10s           2026-01-03T14:00:52
/home/vscode/.local/lib/python3.10/site-packages/airflow/example_dags/example_task_group.py                                                                1           0  0.10s           2026-01-03T14:01:13
/home/vscode/.local/lib/python3.10/site-packages/airflow/example_dags/example_latest_only.py                                                               1           0  0.10s           2026-01-03T14:01:05
/home/vscode/.local/lib/python3.10/site-packages/airflow/example_dags/example_skip_dag.py                                                                  1           0  0.10s           2026-01-03T14:01:18
/home/vscode/.local/lib/python3.10/site-packages/airflow/example_dags/example_sla_dag.py                                                                   1           0  0.10s           2026-01-03T14:01:19
/home/vscode/.local/lib/python3.10/site-packages/airflow/example_dags/example_trigger_target_dag.py                                                        1           0  0.10s           2026-01-03T14:01:02
/home/vscode/.local/lib/python3.10/site-packages/airflow/example_dags/example_task_group_decorator.py                                                      1           0  0.10s           2026-01-03T14:01:14
/home/vscode/.local/lib/python3.10/site-packages/airflow/example_dags/example_complex.py                                                                   1           0  0.10s           2026-01-03T14:00:29
/home/vscode/.local/lib/python3.10/site-packages/airflow/example_dags/example_branch_day_of_week_operator.py                                               1           0  0.10s           2026-01-03T14:00:45
/home/vscode/.local/lib/python3.10/site-packages/airflow/example_dags/example_sensor_decorator.py                                                          1           0  0.10s           2026-01-03T14:00:53
/home/vscode/.local/lib/python3.10/site-packages/airflow/example_dags/tutorial.py                                                                          1           0  0.10s           2026-01-03T14:01:03
/home/vscode/.local/lib/python3.10/site-packages/airflow/example_dags/example_bash_operator.py                                                             1           0  0.10s           2026-01-03T14:00:32
/home/vscode/.local/lib/python3.10/site-packages/airflow/example_dags/example_branch_operator.py                                                           1           0  0.10s           2026-01-03T14:00:31
/home/vscode/.local/lib/python3.10/site-packages/airflow/example_dags/example_xcomargs.py                                                                  2           0  0.10s           2026-01-03T14:00:49
/home/vscode/.local/lib/python3.10/site-packages/airflow/example_dags/example_external_task_marker_dag.py                                                  2           0  0.10s           2026-01-03T14:00:30
/home/vscode/.local/lib/python3.10/site-packages/airflow/example_dags/example_subdag_operator.py                                                           3           0  0.10s           2026-01-03T14:01:03
/home/vscode/.local/lib/python3.10/site-packages/airflow/example_dags/example_branch_datetime_operator.py                                                  3           0  0.10s           2026-01-03T14:00:45
/home/vscode/.local/lib/python3.10/site-packages/airflow/example_dags/example_datasets.py                                                                  6           0  0.10s           2026-01-03T14:01:09
================================================================================
[2026-01-03T14:01:50.968+0000] {manager.py:889} INFO - 
================================================================================
DAG File Processing Stats

File Path                                                                                                                         PID    Runtime      # DAGs    # Errors  Last Runtime    Last Run
--------------------------------------------------------------------------------------------------------------------------------  -----  ---------  --------  ----------  --------------  -------------------
/home/vscode/.local/lib/python3.10/site-packages/airflow/example_dags/example_setup_teardown.py                                                            0           0  0.10s           2026-01-03T14:01:15
/home/vscode/.local/lib/python3.10/site-packages/airflow/example_dags/example_kubernetes_executor.py                                                       0           0  0.10s           2026-01-03T14:01:34
/home/vscode/.local/lib/python3.10/site-packages/airflow/example_dags/example_local_kubernetes_executor.py                                                 0           0  0.10s           2026-01-03T14:01:47
/home/vscode/.local/lib/python3.10/site-packages/airflow/example_dags/example_setup_teardown_taskflow.py                                                   0           0  0.11s           2026-01-03T14:01:20
/home/vscode/.local/lib/python3.10/site-packages/airflow/example_dags/plugins/workday.py                                                                   0           0  0.10s           2026-01-03T14:01:24
/home/vscode/.local/lib/python3.10/site-packages/airflow/example_dags/plugins/listener_plugin.py                                                           0           0  0.10s           2026-01-03T14:01:25
/home/vscode/.local/lib/python3.10/site-packages/airflow/example_dags/plugins/event_listener.py                                                            0           0  0.10s           2026-01-03T14:01:12
/home/vscode/.local/lib/python3.10/site-packages/airflow/example_dags/subdags/subdag.py                                                                    0           0  0.11s           2026-01-03T14:01:39
/home/vscode/.local/lib/python3.10/site-packages/airflow/example_dags/example_dag_decorator.py                                                             1           0  0.20s           2026-01-03T14:01:50
/home/vscode/.local/lib/python3.10/site-packages/airflow/example_dags/example_xcom.py                                                                      1           0  0.10s           2026-01-03T14:01:26
/home/vscode/.local/lib/python3.10/site-packages/airflow/example_dags/example_time_delta_sensor_async.py                                                   1           0  0.10s           2026-01-03T14:01:44
/home/vscode/.local/lib/python3.10/site-packages/airflow/example_dags/example_branch_operator_decorator.py                                                 1           0  0.10s           2026-01-03T14:01:10
/home/vscode/.local/lib/python3.10/site-packages/airflow/example_dags/example_branch_labels.py                                                             1           0  0.10s           2026-01-03T14:01:11
/home/vscode/.local/lib/python3.10/site-packages/airflow/example_dags/example_dynamic_task_mapping_with_no_taskflow_operators.py                           1           0  0.10s           2026-01-03T14:01:50
/home/vscode/.local/lib/python3.10/site-packages/airflow/example_dags/example_passing_params_via_test_command.py                                           1           0  0.10s           2026-01-03T14:01:29
/home/vscode/.local/lib/python3.10/site-packages/airflow/example_dags/example_short_circuit_operator.py                                                    1           0  0.10s           2026-01-03T14:01:16
/home/vscode/.local/lib/python3.10/site-packages/airflow/example_dags/tutorial_taskflow_api.py                                                             1           0  0.10s           2026-01-03T14:01:28
/home/vscode/.local/lib/python3.10/site-packages/airflow/example_dags/example_latest_only_with_trigger.py                                                  1           0  0.10s           2026-01-03T14:01:45
/home/vscode/.local/lib/python3.10/site-packages/airflow/example_dags/example_short_circuit_decorator.py                                                   1           0  0.10s           2026-01-03T14:01:17
/home/vscode/.local/lib/python3.10/site-packages/airflow/example_dags/tutorial_dag.py                                                                      1           0  0.10s           2026-01-03T14:01:40
/home/vscode/.local/lib/python3.10/site-packages/airflow/example_dags/example_params_ui_tutorial.py                                                        1           0  0.20s           2026-01-03T14:01:30
/home/vscode/.local/lib/python3.10/site-packages/airflow/example_dags/example_trigger_controller_dag.py                                                    1           0  0.10s           2026-01-03T14:01:13
/home/vscode/.local/lib/python3.10/site-packages/airflow/example_dags/tutorial_taskflow_api_virtualenv.py                                                  1           0  0.10s           2026-01-03T14:01:39
/home/vscode/.local/lib/python3.10/site-packages/airflow/example_dags/example_sensors.py                                                                   1           0  0.10s           2026-01-03T14:01:31
/home/vscode/.local/lib/python3.10/site-packages/airflow/example_dags/example_dynamic_task_mapping.py                                                      1           0  0.10s           2026-01-03T14:01:07
/home/vscode/.local/lib/python3.10/site-packages/airflow/example_dags/example_params_trigger_ui.py                                                         1           0  0.10s           2026-01-03T14:01:45
/home/vscode/.local/lib/python3.10/site-packages/airflow/example_dags/example_branch_python_dop_operator_3.py                                              1           0  0.10s           2026-01-03T14:01:35
/home/vscode/.local/lib/python3.10/site-packages/airflow/example_dags/example_nested_branch_dag.py                                                         1           0  0.10s           2026-01-03T14:01:46
/home/vscode/.local/lib/python3.10/site-packages/airflow/example_dags/example_python_operator.py                                                           1           0  0.10s           2026-01-03T14:01:33
/home/vscode/.local/lib/python3.10/site-packages/airflow/example_dags/example_task_group.py                                                                1           0  0.10s           2026-01-03T14:01:13
/home/vscode/.local/lib/python3.10/site-packages/airflow/example_dags/example_latest_only.py                                                               1           0  0.10s           2026-01-03T14:01:48
/home/vscode/.local/lib/python3.10/site-packages/airflow/example_dags/example_skip_dag.py                                                                  1           0  0.10s           2026-01-03T14:01:18
/home/vscode/.local/lib/python3.10/site-packages/airflow/example_dags/example_sla_dag.py                                                                   1           0  0.10s           2026-01-03T14:01:19
/home/vscode/.local/lib/python3.10/site-packages/airflow/example_dags/example_trigger_target_dag.py                                                        1           0  0.10s           2026-01-03T14:01:42
/home/vscode/.local/lib/python3.10/site-packages/airflow/example_dags/example_task_group_decorator.py                                                      1           0  0.10s           2026-01-03T14:01:14
/home/vscode/.local/lib/python3.10/site-packages/airflow/example_dags/example_complex.py                                                                   1           0  0.10s           2026-01-03T14:01:20
/home/vscode/.local/lib/python3.10/site-packages/airflow/example_dags/example_branch_day_of_week_operator.py                                               1           0  0.10s           2026-01-03T14:01:36
/home/vscode/.local/lib/python3.10/site-packages/airflow/example_dags/example_sensor_decorator.py                                                          1           0  0.10s           2026-01-03T14:01:34
/home/vscode/.local/lib/python3.10/site-packages/airflow/example_dags/tutorial.py                                                                          1           0  0.10s           2026-01-03T14:01:43
/home/vscode/.local/lib/python3.10/site-packages/airflow/example_dags/example_bash_operator.py                                                             1           0  0.10s           2026-01-03T14:01:23
/home/vscode/.local/lib/python3.10/site-packages/airflow/example_dags/example_branch_operator.py                                                           1           0  0.10s           2026-01-03T14:01:23
/home/vscode/.local/lib/python3.10/site-packages/airflow/example_dags/example_xcomargs.py                                                                  2           0  0.10s           2026-01-03T14:01:27
/home/vscode/.local/lib/python3.10/site-packages/airflow/example_dags/example_external_task_marker_dag.py                                                  2           0  0.10s           2026-01-03T14:01:21
/home/vscode/.local/lib/python3.10/site-packages/airflow/example_dags/example_subdag_operator.py                                                           3           0  0.10s           2026-01-03T14:01:44
/home/vscode/.local/lib/python3.10/site-packages/airflow/example_dags/example_branch_datetime_operator.py                                                  3           0  0.10s           2026-01-03T14:01:38
/home/vscode/.local/lib/python3.10/site-packages/airflow/example_dags/example_datasets.py                                                                  6           0  0.10s           2026-01-03T14:01:09
================================================================================
[2026-01-03T14:02:21.236+0000] {manager.py:889} INFO - 
================================================================================
DAG File Processing Stats

File Path                                                                                                                         PID    Runtime      # DAGs    # Errors  Last Runtime    Last Run
--------------------------------------------------------------------------------------------------------------------------------  -----  ---------  --------  ----------  --------------  -------------------
/home/vscode/.local/lib/python3.10/site-packages/airflow/example_dags/example_setup_teardown.py                                                            0           0  0.10s           2026-01-03T14:01:58
/home/vscode/.local/lib/python3.10/site-packages/airflow/example_dags/example_kubernetes_executor.py                                                       0           0  0.10s           2026-01-03T14:01:34
/home/vscode/.local/lib/python3.10/site-packages/airflow/example_dags/example_local_kubernetes_executor.py                                                 0           0  0.10s           2026-01-03T14:01:47
/home/vscode/.local/lib/python3.10/site-packages/airflow/example_dags/example_setup_teardown_taskflow.py                                                   0           0  0.10s           2026-01-03T14:02:03
/home/vscode/.local/lib/python3.10/site-packages/airflow/example_dags/plugins/workday.py                                                                   0           0  0.10s           2026-01-03T14:02:10
/home/vscode/.local/lib/python3.10/site-packages/airflow/example_dags/plugins/listener_plugin.py                                                           0           0  0.10s           2026-01-03T14:02:11
/home/vscode/.local/lib/python3.10/site-packages/airflow/example_dags/plugins/event_listener.py                                                            0           0  0.10s           2026-01-03T14:01:54
/home/vscode/.local/lib/python3.10/site-packages/airflow/example_dags/subdags/subdag.py                                                                    0           0  0.10s           2026-01-03T14:02:12
/home/vscode/.local/lib/python3.10/site-packages/airflow/example_dags/example_dag_decorator.py                                                             1           0  0.20s           2026-01-03T14:01:50
/home/vscode/.local/lib/python3.10/site-packages/airflow/example_dags/example_xcom.py                                                                      1           0  0.10s           2026-01-03T14:02:14
/home/vscode/.local/lib/python3.10/site-packages/airflow/example_dags/example_time_delta_sensor_async.py                                                   1           0  0.10s           2026-01-03T14:01:44
/home/vscode/.local/lib/python3.10/site-packages/airflow/example_dags/example_branch_operator_decorator.py                                                 1           0  0.10s           2026-01-03T14:02:06
/home/vscode/.local/lib/python3.10/site-packages/airflow/example_dags/example_branch_labels.py                                                             1           0  0.10s           2026-01-03T14:02:07
/home/vscode/.local/lib/python3.10/site-packages/airflow/example_dags/example_dynamic_task_mapping_with_no_taskflow_operators.py                           1           0  0.10s           2026-01-03T14:01:50
/home/vscode/.local/lib/python3.10/site-packages/airflow/example_dags/example_passing_params_via_test_command.py                                           1           0  0.10s           2026-01-03T14:02:18
/home/vscode/.local/lib/python3.10/site-packages/airflow/example_dags/example_short_circuit_operator.py                                                    1           0  0.10s           2026-01-03T14:01:59
/home/vscode/.local/lib/python3.10/site-packages/airflow/example_dags/tutorial_taskflow_api.py                                                             1           0  0.10s           2026-01-03T14:02:16
/home/vscode/.local/lib/python3.10/site-packages/airflow/example_dags/example_latest_only_with_trigger.py                                                  1           0  0.10s           2026-01-03T14:01:45
/home/vscode/.local/lib/python3.10/site-packages/airflow/example_dags/example_short_circuit_decorator.py                                                   1           0  0.10s           2026-01-03T14:02:00
/home/vscode/.local/lib/python3.10/site-packages/airflow/example_dags/tutorial_dag.py                                                                      1           0  0.10s           2026-01-03T14:01:40
/home/vscode/.local/lib/python3.10/site-packages/airflow/example_dags/example_params_ui_tutorial.py                                                        1           0  0.10s           2026-01-03T14:02:19
/home/vscode/.local/lib/python3.10/site-packages/airflow/example_dags/example_trigger_controller_dag.py                                                    1           0  0.10s           2026-01-03T14:01:55
/home/vscode/.local/lib/python3.10/site-packages/airflow/example_dags/tutorial_taskflow_api_virtualenv.py                                                  1           0  0.10s           2026-01-03T14:02:14
/home/vscode/.local/lib/python3.10/site-packages/airflow/example_dags/example_sensors.py                                                                   1           0  0.10s           2026-01-03T14:02:20
/home/vscode/.local/lib/python3.10/site-packages/airflow/example_dags/example_dynamic_task_mapping.py                                                      1           0  0.10s           2026-01-03T14:01:52
/home/vscode/.local/lib/python3.10/site-packages/airflow/example_dags/example_params_trigger_ui.py                                                         1           0  0.10s           2026-01-03T14:01:45
/home/vscode/.local/lib/python3.10/site-packages/airflow/example_dags/example_branch_python_dop_operator_3.py                                              1           0  0.10s           2026-01-03T14:01:35
/home/vscode/.local/lib/python3.10/site-packages/airflow/example_dags/example_nested_branch_dag.py                                                         1           0  0.10s           2026-01-03T14:01:46
/home/vscode/.local/lib/python3.10/site-packages/airflow/example_dags/example_python_operator.py                                                           1           0  0.10s           2026-01-03T14:02:20
/home/vscode/.local/lib/python3.10/site-packages/airflow/example_dags/example_task_group.py                                                                1           0  0.10s           2026-01-03T14:01:56
/home/vscode/.local/lib/python3.10/site-packages/airflow/example_dags/example_latest_only.py                                                               1           0  0.10s           2026-01-03T14:01:48
/home/vscode/.local/lib/python3.10/site-packages/airflow/example_dags/example_skip_dag.py                                                                  1           0  0.10s           2026-01-03T14:02:01
/home/vscode/.local/lib/python3.10/site-packages/airflow/example_dags/example_sla_dag.py                                                                   1           0  0.10s           2026-01-03T14:02:02
/home/vscode/.local/lib/python3.10/site-packages/airflow/example_dags/example_trigger_target_dag.py                                                        1           0  0.10s           2026-01-03T14:01:42
/home/vscode/.local/lib/python3.10/site-packages/airflow/example_dags/example_task_group_decorator.py                                                      1           0  0.10s           2026-01-03T14:01:57
/home/vscode/.local/lib/python3.10/site-packages/airflow/example_dags/example_complex.py                                                                   1           0  0.10s           2026-01-03T14:02:04
/home/vscode/.local/lib/python3.10/site-packages/airflow/example_dags/example_branch_day_of_week_operator.py                                               1           0  0.10s           2026-01-03T14:01:36
/home/vscode/.local/lib/python3.10/site-packages/airflow/example_dags/example_sensor_decorator.py                                                          1           0  0.10s           2026-01-03T14:02:21
/home/vscode/.local/lib/python3.10/site-packages/airflow/example_dags/tutorial.py                                                                          1           0  0.10s           2026-01-03T14:01:43
/home/vscode/.local/lib/python3.10/site-packages/airflow/example_dags/example_bash_operator.py                                                             1           0  0.10s           2026-01-03T14:02:09
/home/vscode/.local/lib/python3.10/site-packages/airflow/example_dags/example_branch_operator.py                                                           1           0  0.10s           2026-01-03T14:02:08
/home/vscode/.local/lib/python3.10/site-packages/airflow/example_dags/example_xcomargs.py                                                                  2           0  0.10s           2026-01-03T14:02:15
/home/vscode/.local/lib/python3.10/site-packages/airflow/example_dags/example_external_task_marker_dag.py                                                  2           0  0.10s           2026-01-03T14:02:05
/home/vscode/.local/lib/python3.10/site-packages/airflow/example_dags/example_subdag_operator.py                                                           3           0  0.10s           2026-01-03T14:01:44
/home/vscode/.local/lib/python3.10/site-packages/airflow/example_dags/example_branch_datetime_operator.py                                                  3           0  0.10s           2026-01-03T14:01:38
/home/vscode/.local/lib/python3.10/site-packages/airflow/example_dags/example_datasets.py                                                                  6           0  0.10s           2026-01-03T14:01:53
================================================================================
[2026-01-03T14:02:51.605+0000] {manager.py:889} INFO - 
================================================================================
DAG File Processing Stats

File Path                                                                                                                         PID    Runtime      # DAGs    # Errors  Last Runtime    Last Run
--------------------------------------------------------------------------------------------------------------------------------  -----  ---------  --------  ----------  --------------  -------------------
/home/vscode/.local/lib/python3.10/site-packages/airflow/example_dags/example_setup_teardown.py                                                            0           0  0.10s           2026-01-03T14:02:43
/home/vscode/.local/lib/python3.10/site-packages/airflow/example_dags/example_kubernetes_executor.py                                                       0           0  0.10s           2026-01-03T14:02:22
/home/vscode/.local/lib/python3.10/site-packages/airflow/example_dags/example_local_kubernetes_executor.py                                                 0           0  0.10s           2026-01-03T14:02:36
/home/vscode/.local/lib/python3.10/site-packages/airflow/example_dags/example_setup_teardown_taskflow.py                                                   0           0  0.10s           2026-01-03T14:02:46
/home/vscode/.local/lib/python3.10/site-packages/airflow/example_dags/plugins/workday.py                                                                   0           0  0.10s           2026-01-03T14:02:41
/home/vscode/.local/lib/python3.10/site-packages/airflow/example_dags/plugins/listener_plugin.py                                                           0           0  0.10s           2026-01-03T14:02:11
/home/vscode/.local/lib/python3.10/site-packages/airflow/example_dags/plugins/event_listener.py                                                            0           0  0.10s           2026-01-03T14:02:25
/home/vscode/.local/lib/python3.10/site-packages/airflow/example_dags/subdags/subdag.py                                                                    0           0  0.10s           2026-01-03T14:02:12
/home/vscode/.local/lib/python3.10/site-packages/airflow/example_dags/example_dag_decorator.py                                                             1           0  0.20s           2026-01-03T14:02:36
/home/vscode/.local/lib/python3.10/site-packages/airflow/example_dags/example_xcom.py                                                                      1           0  0.10s           2026-01-03T14:02:14
/home/vscode/.local/lib/python3.10/site-packages/airflow/example_dags/example_time_delta_sensor_async.py                                                   1           0  0.10s           2026-01-03T14:02:30
/home/vscode/.local/lib/python3.10/site-packages/airflow/example_dags/example_branch_operator_decorator.py                                                 1           0  0.10s           2026-01-03T14:02:49
/home/vscode/.local/lib/python3.10/site-packages/airflow/example_dags/example_branch_labels.py                                                             1           0  0.10s           2026-01-03T14:02:51
/home/vscode/.local/lib/python3.10/site-packages/airflow/example_dags/example_dynamic_task_mapping_with_no_taskflow_operators.py                           1           0  0.10s           2026-01-03T14:02:37
/home/vscode/.local/lib/python3.10/site-packages/airflow/example_dags/example_passing_params_via_test_command.py                                           1           0  0.10s           2026-01-03T14:02:18
/home/vscode/.local/lib/python3.10/site-packages/airflow/example_dags/example_short_circuit_operator.py                                                    1           0  0.10s           2026-01-03T14:02:44
/home/vscode/.local/lib/python3.10/site-packages/airflow/example_dags/tutorial_taskflow_api.py                                                             1           0  0.10s           2026-01-03T14:02:16
/home/vscode/.local/lib/python3.10/site-packages/airflow/example_dags/example_latest_only_with_trigger.py                                                  1           0  0.21s           2026-01-03T14:02:33
/home/vscode/.local/lib/python3.10/site-packages/airflow/example_dags/example_short_circuit_decorator.py                                                   1           0  0.10s           2026-01-03T14:02:45
/home/vscode/.local/lib/python3.10/site-packages/airflow/example_dags/tutorial_dag.py                                                                      1           0  0.10s           2026-01-03T14:02:27
/home/vscode/.local/lib/python3.10/site-packages/airflow/example_dags/example_params_ui_tutorial.py                                                        1           0  0.10s           2026-01-03T14:02:19
/home/vscode/.local/lib/python3.10/site-packages/airflow/example_dags/example_trigger_controller_dag.py                                                    1           0  0.10s           2026-01-03T14:02:32
/home/vscode/.local/lib/python3.10/site-packages/airflow/example_dags/tutorial_taskflow_api_virtualenv.py                                                  1           0  0.10s           2026-01-03T14:02:14
/home/vscode/.local/lib/python3.10/site-packages/airflow/example_dags/example_sensors.py                                                                   1           0  0.10s           2026-01-03T14:02:20
/home/vscode/.local/lib/python3.10/site-packages/airflow/example_dags/example_dynamic_task_mapping.py                                                      1           0  0.10s           2026-01-03T14:02:38
/home/vscode/.local/lib/python3.10/site-packages/airflow/example_dags/example_params_trigger_ui.py                                                         1           0  0.10s           2026-01-03T14:02:34
/home/vscode/.local/lib/python3.10/site-packages/airflow/example_dags/example_branch_python_dop_operator_3.py                                              1           0  0.10s           2026-01-03T14:02:23
/home/vscode/.local/lib/python3.10/site-packages/airflow/example_dags/example_nested_branch_dag.py                                                         1           0  0.10s           2026-01-03T14:02:34
/home/vscode/.local/lib/python3.10/site-packages/airflow/example_dags/example_python_operator.py                                                           1           0  0.10s           2026-01-03T14:02:20
/home/vscode/.local/lib/python3.10/site-packages/airflow/example_dags/example_task_group.py                                                                1           0  0.10s           2026-01-03T14:02:41
/home/vscode/.local/lib/python3.10/site-packages/airflow/example_dags/example_latest_only.py                                                               1           0  0.10s           2026-01-03T14:02:36
/home/vscode/.local/lib/python3.10/site-packages/airflow/example_dags/example_skip_dag.py                                                                  1           0  0.10s           2026-01-03T14:02:45
/home/vscode/.local/lib/python3.10/site-packages/airflow/example_dags/example_sla_dag.py                                                                   1           0  0.10s           2026-01-03T14:02:45
/home/vscode/.local/lib/python3.10/site-packages/airflow/example_dags/example_trigger_target_dag.py                                                        1           0  0.10s           2026-01-03T14:02:28
/home/vscode/.local/lib/python3.10/site-packages/airflow/example_dags/example_task_group_decorator.py                                                      1           0  0.10s           2026-01-03T14:02:42
/home/vscode/.local/lib/python3.10/site-packages/airflow/example_dags/example_complex.py                                                                   1           0  0.10s           2026-01-03T14:02:47
/home/vscode/.local/lib/python3.10/site-packages/airflow/example_dags/example_branch_day_of_week_operator.py                                               1           0  0.10s           2026-01-03T14:02:24
/home/vscode/.local/lib/python3.10/site-packages/airflow/example_dags/example_sensor_decorator.py                                                          1           0  0.10s           2026-01-03T14:02:21
/home/vscode/.local/lib/python3.10/site-packages/airflow/example_dags/tutorial.py                                                                          1           0  0.10s           2026-01-03T14:02:29
/home/vscode/.local/lib/python3.10/site-packages/airflow/example_dags/example_bash_operator.py                                                             1           0  0.10s           2026-01-03T14:02:09
/home/vscode/.local/lib/python3.10/site-packages/airflow/example_dags/example_branch_operator.py                                                           1           0  0.10s           2026-01-03T14:02:51
/home/vscode/.local/lib/python3.10/site-packages/airflow/example_dags/example_xcomargs.py                                                                  2           0  0.10s           2026-01-03T14:02:15
/home/vscode/.local/lib/python3.10/site-packages/airflow/example_dags/example_external_task_marker_dag.py                                                  2           0  0.10s           2026-01-03T14:02:48
/home/vscode/.local/lib/python3.10/site-packages/airflow/example_dags/example_subdag_operator.py                                                           3           0  0.10s           2026-01-03T14:02:31
/home/vscode/.local/lib/python3.10/site-packages/airflow/example_dags/example_branch_datetime_operator.py                                                  3           0  0.10s           2026-01-03T14:02:24
/home/vscode/.local/lib/python3.10/site-packages/airflow/example_dags/example_datasets.py                                                                  6           0  0.21s           2026-01-03T14:02:39
================================================================================
[2026-01-03T14:03:21.877+0000] {manager.py:889} INFO - 
================================================================================
DAG File Processing Stats

File Path                                                                                                                         PID    Runtime      # DAGs    # Errors  Last Runtime    Last Run
--------------------------------------------------------------------------------------------------------------------------------  -----  ---------  --------  ----------  --------------  -------------------
/home/vscode/.local/lib/python3.10/site-packages/airflow/example_dags/example_setup_teardown.py                                                            0           0  0.10s           2026-01-03T14:02:43
/home/vscode/.local/lib/python3.10/site-packages/airflow/example_dags/example_kubernetes_executor.py                                                       0           0  0.11s           2026-01-03T14:03:04
/home/vscode/.local/lib/python3.10/site-packages/airflow/example_dags/example_local_kubernetes_executor.py                                                 0           0  0.10s           2026-01-03T14:03:15
/home/vscode/.local/lib/python3.10/site-packages/airflow/example_dags/example_setup_teardown_taskflow.py                                                   0           0  0.10s           2026-01-03T14:02:46
/home/vscode/.local/lib/python3.10/site-packages/airflow/example_dags/plugins/workday.py                                                                   0           0  0.10s           2026-01-03T14:03:19
/home/vscode/.local/lib/python3.10/site-packages/airflow/example_dags/plugins/listener_plugin.py                                                           0           0  0.10s           2026-01-03T14:02:53
/home/vscode/.local/lib/python3.10/site-packages/airflow/example_dags/plugins/event_listener.py                                                            0           0  0.10s           2026-01-03T14:03:06
/home/vscode/.local/lib/python3.10/site-packages/airflow/example_dags/subdags/subdag.py                                                                    0           0  0.10s           2026-01-03T14:02:55
/home/vscode/.local/lib/python3.10/site-packages/airflow/example_dags/example_dag_decorator.py                                                             1           0  0.20s           2026-01-03T14:02:36
/home/vscode/.local/lib/python3.10/site-packages/airflow/example_dags/example_xcom.py                                                                      1           0  0.10s           2026-01-03T14:02:56
/home/vscode/.local/lib/python3.10/site-packages/airflow/example_dags/example_time_delta_sensor_async.py                                                   1           0  0.10s           2026-01-03T14:03:09
/home/vscode/.local/lib/python3.10/site-packages/airflow/example_dags/example_branch_operator_decorator.py                                                 1           0  0.10s           2026-01-03T14:02:49
/home/vscode/.local/lib/python3.10/site-packages/airflow/example_dags/example_branch_labels.py                                                             1           0  0.10s           2026-01-03T14:02:51
/home/vscode/.local/lib/python3.10/site-packages/airflow/example_dags/example_dynamic_task_mapping_with_no_taskflow_operators.py                           1           0  0.10s           2026-01-03T14:02:37
/home/vscode/.local/lib/python3.10/site-packages/airflow/example_dags/example_passing_params_via_test_command.py                                           1           0  0.10s           2026-01-03T14:02:59
/home/vscode/.local/lib/python3.10/site-packages/airflow/example_dags/example_short_circuit_operator.py                                                    1           0  0.10s           2026-01-03T14:02:44
/home/vscode/.local/lib/python3.10/site-packages/airflow/example_dags/tutorial_taskflow_api.py                                                             1           0  0.10s           2026-01-03T14:02:57
/home/vscode/.local/lib/python3.10/site-packages/airflow/example_dags/example_latest_only_with_trigger.py                                                  1           0  0.11s           2026-01-03T14:03:12
/home/vscode/.local/lib/python3.10/site-packages/airflow/example_dags/example_short_circuit_decorator.py                                                   1           0  0.10s           2026-01-03T14:02:45
/home/vscode/.local/lib/python3.10/site-packages/airflow/example_dags/tutorial_dag.py                                                                      1           0  0.10s           2026-01-03T14:03:06
/home/vscode/.local/lib/python3.10/site-packages/airflow/example_dags/example_params_ui_tutorial.py                                                        1           0  0.10s           2026-01-03T14:03:00
/home/vscode/.local/lib/python3.10/site-packages/airflow/example_dags/example_trigger_controller_dag.py                                                    1           0  0.11s           2026-01-03T14:03:11
/home/vscode/.local/lib/python3.10/site-packages/airflow/example_dags/tutorial_taskflow_api_virtualenv.py                                                  1           0  0.10s           2026-01-03T14:02:55
/home/vscode/.local/lib/python3.10/site-packages/airflow/example_dags/example_sensors.py                                                                   1           0  0.10s           2026-01-03T14:03:01
/home/vscode/.local/lib/python3.10/site-packages/airflow/example_dags/example_dynamic_task_mapping.py                                                      1           0  0.10s           2026-01-03T14:02:38
/home/vscode/.local/lib/python3.10/site-packages/airflow/example_dags/example_params_trigger_ui.py                                                         1           0  0.10s           2026-01-03T14:03:13
/home/vscode/.local/lib/python3.10/site-packages/airflow/example_dags/example_branch_python_dop_operator_3.py                                              1           0  0.10s           2026-01-03T14:03:05
/home/vscode/.local/lib/python3.10/site-packages/airflow/example_dags/example_nested_branch_dag.py                                                         1           0  0.10s           2026-01-03T14:03:14
/home/vscode/.local/lib/python3.10/site-packages/airflow/example_dags/example_python_operator.py                                                           1           0  0.10s           2026-01-03T14:03:01
/home/vscode/.local/lib/python3.10/site-packages/airflow/example_dags/example_task_group.py                                                                1           0  0.43s           2026-01-03T14:03:21
/home/vscode/.local/lib/python3.10/site-packages/airflow/example_dags/example_latest_only.py                                                               1           0  0.10s           2026-01-03T14:03:16
/home/vscode/.local/lib/python3.10/site-packages/airflow/example_dags/example_skip_dag.py                                                                  1           0  0.10s           2026-01-03T14:02:45
/home/vscode/.local/lib/python3.10/site-packages/airflow/example_dags/example_sla_dag.py                                                                   1           0  0.10s           2026-01-03T14:02:45
/home/vscode/.local/lib/python3.10/site-packages/airflow/example_dags/example_trigger_target_dag.py                                                        1           0  0.10s           2026-01-03T14:03:07
/home/vscode/.local/lib/python3.10/site-packages/airflow/example_dags/example_task_group_decorator.py                                                      1           0  0.10s           2026-01-03T14:03:21
/home/vscode/.local/lib/python3.10/site-packages/airflow/example_dags/example_complex.py                                                                   1           0  0.10s           2026-01-03T14:02:47
/home/vscode/.local/lib/python3.10/site-packages/airflow/example_dags/example_branch_day_of_week_operator.py                                               1           0  0.10s           2026-01-03T14:03:17
/home/vscode/.local/lib/python3.10/site-packages/airflow/example_dags/example_sensor_decorator.py                                                          1           0  0.32s           2026-01-03T14:03:03
/home/vscode/.local/lib/python3.10/site-packages/airflow/example_dags/tutorial.py                                                                          1           0  0.10s           2026-01-03T14:03:08
/home/vscode/.local/lib/python3.10/site-packages/airflow/example_dags/example_bash_operator.py                                                             1           0  0.10s           2026-01-03T14:02:52
/home/vscode/.local/lib/python3.10/site-packages/airflow/example_dags/example_branch_operator.py                                                           1           0  0.10s           2026-01-03T14:02:51
/home/vscode/.local/lib/python3.10/site-packages/airflow/example_dags/example_xcomargs.py                                                                  2           0  0.10s           2026-01-03T14:02:56
/home/vscode/.local/lib/python3.10/site-packages/airflow/example_dags/example_external_task_marker_dag.py                                                  2           0  0.10s           2026-01-03T14:02:48
/home/vscode/.local/lib/python3.10/site-packages/airflow/example_dags/example_subdag_operator.py                                                           3           0  0.21s           2026-01-03T14:03:10
/home/vscode/.local/lib/python3.10/site-packages/airflow/example_dags/example_branch_datetime_operator.py                                                  3           0  0.10s           2026-01-03T14:03:18
/home/vscode/.local/lib/python3.10/site-packages/airflow/example_dags/example_datasets.py                                                                  6           0  0.21s           2026-01-03T14:02:39
================================================================================
[2026-01-03T14:03:44.043+0000] {manager.py:758} INFO - Searching for files in /workspaces/hands-on-introduction-data-engineering-4395021/airflow/dags
[2026-01-03T14:03:44.051+0000] {manager.py:761} INFO - There are 46 files in /workspaces/hands-on-introduction-data-engineering-4395021/airflow/dags
[2026-01-03T14:03:52.144+0000] {manager.py:889} INFO - 
================================================================================
DAG File Processing Stats

File Path                                                                                                                         PID    Runtime      # DAGs    # Errors  Last Runtime    Last Run
--------------------------------------------------------------------------------------------------------------------------------  -----  ---------  --------  ----------  --------------  -------------------
/home/vscode/.local/lib/python3.10/site-packages/airflow/example_dags/example_setup_teardown.py                                                            0           0  0.10s           2026-01-03T14:03:22
/home/vscode/.local/lib/python3.10/site-packages/airflow/example_dags/example_kubernetes_executor.py                                                       0           0  0.11s           2026-01-03T14:03:45
/home/vscode/.local/lib/python3.10/site-packages/airflow/example_dags/example_local_kubernetes_executor.py                                                 0           0  0.10s           2026-01-03T14:03:15
/home/vscode/.local/lib/python3.10/site-packages/airflow/example_dags/example_setup_teardown_taskflow.py                                                   0           0  0.10s           2026-01-03T14:03:27
/home/vscode/.local/lib/python3.10/site-packages/airflow/example_dags/plugins/workday.py                                                                   0           0  0.10s           2026-01-03T14:03:50
/home/vscode/.local/lib/python3.10/site-packages/airflow/example_dags/plugins/listener_plugin.py                                                           0           0  0.10s           2026-01-03T14:03:34
/home/vscode/.local/lib/python3.10/site-packages/airflow/example_dags/plugins/event_listener.py                                                            0           0  0.10s           2026-01-03T14:03:51
/home/vscode/.local/lib/python3.10/site-packages/airflow/example_dags/subdags/subdag.py                                                                    0           0  0.10s           2026-01-03T14:03:35
/home/vscode/.local/lib/python3.10/site-packages/airflow/example_dags/example_dag_decorator.py                                                             1           0  0.20s           2026-01-03T14:03:28
/home/vscode/.local/lib/python3.10/site-packages/airflow/example_dags/example_xcom.py                                                                      1           0  0.10s           2026-01-03T14:03:37
/home/vscode/.local/lib/python3.10/site-packages/airflow/example_dags/example_time_delta_sensor_async.py                                                   1           0  0.10s           2026-01-03T14:03:09
/home/vscode/.local/lib/python3.10/site-packages/airflow/example_dags/example_branch_operator_decorator.py                                                 1           0  0.10s           2026-01-03T14:03:45
/home/vscode/.local/lib/python3.10/site-packages/airflow/example_dags/example_branch_labels.py                                                             1           0  0.10s           2026-01-03T14:03:46
/home/vscode/.local/lib/python3.10/site-packages/airflow/example_dags/example_dynamic_task_mapping_with_no_taskflow_operators.py                           1           0  0.10s           2026-01-03T14:03:29
/home/vscode/.local/lib/python3.10/site-packages/airflow/example_dags/example_passing_params_via_test_command.py                                           1           0  0.11s           2026-01-03T14:03:40
/home/vscode/.local/lib/python3.10/site-packages/airflow/example_dags/example_short_circuit_operator.py                                                    1           0  0.10s           2026-01-03T14:03:23
/home/vscode/.local/lib/python3.10/site-packages/airflow/example_dags/tutorial_taskflow_api.py                                                             1           0  0.10s           2026-01-03T14:03:39
/home/vscode/.local/lib/python3.10/site-packages/airflow/example_dags/example_latest_only_with_trigger.py                                                  1           0  0.11s           2026-01-03T14:03:12
/home/vscode/.local/lib/python3.10/site-packages/airflow/example_dags/example_short_circuit_decorator.py                                                   1           0  0.10s           2026-01-03T14:03:24
/home/vscode/.local/lib/python3.10/site-packages/airflow/example_dags/tutorial_dag.py                                                                      1           0  0.10s           2026-01-03T14:03:52
/home/vscode/.local/lib/python3.10/site-packages/airflow/example_dags/example_params_ui_tutorial.py                                                        1           0  0.10s           2026-01-03T14:03:41
/home/vscode/.local/lib/python3.10/site-packages/airflow/example_dags/example_trigger_controller_dag.py                                                    1           0  0.11s           2026-01-03T14:03:11
/home/vscode/.local/lib/python3.10/site-packages/airflow/example_dags/tutorial_taskflow_api_virtualenv.py                                                  1           0  0.10s           2026-01-03T14:03:36
/home/vscode/.local/lib/python3.10/site-packages/airflow/example_dags/example_sensors.py                                                                   1           0  0.10s           2026-01-03T14:03:42
/home/vscode/.local/lib/python3.10/site-packages/airflow/example_dags/example_dynamic_task_mapping.py                                                      1           0  0.10s           2026-01-03T14:03:31
/home/vscode/.local/lib/python3.10/site-packages/airflow/example_dags/example_params_trigger_ui.py                                                         1           0  0.10s           2026-01-03T14:03:13
/home/vscode/.local/lib/python3.10/site-packages/airflow/example_dags/example_branch_python_dop_operator_3.py                                              1           0  0.10s           2026-01-03T14:03:05
/home/vscode/.local/lib/python3.10/site-packages/airflow/example_dags/example_nested_branch_dag.py                                                         1           0  0.10s           2026-01-03T14:03:14
/home/vscode/.local/lib/python3.10/site-packages/airflow/example_dags/example_python_operator.py                                                           1           0  0.10s           2026-01-03T14:03:43
/home/vscode/.local/lib/python3.10/site-packages/airflow/example_dags/example_task_group.py                                                                1           0  0.43s           2026-01-03T14:03:21
/home/vscode/.local/lib/python3.10/site-packages/airflow/example_dags/example_latest_only.py                                                               1           0  0.10s           2026-01-03T14:03:16
/home/vscode/.local/lib/python3.10/site-packages/airflow/example_dags/example_skip_dag.py                                                                  1           0  0.10s           2026-01-03T14:03:25
/home/vscode/.local/lib/python3.10/site-packages/airflow/example_dags/example_sla_dag.py                                                                   1           0  0.10s           2026-01-03T14:03:26
/home/vscode/.local/lib/python3.10/site-packages/airflow/example_dags/example_trigger_target_dag.py                                                        1           0  0.10s           2026-01-03T14:03:07
/home/vscode/.local/lib/python3.10/site-packages/airflow/example_dags/example_task_group_decorator.py                                                      1           0  0.10s           2026-01-03T14:03:21
/home/vscode/.local/lib/python3.10/site-packages/airflow/example_dags/example_complex.py                                                                   1           0  0.10s           2026-01-03T14:03:32
/home/vscode/.local/lib/python3.10/site-packages/airflow/example_dags/example_branch_day_of_week_operator.py                                               1           0  0.10s           2026-01-03T14:03:17
/home/vscode/.local/lib/python3.10/site-packages/airflow/example_dags/example_sensor_decorator.py                                                          1           0  0.10s           2026-01-03T14:03:44
/home/vscode/.local/lib/python3.10/site-packages/airflow/example_dags/tutorial.py                                                                          1           0  0.10s           2026-01-03T14:03:08
/home/vscode/.local/lib/python3.10/site-packages/airflow/example_dags/example_bash_operator.py                                                             1           0  0.10s           2026-01-03T14:03:49
/home/vscode/.local/lib/python3.10/site-packages/airflow/example_dags/example_branch_operator.py                                                           1           0  0.10s           2026-01-03T14:03:48
/home/vscode/.local/lib/python3.10/site-packages/airflow/example_dags/example_xcomargs.py                                                                  2           0  0.10s           2026-01-03T14:03:37
/home/vscode/.local/lib/python3.10/site-packages/airflow/example_dags/example_external_task_marker_dag.py                                                  2           0  0.10s           2026-01-03T14:03:33
/home/vscode/.local/lib/python3.10/site-packages/airflow/example_dags/example_subdag_operator.py                                                           3           0  0.21s           2026-01-03T14:03:10
/home/vscode/.local/lib/python3.10/site-packages/airflow/example_dags/example_branch_datetime_operator.py                                                  3           0  0.10s           2026-01-03T14:03:18
/home/vscode/.local/lib/python3.10/site-packages/airflow/example_dags/example_datasets.py                                                                  6           0  0.21s           2026-01-03T14:03:32
================================================================================
[2026-01-03T14:04:22.326+0000] {manager.py:889} INFO - 
================================================================================
DAG File Processing Stats

File Path                                                                                                                         PID    Runtime      # DAGs    # Errors  Last Runtime    Last Run
--------------------------------------------------------------------------------------------------------------------------------  -----  ---------  --------  ----------  --------------  -------------------
/home/vscode/.local/lib/python3.10/site-packages/airflow/example_dags/example_setup_teardown.py                                                            0           0  0.10s           2026-01-03T14:04:08
/home/vscode/.local/lib/python3.10/site-packages/airflow/example_dags/example_kubernetes_executor.py                                                       0           0  0.11s           2026-01-03T14:03:45
/home/vscode/.local/lib/python3.10/site-packages/airflow/example_dags/example_local_kubernetes_executor.py                                                 0           0  0.10s           2026-01-03T14:04:00
/home/vscode/.local/lib/python3.10/site-packages/airflow/example_dags/example_setup_teardown_taskflow.py                                                   0           0  0.10s           2026-01-03T14:04:13
/home/vscode/.local/lib/python3.10/site-packages/airflow/example_dags/plugins/workday.py                                                                   0           0  0.10s           2026-01-03T14:04:21
/home/vscode/.local/lib/python3.10/site-packages/airflow/example_dags/plugins/listener_plugin.py                                                           0           0  0.11s           2026-01-03T14:04:05
/home/vscode/.local/lib/python3.10/site-packages/airflow/example_dags/plugins/event_listener.py                                                            0           0  0.10s           2026-01-03T14:03:51
/home/vscode/.local/lib/python3.10/site-packages/airflow/example_dags/subdags/subdag.py                                                                    0           0  0.10s           2026-01-03T14:04:06
/home/vscode/.local/lib/python3.10/site-packages/airflow/example_dags/example_dag_decorator.py                                                             1           0  0.20s           2026-01-03T14:04:15
/home/vscode/.local/lib/python3.10/site-packages/airflow/example_dags/example_xcom.py                                                                      1           0  0.10s           2026-01-03T14:03:37
/home/vscode/.local/lib/python3.10/site-packages/airflow/example_dags/example_time_delta_sensor_async.py                                                   1           0  0.11s           2026-01-03T14:03:55
/home/vscode/.local/lib/python3.10/site-packages/airflow/example_dags/example_branch_operator_decorator.py                                                 1           0  0.10s           2026-01-03T14:03:45
/home/vscode/.local/lib/python3.10/site-packages/airflow/example_dags/example_branch_labels.py                                                             1           0  0.10s           2026-01-03T14:03:46
/home/vscode/.local/lib/python3.10/site-packages/airflow/example_dags/example_dynamic_task_mapping_with_no_taskflow_operators.py                           1           0  0.10s           2026-01-03T14:04:16
/home/vscode/.local/lib/python3.10/site-packages/airflow/example_dags/example_passing_params_via_test_command.py                                           1           0  0.11s           2026-01-03T14:03:40
/home/vscode/.local/lib/python3.10/site-packages/airflow/example_dags/example_short_circuit_operator.py                                                    1           0  0.32s           2026-01-03T14:04:10
/home/vscode/.local/lib/python3.10/site-packages/airflow/example_dags/tutorial_taskflow_api.py                                                             1           0  0.10s           2026-01-03T14:03:39
/home/vscode/.local/lib/python3.10/site-packages/airflow/example_dags/example_latest_only_with_trigger.py                                                  1           0  0.10s           2026-01-03T14:03:58
/home/vscode/.local/lib/python3.10/site-packages/airflow/example_dags/example_short_circuit_decorator.py                                                   1           0  0.10s           2026-01-03T14:04:11
/home/vscode/.local/lib/python3.10/site-packages/airflow/example_dags/tutorial_dag.py                                                                      1           0  0.10s           2026-01-03T14:03:52
/home/vscode/.local/lib/python3.10/site-packages/airflow/example_dags/example_params_ui_tutorial.py                                                        1           0  0.10s           2026-01-03T14:03:41
/home/vscode/.local/lib/python3.10/site-packages/airflow/example_dags/example_trigger_controller_dag.py                                                    1           0  0.10s           2026-01-03T14:03:57
/home/vscode/.local/lib/python3.10/site-packages/airflow/example_dags/tutorial_taskflow_api_virtualenv.py                                                  1           0  0.10s           2026-01-03T14:04:22
/home/vscode/.local/lib/python3.10/site-packages/airflow/example_dags/example_sensors.py                                                                   1           0  0.10s           2026-01-03T14:03:42
/home/vscode/.local/lib/python3.10/site-packages/airflow/example_dags/example_dynamic_task_mapping.py                                                      1           0  0.10s           2026-01-03T14:04:17
/home/vscode/.local/lib/python3.10/site-packages/airflow/example_dags/example_params_trigger_ui.py                                                         1           0  0.20s           2026-01-03T14:03:58
/home/vscode/.local/lib/python3.10/site-packages/airflow/example_dags/example_branch_python_dop_operator_3.py                                              1           0  0.10s           2026-01-03T14:04:02
/home/vscode/.local/lib/python3.10/site-packages/airflow/example_dags/example_nested_branch_dag.py                                                         1           0  0.10s           2026-01-03T14:03:59
/home/vscode/.local/lib/python3.10/site-packages/airflow/example_dags/example_python_operator.py                                                           1           0  0.10s           2026-01-03T14:03:43
/home/vscode/.local/lib/python3.10/site-packages/airflow/example_dags/example_task_group.py                                                                1           0  0.10s           2026-01-03T14:04:07
/home/vscode/.local/lib/python3.10/site-packages/airflow/example_dags/example_latest_only.py                                                               1           0  0.10s           2026-01-03T14:04:01
/home/vscode/.local/lib/python3.10/site-packages/airflow/example_dags/example_skip_dag.py                                                                  1           0  0.10s           2026-01-03T14:04:12
/home/vscode/.local/lib/python3.10/site-packages/airflow/example_dags/example_sla_dag.py                                                                   1           0  0.10s           2026-01-03T14:04:13
/home/vscode/.local/lib/python3.10/site-packages/airflow/example_dags/example_trigger_target_dag.py                                                        1           0  0.10s           2026-01-03T14:03:53
/home/vscode/.local/lib/python3.10/site-packages/airflow/example_dags/example_task_group_decorator.py                                                      1           0  0.10s           2026-01-03T14:04:08
/home/vscode/.local/lib/python3.10/site-packages/airflow/example_dags/example_complex.py                                                                   1           0  0.10s           2026-01-03T14:04:18
/home/vscode/.local/lib/python3.10/site-packages/airflow/example_dags/example_branch_day_of_week_operator.py                                               1           0  0.10s           2026-01-03T14:04:03
/home/vscode/.local/lib/python3.10/site-packages/airflow/example_dags/example_sensor_decorator.py                                                          1           0  0.10s           2026-01-03T14:03:44
/home/vscode/.local/lib/python3.10/site-packages/airflow/example_dags/tutorial.py                                                                          1           0  0.10s           2026-01-03T14:03:54
/home/vscode/.local/lib/python3.10/site-packages/airflow/example_dags/example_bash_operator.py                                                             1           0  0.10s           2026-01-03T14:03:49
/home/vscode/.local/lib/python3.10/site-packages/airflow/example_dags/example_branch_operator.py                                                           1           0  0.10s           2026-01-03T14:03:48
/home/vscode/.local/lib/python3.10/site-packages/airflow/example_dags/example_xcomargs.py                                                                  2           0  0.10s           2026-01-03T14:03:37
/home/vscode/.local/lib/python3.10/site-packages/airflow/example_dags/example_external_task_marker_dag.py                                                  2           0  0.10s           2026-01-03T14:04:20
/home/vscode/.local/lib/python3.10/site-packages/airflow/example_dags/example_subdag_operator.py                                                           3           0  0.10s           2026-01-03T14:03:55
/home/vscode/.local/lib/python3.10/site-packages/airflow/example_dags/example_branch_datetime_operator.py                                                  3           0  0.10s           2026-01-03T14:04:04
/home/vscode/.local/lib/python3.10/site-packages/airflow/example_dags/example_datasets.py                                                                  6           0  0.10s           2026-01-03T14:04:18
================================================================================
[2026-01-03T14:04:24.448+0000] {manager.py:470} INFO - Exiting gracefully upon receiving signal 15
[2026-01-03T14:07:33.589+0000] {manager.py:487} INFO - Processing files using up to 1 processes at a time 
[2026-01-03T14:07:33.589+0000] {manager.py:488} INFO - Process each file at most once every 30 seconds
[2026-01-03T14:07:33.590+0000] {manager.py:489} INFO - Checking for new files in /workspaces/hands-on-introduction-data-engineering-4395021/airflow/dags every 300 seconds
[2026-01-03T14:07:33.590+0000] {manager.py:758} INFO - Searching for files in /workspaces/hands-on-introduction-data-engineering-4395021/airflow/dags
[2026-01-03T14:07:33.591+0000] {manager.py:761} INFO - There are 0 files in /workspaces/hands-on-introduction-data-engineering-4395021/airflow/dags
[2026-01-03T14:12:33.607+0000] {manager.py:758} INFO - Searching for files in /workspaces/hands-on-introduction-data-engineering-4395021/airflow/dags
[2026-01-03T14:12:33.607+0000] {manager.py:761} INFO - There are 0 files in /workspaces/hands-on-introduction-data-engineering-4395021/airflow/dags
[2026-01-03T14:17:33.647+0000] {manager.py:758} INFO - Searching for files in /workspaces/hands-on-introduction-data-engineering-4395021/airflow/dags
[2026-01-03T14:17:33.647+0000] {manager.py:761} INFO - There are 0 files in /workspaces/hands-on-introduction-data-engineering-4395021/airflow/dags
[2026-01-03T14:22:33.688+0000] {manager.py:758} INFO - Searching for files in /workspaces/hands-on-introduction-data-engineering-4395021/airflow/dags
[2026-01-03T14:22:33.689+0000] {manager.py:761} INFO - There are 0 files in /workspaces/hands-on-introduction-data-engineering-4395021/airflow/dags
[2026-01-03T14:27:33.728+0000] {manager.py:758} INFO - Searching for files in /workspaces/hands-on-introduction-data-engineering-4395021/airflow/dags
[2026-01-03T14:27:33.729+0000] {manager.py:761} INFO - There are 0 files in /workspaces/hands-on-introduction-data-engineering-4395021/airflow/dags
[2026-01-03T14:32:33.768+0000] {manager.py:758} INFO - Searching for files in /workspaces/hands-on-introduction-data-engineering-4395021/airflow/dags
[2026-01-03T14:32:33.769+0000] {manager.py:761} INFO - There are 0 files in /workspaces/hands-on-introduction-data-engineering-4395021/airflow/dags
[2026-01-03T14:33:49.362+0000] {manager.py:470} INFO - Exiting gracefully upon receiving signal 15
[2026-01-03T14:37:53.196+0000] {manager.py:487} INFO - Processing files using up to 1 processes at a time 
[2026-01-03T14:37:53.197+0000] {manager.py:488} INFO - Process each file at most once every 30 seconds
[2026-01-03T14:37:53.197+0000] {manager.py:489} INFO - Checking for new files in /workspaces/hands-on-introduction-data-engineering-4395021/airflow/dags every 300 seconds
[2026-01-03T14:37:53.197+0000] {manager.py:758} INFO - Searching for files in /workspaces/hands-on-introduction-data-engineering-4395021/airflow/dags
[2026-01-03T14:37:53.199+0000] {manager.py:761} INFO - There are 0 files in /workspaces/hands-on-introduction-data-engineering-4395021/airflow/dags
[2026-01-03T14:42:53.205+0000] {manager.py:758} INFO - Searching for files in /workspaces/hands-on-introduction-data-engineering-4395021/airflow/dags
[2026-01-03T14:42:53.206+0000] {manager.py:761} INFO - There are 1 files in /workspaces/hands-on-introduction-data-engineering-4395021/airflow/dags
[2026-01-03T14:42:54.249+0000] {manager.py:889} INFO - 
================================================================================
DAG File Processing Stats

File Path                                                                                PID    Runtime      # DAGs    # Errors  Last Runtime    Last Run
---------------------------------------------------------------------------------------  -----  ---------  --------  ----------  --------------  -------------------
/workspaces/hands-on-introduction-data-engineering-4395021/airflow/dags/one_task_dag.py                           0           1  0.11s           2026-01-03T14:42:53
================================================================================
[2026-01-03T14:43:24.440+0000] {manager.py:889} INFO - 
================================================================================
DAG File Processing Stats

File Path                                                                                PID    Runtime      # DAGs    # Errors  Last Runtime    Last Run
---------------------------------------------------------------------------------------  -----  ---------  --------  ----------  --------------  -------------------
/workspaces/hands-on-introduction-data-engineering-4395021/airflow/dags/one_task_dag.py                           0           1  0.10s           2026-01-03T14:43:24
================================================================================
[2026-01-03T14:43:54.656+0000] {manager.py:889} INFO - 
================================================================================
DAG File Processing Stats

File Path                                                                                PID    Runtime      # DAGs    # Errors  Last Runtime    Last Run
---------------------------------------------------------------------------------------  -----  ---------  --------  ----------  --------------  -------------------
/workspaces/hands-on-introduction-data-engineering-4395021/airflow/dags/one_task_dag.py                           0           1  0.22s           2026-01-03T14:43:44
================================================================================
[2026-01-03T14:44:24.857+0000] {manager.py:889} INFO - 
================================================================================
DAG File Processing Stats

File Path                                                                                PID    Runtime      # DAGs    # Errors  Last Runtime    Last Run
---------------------------------------------------------------------------------------  -----  ---------  --------  ----------  --------------  -------------------
/workspaces/hands-on-introduction-data-engineering-4395021/airflow/dags/one_task_dag.py                           0           1  0.10s           2026-01-03T14:44:23
================================================================================
[2026-01-03T14:44:54.950+0000] {manager.py:889} INFO - 
================================================================================
DAG File Processing Stats

File Path                                                                                PID    Runtime      # DAGs    # Errors  Last Runtime    Last Run
---------------------------------------------------------------------------------------  -----  ---------  --------  ----------  --------------  -------------------
/workspaces/hands-on-introduction-data-engineering-4395021/airflow/dags/one_task_dag.py                           0           1  0.11s           2026-01-03T14:44:52
================================================================================
[2026-01-03T14:45:25.044+0000] {manager.py:889} INFO - 
================================================================================
DAG File Processing Stats

File Path                                                                                PID    Runtime      # DAGs    # Errors  Last Runtime    Last Run
---------------------------------------------------------------------------------------  -----  ---------  --------  ----------  --------------  -------------------
/workspaces/hands-on-introduction-data-engineering-4395021/airflow/dags/one_task_dag.py                           0           1  0.10s           2026-01-03T14:45:16
================================================================================
[2026-01-03T14:45:55.178+0000] {manager.py:889} INFO - 
================================================================================
DAG File Processing Stats

File Path                                                                                PID    Runtime      # DAGs    # Errors  Last Runtime    Last Run
---------------------------------------------------------------------------------------  -----  ---------  --------  ----------  --------------  -------------------
/workspaces/hands-on-introduction-data-engineering-4395021/airflow/dags/one_task_dag.py                           0           1  0.10s           2026-01-03T14:45:54
================================================================================
[2026-01-03T14:46:25.300+0000] {manager.py:889} INFO - 
================================================================================
DAG File Processing Stats

File Path                                                                                PID    Runtime      # DAGs    # Errors  Last Runtime    Last Run
---------------------------------------------------------------------------------------  -----  ---------  --------  ----------  --------------  -------------------
/workspaces/hands-on-introduction-data-engineering-4395021/airflow/dags/one_task_dag.py                           0           1  0.10s           2026-01-03T14:46:23
================================================================================
[2026-01-03T14:46:55.382+0000] {manager.py:889} INFO - 
================================================================================
DAG File Processing Stats

File Path                                                                                PID    Runtime      # DAGs    # Errors  Last Runtime    Last Run
---------------------------------------------------------------------------------------  -----  ---------  --------  ----------  --------------  -------------------
/workspaces/hands-on-introduction-data-engineering-4395021/airflow/dags/one_task_dag.py                           0           1  0.10s           2026-01-03T14:46:52
================================================================================
[2026-01-03T14:47:25.469+0000] {manager.py:889} INFO - 
================================================================================
DAG File Processing Stats

File Path                                                                                PID    Runtime      # DAGs    # Errors  Last Runtime    Last Run
---------------------------------------------------------------------------------------  -----  ---------  --------  ----------  --------------  -------------------
/workspaces/hands-on-introduction-data-engineering-4395021/airflow/dags/one_task_dag.py                           0           1  0.10s           2026-01-03T14:47:23
================================================================================
[2026-01-03T14:47:53.382+0000] {manager.py:758} INFO - Searching for files in /workspaces/hands-on-introduction-data-engineering-4395021/airflow/dags
[2026-01-03T14:47:53.384+0000] {manager.py:761} INFO - There are 1 files in /workspaces/hands-on-introduction-data-engineering-4395021/airflow/dags
[2026-01-03T14:47:55.559+0000] {manager.py:889} INFO - 
================================================================================
DAG File Processing Stats

File Path                                                                                PID    Runtime      # DAGs    # Errors  Last Runtime    Last Run
---------------------------------------------------------------------------------------  -----  ---------  --------  ----------  --------------  -------------------
/workspaces/hands-on-introduction-data-engineering-4395021/airflow/dags/one_task_dag.py                           0           1  0.10s           2026-01-03T14:47:54
================================================================================
[2026-01-03T14:48:25.750+0000] {manager.py:889} INFO - 
================================================================================
DAG File Processing Stats

File Path                                                                                PID    Runtime      # DAGs    # Errors  Last Runtime    Last Run
---------------------------------------------------------------------------------------  -----  ---------  --------  ----------  --------------  -------------------
/workspaces/hands-on-introduction-data-engineering-4395021/airflow/dags/one_task_dag.py                           0           1  0.10s           2026-01-03T14:48:25
================================================================================
[2026-01-03T14:48:55.857+0000] {manager.py:889} INFO - 
================================================================================
DAG File Processing Stats

File Path                                                                                PID    Runtime      # DAGs    # Errors  Last Runtime    Last Run
---------------------------------------------------------------------------------------  -----  ---------  --------  ----------  --------------  -------------------
/workspaces/hands-on-introduction-data-engineering-4395021/airflow/dags/one_task_dag.py                           0           1  0.11s           2026-01-03T14:48:46
================================================================================
[2026-01-03T14:49:25.939+0000] {manager.py:889} INFO - 
================================================================================
DAG File Processing Stats

File Path                                                                                PID    Runtime      # DAGs    # Errors  Last Runtime    Last Run
---------------------------------------------------------------------------------------  -----  ---------  --------  ----------  --------------  -------------------
/workspaces/hands-on-introduction-data-engineering-4395021/airflow/dags/one_task_dag.py                           0           1  0.10s           2026-01-03T14:49:18
================================================================================
[2026-01-03T14:49:56.024+0000] {manager.py:889} INFO - 
================================================================================
DAG File Processing Stats

File Path                                                                                PID    Runtime      # DAGs    # Errors  Last Runtime    Last Run
---------------------------------------------------------------------------------------  -----  ---------  --------  ----------  --------------  -------------------
/workspaces/hands-on-introduction-data-engineering-4395021/airflow/dags/one_task_dag.py                           0           1  0.10s           2026-01-03T14:49:34
================================================================================
[2026-01-03T14:50:26.109+0000] {manager.py:889} INFO - 
================================================================================
DAG File Processing Stats

File Path                                                                                PID    Runtime      # DAGs    # Errors  Last Runtime    Last Run
---------------------------------------------------------------------------------------  -----  ---------  --------  ----------  --------------  -------------------
/workspaces/hands-on-introduction-data-engineering-4395021/airflow/dags/one_task_dag.py                           0           1  0.10s           2026-01-03T14:50:04
================================================================================
[2026-01-03T14:50:56.198+0000] {manager.py:889} INFO - 
================================================================================
DAG File Processing Stats

File Path                                                                                PID    Runtime      # DAGs    # Errors  Last Runtime    Last Run
---------------------------------------------------------------------------------------  -----  ---------  --------  ----------  --------------  -------------------
/workspaces/hands-on-introduction-data-engineering-4395021/airflow/dags/one_task_dag.py                           0           1  0.10s           2026-01-03T14:50:34
================================================================================
[2026-01-03T14:51:26.293+0000] {manager.py:889} INFO - 
================================================================================
DAG File Processing Stats

File Path                                                                                PID    Runtime      # DAGs    # Errors  Last Runtime    Last Run
---------------------------------------------------------------------------------------  -----  ---------  --------  ----------  --------------  -------------------
/workspaces/hands-on-introduction-data-engineering-4395021/airflow/dags/one_task_dag.py                           0           1  0.10s           2026-01-03T14:51:14
================================================================================
[2026-01-03T14:51:56.383+0000] {manager.py:889} INFO - 
================================================================================
DAG File Processing Stats

File Path                                                                                PID    Runtime      # DAGs    # Errors  Last Runtime    Last Run
---------------------------------------------------------------------------------------  -----  ---------  --------  ----------  --------------  -------------------
/workspaces/hands-on-introduction-data-engineering-4395021/airflow/dags/one_task_dag.py                           0           1  0.10s           2026-01-03T14:51:52
================================================================================
[2026-01-03T14:52:26.466+0000] {manager.py:889} INFO - 
================================================================================
DAG File Processing Stats

File Path                                                                                PID    Runtime      # DAGs    # Errors  Last Runtime    Last Run
---------------------------------------------------------------------------------------  -----  ---------  --------  ----------  --------------  -------------------
/workspaces/hands-on-introduction-data-engineering-4395021/airflow/dags/one_task_dag.py                           0           1  0.10s           2026-01-03T14:52:23
================================================================================
[2026-01-03T14:52:53.434+0000] {manager.py:758} INFO - Searching for files in /workspaces/hands-on-introduction-data-engineering-4395021/airflow/dags
[2026-01-03T14:52:53.435+0000] {manager.py:761} INFO - There are 1 files in /workspaces/hands-on-introduction-data-engineering-4395021/airflow/dags
[2026-01-03T14:52:56.547+0000] {manager.py:889} INFO - 
================================================================================
DAG File Processing Stats

File Path                                                                                PID    Runtime      # DAGs    # Errors  Last Runtime    Last Run
---------------------------------------------------------------------------------------  -----  ---------  --------  ----------  --------------  -------------------
/workspaces/hands-on-introduction-data-engineering-4395021/airflow/dags/one_task_dag.py                           0           1  0.10s           2026-01-03T14:52:54
================================================================================
[2026-01-03T14:53:26.754+0000] {manager.py:889} INFO - 
================================================================================
DAG File Processing Stats

File Path                                                                                PID    Runtime      # DAGs    # Errors  Last Runtime    Last Run
---------------------------------------------------------------------------------------  -----  ---------  --------  ----------  --------------  -------------------
/workspaces/hands-on-introduction-data-engineering-4395021/airflow/dags/one_task_dag.py                           0           1  0.10s           2026-01-03T14:53:23
================================================================================
[2026-01-03T14:53:56.811+0000] {manager.py:889} INFO - 
================================================================================
DAG File Processing Stats

File Path                                                                                PID    Runtime      # DAGs    # Errors  Last Runtime    Last Run
---------------------------------------------------------------------------------------  -----  ---------  --------  ----------  --------------  -------------------
/workspaces/hands-on-introduction-data-engineering-4395021/airflow/dags/one_task_dag.py                           0           1  0.10s           2026-01-03T14:53:45
================================================================================
[2026-01-03T14:54:26.865+0000] {manager.py:889} INFO - 
================================================================================
DAG File Processing Stats

File Path                                                                                PID    Runtime      # DAGs    # Errors  Last Runtime    Last Run
---------------------------------------------------------------------------------------  -----  ---------  --------  ----------  --------------  -------------------
/workspaces/hands-on-introduction-data-engineering-4395021/airflow/dags/one_task_dag.py                           0           1  0.10s           2026-01-03T14:54:01
================================================================================
[2026-01-03T14:54:56.919+0000] {manager.py:889} INFO - 
================================================================================
DAG File Processing Stats

File Path                                                                                PID    Runtime      # DAGs    # Errors  Last Runtime    Last Run
---------------------------------------------------------------------------------------  -----  ---------  --------  ----------  --------------  -------------------
/workspaces/hands-on-introduction-data-engineering-4395021/airflow/dags/one_task_dag.py                           0           1  0.10s           2026-01-03T14:54:31
================================================================================
[2026-01-03T14:55:26.974+0000] {manager.py:889} INFO - 
================================================================================
DAG File Processing Stats

File Path                                                                                PID    Runtime      # DAGs    # Errors  Last Runtime    Last Run
---------------------------------------------------------------------------------------  -----  ---------  --------  ----------  --------------  -------------------
/workspaces/hands-on-introduction-data-engineering-4395021/airflow/dags/one_task_dag.py                           0           1  0.10s           2026-01-03T14:55:02
================================================================================
[2026-01-03T14:55:57.029+0000] {manager.py:889} INFO - 
================================================================================
DAG File Processing Stats

File Path                                                                                PID    Runtime      # DAGs    # Errors  Last Runtime    Last Run
---------------------------------------------------------------------------------------  -----  ---------  --------  ----------  --------------  -------------------
/workspaces/hands-on-introduction-data-engineering-4395021/airflow/dags/one_task_dag.py                           0           1  0.10s           2026-01-03T14:55:32
================================================================================
[2026-01-03T14:56:27.102+0000] {manager.py:889} INFO - 
================================================================================
DAG File Processing Stats

File Path                                                                                PID    Runtime      # DAGs    # Errors  Last Runtime    Last Run
---------------------------------------------------------------------------------------  -----  ---------  --------  ----------  --------------  -------------------
/workspaces/hands-on-introduction-data-engineering-4395021/airflow/dags/one_task_dag.py                           0           1  0.10s           2026-01-03T14:56:02
================================================================================
[2026-01-03T14:56:57.156+0000] {manager.py:889} INFO - 
================================================================================
DAG File Processing Stats

File Path                                                                                PID    Runtime      # DAGs    # Errors  Last Runtime    Last Run
---------------------------------------------------------------------------------------  -----  ---------  --------  ----------  --------------  -------------------
/workspaces/hands-on-introduction-data-engineering-4395021/airflow/dags/one_task_dag.py                           0           1  0.10s           2026-01-03T14:56:32
================================================================================
[2026-01-03T14:57:27.328+0000] {manager.py:889} INFO - 
================================================================================
DAG File Processing Stats

File Path                                                                                PID    Runtime      # DAGs    # Errors  Last Runtime    Last Run
---------------------------------------------------------------------------------------  -----  ---------  --------  ----------  --------------  -------------------
/workspaces/hands-on-introduction-data-engineering-4395021/airflow/dags/one_task_dag.py                           0           1  0.10s           2026-01-03T14:57:14
================================================================================
[2026-01-03T14:57:53.474+0000] {manager.py:758} INFO - Searching for files in /workspaces/hands-on-introduction-data-engineering-4395021/airflow/dags
[2026-01-03T14:57:53.475+0000] {manager.py:761} INFO - There are 1 files in /workspaces/hands-on-introduction-data-engineering-4395021/airflow/dags
[2026-01-03T14:57:57.380+0000] {manager.py:889} INFO - 
================================================================================
DAG File Processing Stats

File Path                                                                                PID    Runtime      # DAGs    # Errors  Last Runtime    Last Run
---------------------------------------------------------------------------------------  -----  ---------  --------  ----------  --------------  -------------------
/workspaces/hands-on-introduction-data-engineering-4395021/airflow/dags/one_task_dag.py                           0           1  0.10s           2026-01-03T14:57:33
================================================================================
[2026-01-03T14:58:27.442+0000] {manager.py:889} INFO - 
================================================================================
DAG File Processing Stats

File Path                                                                                PID    Runtime      # DAGs    # Errors  Last Runtime    Last Run
---------------------------------------------------------------------------------------  -----  ---------  --------  ----------  --------------  -------------------
/workspaces/hands-on-introduction-data-engineering-4395021/airflow/dags/one_task_dag.py                           0           1  0.10s           2026-01-03T14:58:04
================================================================================
[2026-01-03T14:58:57.504+0000] {manager.py:889} INFO - 
================================================================================
DAG File Processing Stats

File Path                                                                                PID    Runtime      # DAGs    # Errors  Last Runtime    Last Run
---------------------------------------------------------------------------------------  -----  ---------  --------  ----------  --------------  -------------------
/workspaces/hands-on-introduction-data-engineering-4395021/airflow/dags/one_task_dag.py                           0           1  0.10s           2026-01-03T14:58:34
================================================================================
[2026-01-03T14:59:27.562+0000] {manager.py:889} INFO - 
================================================================================
DAG File Processing Stats

File Path                                                                                PID    Runtime      # DAGs    # Errors  Last Runtime    Last Run
---------------------------------------------------------------------------------------  -----  ---------  --------  ----------  --------------  -------------------
/workspaces/hands-on-introduction-data-engineering-4395021/airflow/dags/one_task_dag.py                           0           1  0.10s           2026-01-03T14:59:26
================================================================================
[2026-01-03T14:59:57.617+0000] {manager.py:889} INFO - 
================================================================================
DAG File Processing Stats

File Path                                                                                PID    Runtime      # DAGs    # Errors  Last Runtime    Last Run
---------------------------------------------------------------------------------------  -----  ---------  --------  ----------  --------------  -------------------
/workspaces/hands-on-introduction-data-engineering-4395021/airflow/dags/one_task_dag.py                           0           1  0.10s           2026-01-03T14:59:33
================================================================================
[2026-01-03T15:00:27.676+0000] {manager.py:889} INFO - 
================================================================================
DAG File Processing Stats

File Path                                                                                PID    Runtime      # DAGs    # Errors  Last Runtime    Last Run
---------------------------------------------------------------------------------------  -----  ---------  --------  ----------  --------------  -------------------
/workspaces/hands-on-introduction-data-engineering-4395021/airflow/dags/one_task_dag.py                           0           1  0.10s           2026-01-03T15:00:02
================================================================================
[2026-01-03T15:00:57.731+0000] {manager.py:889} INFO - 
================================================================================
DAG File Processing Stats

File Path                                                                                PID    Runtime      # DAGs    # Errors  Last Runtime    Last Run
---------------------------------------------------------------------------------------  -----  ---------  --------  ----------  --------------  -------------------
/workspaces/hands-on-introduction-data-engineering-4395021/airflow/dags/one_task_dag.py                           0           1  0.10s           2026-01-03T15:00:33
================================================================================
[2026-01-03T15:01:27.783+0000] {manager.py:889} INFO - 
================================================================================
DAG File Processing Stats

File Path                                                                                PID    Runtime      # DAGs    # Errors  Last Runtime    Last Run
---------------------------------------------------------------------------------------  -----  ---------  --------  ----------  --------------  -------------------
/workspaces/hands-on-introduction-data-engineering-4395021/airflow/dags/one_task_dag.py                           0           1  0.10s           2026-01-03T15:01:03
================================================================================
[2026-01-03T15:01:57.838+0000] {manager.py:889} INFO - 
================================================================================
DAG File Processing Stats

File Path                                                                                PID    Runtime      # DAGs    # Errors  Last Runtime    Last Run
---------------------------------------------------------------------------------------  -----  ---------  --------  ----------  --------------  -------------------
/workspaces/hands-on-introduction-data-engineering-4395021/airflow/dags/one_task_dag.py                           0           1  0.10s           2026-01-03T15:01:34
================================================================================
[2026-01-03T15:02:27.896+0000] {manager.py:889} INFO - 
================================================================================
DAG File Processing Stats

File Path                                                                                PID    Runtime      # DAGs    # Errors  Last Runtime    Last Run
---------------------------------------------------------------------------------------  -----  ---------  --------  ----------  --------------  -------------------
/workspaces/hands-on-introduction-data-engineering-4395021/airflow/dags/one_task_dag.py                           0           1  0.10s           2026-01-03T15:02:04
================================================================================
[2026-01-03T15:02:53.512+0000] {manager.py:758} INFO - Searching for files in /workspaces/hands-on-introduction-data-engineering-4395021/airflow/dags
[2026-01-03T15:02:53.514+0000] {manager.py:761} INFO - There are 1 files in /workspaces/hands-on-introduction-data-engineering-4395021/airflow/dags
[2026-01-03T15:02:57.950+0000] {manager.py:889} INFO - 
================================================================================
DAG File Processing Stats

File Path                                                                                PID    Runtime      # DAGs    # Errors  Last Runtime    Last Run
---------------------------------------------------------------------------------------  -----  ---------  --------  ----------  --------------  -------------------
/workspaces/hands-on-introduction-data-engineering-4395021/airflow/dags/one_task_dag.py                           0           1  0.10s           2026-01-03T15:02:34
================================================================================
[2026-01-03T15:03:28.014+0000] {manager.py:889} INFO - 
================================================================================
DAG File Processing Stats

File Path                                                                                PID    Runtime      # DAGs    # Errors  Last Runtime    Last Run
---------------------------------------------------------------------------------------  -----  ---------  --------  ----------  --------------  -------------------
/workspaces/hands-on-introduction-data-engineering-4395021/airflow/dags/one_task_dag.py                           0           1  0.10s           2026-01-03T15:03:04
================================================================================
[2026-01-03T15:03:58.066+0000] {manager.py:889} INFO - 
================================================================================
DAG File Processing Stats

File Path                                                                                PID    Runtime      # DAGs    # Errors  Last Runtime    Last Run
---------------------------------------------------------------------------------------  -----  ---------  --------  ----------  --------------  -------------------
/workspaces/hands-on-introduction-data-engineering-4395021/airflow/dags/one_task_dag.py                           0           1  0.10s           2026-01-03T15:03:34
================================================================================
[2026-01-03T15:04:28.133+0000] {manager.py:889} INFO - 
================================================================================
DAG File Processing Stats

File Path                                                                                PID    Runtime      # DAGs    # Errors  Last Runtime    Last Run
---------------------------------------------------------------------------------------  -----  ---------  --------  ----------  --------------  -------------------
/workspaces/hands-on-introduction-data-engineering-4395021/airflow/dags/one_task_dag.py                           0           1  0.10s           2026-01-03T15:04:04
================================================================================
[2026-01-03T15:04:58.177+0000] {manager.py:889} INFO - 
================================================================================
DAG File Processing Stats

File Path                                                                                PID    Runtime      # DAGs    # Errors  Last Runtime    Last Run
---------------------------------------------------------------------------------------  -----  ---------  --------  ----------  --------------  -------------------
/workspaces/hands-on-introduction-data-engineering-4395021/airflow/dags/one_task_dag.py                           1           0  0.11s           2026-01-03T15:04:55
================================================================================
[2026-01-03T15:05:28.371+0000] {manager.py:889} INFO - 
================================================================================
DAG File Processing Stats

File Path                                                                                PID    Runtime      # DAGs    # Errors  Last Runtime    Last Run
---------------------------------------------------------------------------------------  -----  ---------  --------  ----------  --------------  -------------------
/workspaces/hands-on-introduction-data-engineering-4395021/airflow/dags/one_task_dag.py                           1           0  0.11s           2026-01-03T15:05:25
================================================================================
[2026-01-03T15:05:58.612+0000] {manager.py:889} INFO - 
================================================================================
DAG File Processing Stats

File Path                                                                                PID    Runtime      # DAGs    # Errors  Last Runtime    Last Run
---------------------------------------------------------------------------------------  -----  ---------  --------  ----------  --------------  -------------------
/workspaces/hands-on-introduction-data-engineering-4395021/airflow/dags/one_task_dag.py                           1           0  0.10s           2026-01-03T15:05:48
================================================================================
[2026-01-03T15:06:28.826+0000] {manager.py:889} INFO - 
================================================================================
DAG File Processing Stats

File Path                                                                                PID    Runtime      # DAGs    # Errors  Last Runtime    Last Run
---------------------------------------------------------------------------------------  -----  ---------  --------  ----------  --------------  -------------------
/workspaces/hands-on-introduction-data-engineering-4395021/airflow/dags/one_task_dag.py                           1           0  0.10s           2026-01-03T15:06:18
================================================================================
[2026-01-03T15:06:59.024+0000] {manager.py:889} INFO - 
================================================================================
DAG File Processing Stats

File Path                                                                                PID    Runtime      # DAGs    # Errors  Last Runtime    Last Run
---------------------------------------------------------------------------------------  -----  ---------  --------  ----------  --------------  -------------------
/workspaces/hands-on-introduction-data-engineering-4395021/airflow/dags/one_task_dag.py                           1           0  0.10s           2026-01-03T15:06:49
================================================================================
[2026-01-03T15:07:29.225+0000] {manager.py:889} INFO - 
================================================================================
DAG File Processing Stats

File Path                                                                                PID    Runtime      # DAGs    # Errors  Last Runtime    Last Run
---------------------------------------------------------------------------------------  -----  ---------  --------  ----------  --------------  -------------------
/workspaces/hands-on-introduction-data-engineering-4395021/airflow/dags/one_task_dag.py                           1           0  0.10s           2026-01-03T15:07:19
================================================================================
[2026-01-03T15:07:53.566+0000] {manager.py:758} INFO - Searching for files in /workspaces/hands-on-introduction-data-engineering-4395021/airflow/dags
[2026-01-03T15:07:53.567+0000] {manager.py:761} INFO - There are 1 files in /workspaces/hands-on-introduction-data-engineering-4395021/airflow/dags
[2026-01-03T15:07:59.416+0000] {manager.py:889} INFO - 
================================================================================
DAG File Processing Stats

File Path                                                                                PID    Runtime      # DAGs    # Errors  Last Runtime    Last Run
---------------------------------------------------------------------------------------  -----  ---------  --------  ----------  --------------  -------------------
/workspaces/hands-on-introduction-data-engineering-4395021/airflow/dags/one_task_dag.py                           1           0  0.10s           2026-01-03T15:07:49
================================================================================
[2026-01-03T15:08:29.639+0000] {manager.py:889} INFO - 
================================================================================
DAG File Processing Stats

File Path                                                                                PID    Runtime      # DAGs    # Errors  Last Runtime    Last Run
---------------------------------------------------------------------------------------  -----  ---------  --------  ----------  --------------  -------------------
/workspaces/hands-on-introduction-data-engineering-4395021/airflow/dags/one_task_dag.py                           1           0  0.10s           2026-01-03T15:08:19
================================================================================
[2026-01-03T15:08:59.826+0000] {manager.py:889} INFO - 
================================================================================
DAG File Processing Stats

File Path                                                                                PID    Runtime      # DAGs    # Errors  Last Runtime    Last Run
---------------------------------------------------------------------------------------  -----  ---------  --------  ----------  --------------  -------------------
/workspaces/hands-on-introduction-data-engineering-4395021/airflow/dags/one_task_dag.py                           1           0  0.10s           2026-01-03T15:08:49
================================================================================
[2026-01-03T15:09:30.014+0000] {manager.py:889} INFO - 
================================================================================
DAG File Processing Stats

File Path                                                                                PID    Runtime      # DAGs    # Errors  Last Runtime    Last Run
---------------------------------------------------------------------------------------  -----  ---------  --------  ----------  --------------  -------------------
/workspaces/hands-on-introduction-data-engineering-4395021/airflow/dags/one_task_dag.py                           1           0  0.10s           2026-01-03T15:09:19
================================================================================
[2026-01-03T15:10:00.206+0000] {manager.py:889} INFO - 
================================================================================
DAG File Processing Stats

File Path                                                                                PID    Runtime      # DAGs    # Errors  Last Runtime    Last Run
---------------------------------------------------------------------------------------  -----  ---------  --------  ----------  --------------  -------------------
/workspaces/hands-on-introduction-data-engineering-4395021/airflow/dags/one_task_dag.py                           1           0  0.10s           2026-01-03T15:09:50
================================================================================
[2026-01-03T15:10:30.394+0000] {manager.py:889} INFO - 
================================================================================
DAG File Processing Stats

File Path                                                                                PID    Runtime      # DAGs    # Errors  Last Runtime    Last Run
---------------------------------------------------------------------------------------  -----  ---------  --------  ----------  --------------  -------------------
/workspaces/hands-on-introduction-data-engineering-4395021/airflow/dags/one_task_dag.py                           0           1  0.10s           2026-01-03T15:10:26
================================================================================
[2026-01-03T15:11:00.477+0000] {manager.py:889} INFO - 
================================================================================
DAG File Processing Stats

File Path                                                                                PID    Runtime      # DAGs    # Errors  Last Runtime    Last Run
---------------------------------------------------------------------------------------  -----  ---------  --------  ----------  --------------  -------------------
/workspaces/hands-on-introduction-data-engineering-4395021/airflow/dags/one_task_dag.py                           0           1  0.10s           2026-01-03T15:10:59
================================================================================
[2026-01-03T15:11:30.579+0000] {manager.py:889} INFO - 
================================================================================
DAG File Processing Stats

File Path                                                                                PID    Runtime      # DAGs    # Errors  Last Runtime    Last Run
---------------------------------------------------------------------------------------  -----  ---------  --------  ----------  --------------  -------------------
/workspaces/hands-on-introduction-data-engineering-4395021/airflow/dags/one_task_dag.py                           0           1  0.10s           2026-01-03T15:11:04
================================================================================
[2026-01-03T15:12:00.668+0000] {manager.py:889} INFO - 
================================================================================
DAG File Processing Stats

File Path                                                                                PID    Runtime      # DAGs    # Errors  Last Runtime    Last Run
---------------------------------------------------------------------------------------  -----  ---------  --------  ----------  --------------  -------------------
/workspaces/hands-on-introduction-data-engineering-4395021/airflow/dags/one_task_dag.py                           0           1  0.10s           2026-01-03T15:12:00
================================================================================
[2026-01-03T15:12:30.735+0000] {manager.py:889} INFO - 
================================================================================
DAG File Processing Stats

File Path                                                                                PID    Runtime      # DAGs    # Errors  Last Runtime    Last Run
---------------------------------------------------------------------------------------  -----  ---------  --------  ----------  --------------  -------------------
/workspaces/hands-on-introduction-data-engineering-4395021/airflow/dags/one_task_dag.py                           1           0  0.20s           2026-01-03T15:12:29
================================================================================
[2026-01-03T15:12:53.604+0000] {manager.py:758} INFO - Searching for files in /workspaces/hands-on-introduction-data-engineering-4395021/airflow/dags
[2026-01-03T15:12:53.606+0000] {manager.py:761} INFO - There are 1 files in /workspaces/hands-on-introduction-data-engineering-4395021/airflow/dags
[2026-01-03T15:13:00.995+0000] {manager.py:889} INFO - 
================================================================================
DAG File Processing Stats

File Path                                                                                PID    Runtime      # DAGs    # Errors  Last Runtime    Last Run
---------------------------------------------------------------------------------------  -----  ---------  --------  ----------  --------------  -------------------
/workspaces/hands-on-introduction-data-engineering-4395021/airflow/dags/one_task_dag.py                           1           0  0.10s           2026-01-03T15:12:50
================================================================================
[2026-01-03T15:13:31.181+0000] {manager.py:889} INFO - 
================================================================================
DAG File Processing Stats

File Path                                                                                PID    Runtime      # DAGs    # Errors  Last Runtime    Last Run
---------------------------------------------------------------------------------------  -----  ---------  --------  ----------  --------------  -------------------
/workspaces/hands-on-introduction-data-engineering-4395021/airflow/dags/one_task_dag.py                           1           0  0.10s           2026-01-03T15:13:21
================================================================================
[2026-01-03T15:14:01.262+0000] {manager.py:889} INFO - 
================================================================================
DAG File Processing Stats

File Path                                                                                PID    Runtime      # DAGs    # Errors  Last Runtime    Last Run
---------------------------------------------------------------------------------------  -----  ---------  --------  ----------  --------------  -------------------
/workspaces/hands-on-introduction-data-engineering-4395021/airflow/dags/one_task_dag.py                           1           0  0.20s           2026-01-03T15:13:51
================================================================================
[2026-01-03T15:14:31.320+0000] {manager.py:889} INFO - 
================================================================================
DAG File Processing Stats

File Path                                                                                PID    Runtime      # DAGs    # Errors  Last Runtime    Last Run
---------------------------------------------------------------------------------------  -----  ---------  --------  ----------  --------------  -------------------
/workspaces/hands-on-introduction-data-engineering-4395021/airflow/dags/one_task_dag.py                           1           0  0.10s           2026-01-03T15:14:21
================================================================================
[2026-01-03T15:15:01.372+0000] {manager.py:889} INFO - 
================================================================================
DAG File Processing Stats

File Path                                                                                PID    Runtime      # DAGs    # Errors  Last Runtime    Last Run
---------------------------------------------------------------------------------------  -----  ---------  --------  ----------  --------------  -------------------
/workspaces/hands-on-introduction-data-engineering-4395021/airflow/dags/one_task_dag.py                           1           0  0.10s           2026-01-03T15:14:51
================================================================================
[2026-01-03T15:15:31.435+0000] {manager.py:889} INFO - 
================================================================================
DAG File Processing Stats

File Path                                                                                PID    Runtime      # DAGs    # Errors  Last Runtime    Last Run
---------------------------------------------------------------------------------------  -----  ---------  --------  ----------  --------------  -------------------
/workspaces/hands-on-introduction-data-engineering-4395021/airflow/dags/one_task_dag.py                           1           0  0.10s           2026-01-03T15:15:22
================================================================================
[2026-01-03T15:16:01.489+0000] {manager.py:889} INFO - 
================================================================================
DAG File Processing Stats

File Path                                                                                PID    Runtime      # DAGs    # Errors  Last Runtime    Last Run
---------------------------------------------------------------------------------------  -----  ---------  --------  ----------  --------------  -------------------
/workspaces/hands-on-introduction-data-engineering-4395021/airflow/dags/one_task_dag.py                           1           0  0.10s           2026-01-03T15:15:52
================================================================================
[2026-01-03T15:16:31.546+0000] {manager.py:889} INFO - 
================================================================================
DAG File Processing Stats

File Path                                                                                PID    Runtime      # DAGs    # Errors  Last Runtime    Last Run
---------------------------------------------------------------------------------------  -----  ---------  --------  ----------  --------------  -------------------
/workspaces/hands-on-introduction-data-engineering-4395021/airflow/dags/one_task_dag.py                           1           0  0.10s           2026-01-03T15:16:23
================================================================================
[2026-01-03T15:17:01.608+0000] {manager.py:889} INFO - 
================================================================================
DAG File Processing Stats

File Path                                                                                PID    Runtime      # DAGs    # Errors  Last Runtime    Last Run
---------------------------------------------------------------------------------------  -----  ---------  --------  ----------  --------------  -------------------
/workspaces/hands-on-introduction-data-engineering-4395021/airflow/dags/one_task_dag.py                           1           0  0.10s           2026-01-03T15:16:53
================================================================================
[2026-01-03T15:17:31.739+0000] {manager.py:889} INFO - 
================================================================================
DAG File Processing Stats

File Path                                                                                PID    Runtime      # DAGs    # Errors  Last Runtime    Last Run
---------------------------------------------------------------------------------------  -----  ---------  --------  ----------  --------------  -------------------
/workspaces/hands-on-introduction-data-engineering-4395021/airflow/dags/one_task_dag.py                           1           0  0.10s           2026-01-03T15:17:23
================================================================================
[2026-01-03T15:17:53.644+0000] {manager.py:758} INFO - Searching for files in /workspaces/hands-on-introduction-data-engineering-4395021/airflow/dags
[2026-01-03T15:17:53.645+0000] {manager.py:761} INFO - There are 1 files in /workspaces/hands-on-introduction-data-engineering-4395021/airflow/dags
[2026-01-03T15:18:01.929+0000] {manager.py:889} INFO - 
================================================================================
DAG File Processing Stats

File Path                                                                                PID    Runtime      # DAGs    # Errors  Last Runtime    Last Run
---------------------------------------------------------------------------------------  -----  ---------  --------  ----------  --------------  -------------------
/workspaces/hands-on-introduction-data-engineering-4395021/airflow/dags/one_task_dag.py                           1           0  0.10s           2026-01-03T15:17:53
================================================================================
[2026-01-03T15:18:32.226+0000] {manager.py:889} INFO - 
================================================================================
DAG File Processing Stats

File Path                                                                                PID    Runtime      # DAGs    # Errors  Last Runtime    Last Run
---------------------------------------------------------------------------------------  -----  ---------  --------  ----------  --------------  -------------------
/workspaces/hands-on-introduction-data-engineering-4395021/airflow/dags/one_task_dag.py                           1           0  0.10s           2026-01-03T15:18:24
================================================================================
[2026-01-03T15:19:02.518+0000] {manager.py:889} INFO - 
================================================================================
DAG File Processing Stats

File Path                                                                                PID    Runtime      # DAGs    # Errors  Last Runtime    Last Run
---------------------------------------------------------------------------------------  -----  ---------  --------  ----------  --------------  -------------------
/workspaces/hands-on-introduction-data-engineering-4395021/airflow/dags/one_task_dag.py                           1           0  0.10s           2026-01-03T15:18:54
================================================================================
[2026-01-03T15:19:32.823+0000] {manager.py:889} INFO - 
================================================================================
DAG File Processing Stats

File Path                                                                                PID    Runtime      # DAGs    # Errors  Last Runtime    Last Run
---------------------------------------------------------------------------------------  -----  ---------  --------  ----------  --------------  -------------------
/workspaces/hands-on-introduction-data-engineering-4395021/airflow/dags/one_task_dag.py                           1           0  0.10s           2026-01-03T15:19:24
================================================================================
[2026-01-03T15:20:03.119+0000] {manager.py:889} INFO - 
================================================================================
DAG File Processing Stats

File Path                                                                                PID    Runtime      # DAGs    # Errors  Last Runtime    Last Run
---------------------------------------------------------------------------------------  -----  ---------  --------  ----------  --------------  -------------------
/workspaces/hands-on-introduction-data-engineering-4395021/airflow/dags/one_task_dag.py                           1           0  0.10s           2026-01-03T15:19:55
================================================================================
[2026-01-03T15:20:33.415+0000] {manager.py:889} INFO - 
================================================================================
DAG File Processing Stats

File Path                                                                                PID    Runtime      # DAGs    # Errors  Last Runtime    Last Run
---------------------------------------------------------------------------------------  -----  ---------  --------  ----------  --------------  -------------------
/workspaces/hands-on-introduction-data-engineering-4395021/airflow/dags/one_task_dag.py                           1           0  0.10s           2026-01-03T15:20:25
================================================================================
[2026-01-03T15:21:03.632+0000] {manager.py:889} INFO - 
================================================================================
DAG File Processing Stats

File Path                                                                                PID    Runtime      # DAGs    # Errors  Last Runtime    Last Run
---------------------------------------------------------------------------------------  -----  ---------  --------  ----------  --------------  -------------------
/workspaces/hands-on-introduction-data-engineering-4395021/airflow/dags/one_task_dag.py                           1           0  0.10s           2026-01-03T15:20:55
================================================================================
[2026-01-03T15:21:33.720+0000] {manager.py:889} INFO - 
================================================================================
DAG File Processing Stats

File Path                                                                                PID    Runtime      # DAGs    # Errors  Last Runtime    Last Run
---------------------------------------------------------------------------------------  -----  ---------  --------  ----------  --------------  -------------------
/workspaces/hands-on-introduction-data-engineering-4395021/airflow/dags/one_task_dag.py                           1           0  0.10s           2026-01-03T15:21:25
================================================================================
[2026-01-03T15:22:03.801+0000] {manager.py:889} INFO - 
================================================================================
DAG File Processing Stats

File Path                                                                                PID    Runtime      # DAGs    # Errors  Last Runtime    Last Run
---------------------------------------------------------------------------------------  -----  ---------  --------  ----------  --------------  -------------------
/workspaces/hands-on-introduction-data-engineering-4395021/airflow/dags/one_task_dag.py                           1           0  0.10s           2026-01-03T15:21:56
================================================================================
[2026-01-03T15:22:33.889+0000] {manager.py:889} INFO - 
================================================================================
DAG File Processing Stats

File Path                                                                                PID    Runtime      # DAGs    # Errors  Last Runtime    Last Run
---------------------------------------------------------------------------------------  -----  ---------  --------  ----------  --------------  -------------------
/workspaces/hands-on-introduction-data-engineering-4395021/airflow/dags/one_task_dag.py                           1           0  0.10s           2026-01-03T15:22:26
================================================================================
[2026-01-03T15:22:53.671+0000] {manager.py:758} INFO - Searching for files in /workspaces/hands-on-introduction-data-engineering-4395021/airflow/dags
[2026-01-03T15:22:53.672+0000] {manager.py:761} INFO - There are 1 files in /workspaces/hands-on-introduction-data-engineering-4395021/airflow/dags
[2026-01-03T15:23:03.976+0000] {manager.py:889} INFO - 
================================================================================
DAG File Processing Stats

File Path                                                                                PID    Runtime      # DAGs    # Errors  Last Runtime    Last Run
---------------------------------------------------------------------------------------  -----  ---------  --------  ----------  --------------  -------------------
/workspaces/hands-on-introduction-data-engineering-4395021/airflow/dags/one_task_dag.py                           1           0  0.10s           2026-01-03T15:22:56
================================================================================
[2026-01-03T15:23:34.058+0000] {manager.py:889} INFO - 
================================================================================
DAG File Processing Stats

File Path                                                                                PID    Runtime      # DAGs    # Errors  Last Runtime    Last Run
---------------------------------------------------------------------------------------  -----  ---------  --------  ----------  --------------  -------------------
/workspaces/hands-on-introduction-data-engineering-4395021/airflow/dags/one_task_dag.py                           1           0  0.10s           2026-01-03T15:23:27
================================================================================
[2026-01-03T15:24:04.140+0000] {manager.py:889} INFO - 
================================================================================
DAG File Processing Stats

File Path                                                                                PID    Runtime      # DAGs    # Errors  Last Runtime    Last Run
---------------------------------------------------------------------------------------  -----  ---------  --------  ----------  --------------  -------------------
/workspaces/hands-on-introduction-data-engineering-4395021/airflow/dags/one_task_dag.py                           1           0  0.10s           2026-01-03T15:23:57
================================================================================
[2026-01-03T15:24:34.222+0000] {manager.py:889} INFO - 
================================================================================
DAG File Processing Stats

File Path                                                                                PID    Runtime      # DAGs    # Errors  Last Runtime    Last Run
---------------------------------------------------------------------------------------  -----  ---------  --------  ----------  --------------  -------------------
/workspaces/hands-on-introduction-data-engineering-4395021/airflow/dags/one_task_dag.py                           1           0  0.10s           2026-01-03T15:24:27
================================================================================
[2026-01-03T15:25:04.303+0000] {manager.py:889} INFO - 
================================================================================
DAG File Processing Stats

File Path                                                                                PID    Runtime      # DAGs    # Errors  Last Runtime    Last Run
---------------------------------------------------------------------------------------  -----  ---------  --------  ----------  --------------  -------------------
/workspaces/hands-on-introduction-data-engineering-4395021/airflow/dags/one_task_dag.py                           1           0  0.10s           2026-01-03T15:24:57
================================================================================
[2026-01-03T15:25:34.384+0000] {manager.py:889} INFO - 
================================================================================
DAG File Processing Stats

File Path                                                                                PID    Runtime      # DAGs    # Errors  Last Runtime    Last Run
---------------------------------------------------------------------------------------  -----  ---------  --------  ----------  --------------  -------------------
/workspaces/hands-on-introduction-data-engineering-4395021/airflow/dags/one_task_dag.py                           1           0  0.10s           2026-01-03T15:25:28
================================================================================
[2026-01-03T15:26:04.465+0000] {manager.py:889} INFO - 
================================================================================
DAG File Processing Stats

File Path                                                                                PID    Runtime      # DAGs    # Errors  Last Runtime    Last Run
---------------------------------------------------------------------------------------  -----  ---------  --------  ----------  --------------  -------------------
/workspaces/hands-on-introduction-data-engineering-4395021/airflow/dags/one_task_dag.py                           1           0  0.10s           2026-01-03T15:25:58
================================================================================
[2026-01-03T15:26:34.558+0000] {manager.py:889} INFO - 
================================================================================
DAG File Processing Stats

File Path                                                                                PID    Runtime      # DAGs    # Errors  Last Runtime    Last Run
---------------------------------------------------------------------------------------  -----  ---------  --------  ----------  --------------  -------------------
/workspaces/hands-on-introduction-data-engineering-4395021/airflow/dags/one_task_dag.py                           1           0  0.10s           2026-01-03T15:26:28
================================================================================
[2026-01-03T15:27:04.642+0000] {manager.py:889} INFO - 
================================================================================
DAG File Processing Stats

File Path                                                                                PID    Runtime      # DAGs    # Errors  Last Runtime    Last Run
---------------------------------------------------------------------------------------  -----  ---------  --------  ----------  --------------  -------------------
/workspaces/hands-on-introduction-data-engineering-4395021/airflow/dags/one_task_dag.py                           1           0  0.10s           2026-01-03T15:26:58
================================================================================
[2026-01-03T15:27:34.705+0000] {manager.py:889} INFO - 
================================================================================
DAG File Processing Stats

File Path                                                                                PID    Runtime      # DAGs    # Errors  Last Runtime    Last Run
---------------------------------------------------------------------------------------  -----  ---------  --------  ----------  --------------  -------------------
/workspaces/hands-on-introduction-data-engineering-4395021/airflow/dags/one_task_dag.py                           1           0  0.10s           2026-01-03T15:27:29
================================================================================
[2026-01-03T15:27:53.815+0000] {manager.py:758} INFO - Searching for files in /workspaces/hands-on-introduction-data-engineering-4395021/airflow/dags
[2026-01-03T15:27:53.816+0000] {manager.py:761} INFO - There are 1 files in /workspaces/hands-on-introduction-data-engineering-4395021/airflow/dags
[2026-01-03T15:28:04.764+0000] {manager.py:889} INFO - 
================================================================================
DAG File Processing Stats

File Path                                                                                PID    Runtime      # DAGs    # Errors  Last Runtime    Last Run
---------------------------------------------------------------------------------------  -----  ---------  --------  ----------  --------------  -------------------
/workspaces/hands-on-introduction-data-engineering-4395021/airflow/dags/one_task_dag.py                           1           0  0.10s           2026-01-03T15:27:59
================================================================================
[2026-01-03T15:28:34.845+0000] {manager.py:889} INFO - 
================================================================================
DAG File Processing Stats

File Path                                                                                PID    Runtime      # DAGs    # Errors  Last Runtime    Last Run
---------------------------------------------------------------------------------------  -----  ---------  --------  ----------  --------------  -------------------
/workspaces/hands-on-introduction-data-engineering-4395021/airflow/dags/one_task_dag.py                           1           0  0.10s           2026-01-03T15:28:29
================================================================================
[2026-01-03T15:29:04.947+0000] {manager.py:889} INFO - 
================================================================================
DAG File Processing Stats

File Path                                                                                PID    Runtime      # DAGs    # Errors  Last Runtime    Last Run
---------------------------------------------------------------------------------------  -----  ---------  --------  ----------  --------------  -------------------
/workspaces/hands-on-introduction-data-engineering-4395021/airflow/dags/one_task_dag.py                           1           0  0.10s           2026-01-03T15:28:59
================================================================================
[2026-01-03T15:29:35.029+0000] {manager.py:889} INFO - 
================================================================================
DAG File Processing Stats

File Path                                                                                PID    Runtime      # DAGs    # Errors  Last Runtime    Last Run
---------------------------------------------------------------------------------------  -----  ---------  --------  ----------  --------------  -------------------
/workspaces/hands-on-introduction-data-engineering-4395021/airflow/dags/one_task_dag.py                           1           0  0.10s           2026-01-03T15:29:30
================================================================================
[2026-01-03T15:30:05.111+0000] {manager.py:889} INFO - 
================================================================================
DAG File Processing Stats

File Path                                                                                PID    Runtime      # DAGs    # Errors  Last Runtime    Last Run
---------------------------------------------------------------------------------------  -----  ---------  --------  ----------  --------------  -------------------
/workspaces/hands-on-introduction-data-engineering-4395021/airflow/dags/one_task_dag.py                           1           0  0.10s           2026-01-03T15:30:00
================================================================================
[2026-01-03T15:30:35.196+0000] {manager.py:889} INFO - 
================================================================================
DAG File Processing Stats

File Path                                                                                PID    Runtime      # DAGs    # Errors  Last Runtime    Last Run
---------------------------------------------------------------------------------------  -----  ---------  --------  ----------  --------------  -------------------
/workspaces/hands-on-introduction-data-engineering-4395021/airflow/dags/one_task_dag.py                           1           0  0.10s           2026-01-03T15:30:30
================================================================================
[2026-01-03T15:31:05.278+0000] {manager.py:889} INFO - 
================================================================================
DAG File Processing Stats

File Path                                                                                PID    Runtime      # DAGs    # Errors  Last Runtime    Last Run
---------------------------------------------------------------------------------------  -----  ---------  --------  ----------  --------------  -------------------
/workspaces/hands-on-introduction-data-engineering-4395021/airflow/dags/one_task_dag.py                           1           0  0.10s           2026-01-03T15:31:00
================================================================================
[2026-01-03T15:31:35.358+0000] {manager.py:889} INFO - 
================================================================================
DAG File Processing Stats

File Path                                                                                PID    Runtime      # DAGs    # Errors  Last Runtime    Last Run
---------------------------------------------------------------------------------------  -----  ---------  --------  ----------  --------------  -------------------
/workspaces/hands-on-introduction-data-engineering-4395021/airflow/dags/one_task_dag.py                           1           0  0.10s           2026-01-03T15:31:30
================================================================================
[2026-01-03T15:32:05.440+0000] {manager.py:889} INFO - 
================================================================================
DAG File Processing Stats

File Path                                                                                PID    Runtime      # DAGs    # Errors  Last Runtime    Last Run
---------------------------------------------------------------------------------------  -----  ---------  --------  ----------  --------------  -------------------
/workspaces/hands-on-introduction-data-engineering-4395021/airflow/dags/one_task_dag.py                           1           0  0.10s           2026-01-03T15:32:01
================================================================================
[2026-01-03T15:32:35.474+0000] {manager.py:889} INFO - 
================================================================================
DAG File Processing Stats

File Path                                                                                PID    Runtime      # DAGs    # Errors  Last Runtime    Last Run
---------------------------------------------------------------------------------------  -----  ---------  --------  ----------  --------------  -------------------
/workspaces/hands-on-introduction-data-engineering-4395021/airflow/dags/one_task_dag.py                           1           0  0.21s           2026-01-03T15:32:31
================================================================================
[2026-01-03T15:32:53.855+0000] {manager.py:758} INFO - Searching for files in /workspaces/hands-on-introduction-data-engineering-4395021/airflow/dags
[2026-01-03T15:32:53.856+0000] {manager.py:761} INFO - There are 1 files in /workspaces/hands-on-introduction-data-engineering-4395021/airflow/dags
[2026-01-03T15:33:05.593+0000] {manager.py:889} INFO - 
================================================================================
DAG File Processing Stats

File Path                                                                                PID    Runtime      # DAGs    # Errors  Last Runtime    Last Run
---------------------------------------------------------------------------------------  -----  ---------  --------  ----------  --------------  -------------------
/workspaces/hands-on-introduction-data-engineering-4395021/airflow/dags/one_task_dag.py                           1           0  0.11s           2026-01-03T15:33:01
================================================================================
[2026-01-03T15:33:35.676+0000] {manager.py:889} INFO - 
================================================================================
DAG File Processing Stats

File Path                                                                                PID    Runtime      # DAGs    # Errors  Last Runtime    Last Run
---------------------------------------------------------------------------------------  -----  ---------  --------  ----------  --------------  -------------------
/workspaces/hands-on-introduction-data-engineering-4395021/airflow/dags/one_task_dag.py                           1           0  0.11s           2026-01-03T15:33:31
================================================================================
[2026-01-03T15:34:05.757+0000] {manager.py:889} INFO - 
================================================================================
DAG File Processing Stats

File Path                                                                                PID    Runtime      # DAGs    # Errors  Last Runtime    Last Run
---------------------------------------------------------------------------------------  -----  ---------  --------  ----------  --------------  -------------------
/workspaces/hands-on-introduction-data-engineering-4395021/airflow/dags/one_task_dag.py                           1           0  0.11s           2026-01-03T15:34:01
================================================================================
[2026-01-03T15:34:35.845+0000] {manager.py:889} INFO - 
================================================================================
DAG File Processing Stats

File Path                                                                                PID    Runtime      # DAGs    # Errors  Last Runtime    Last Run
---------------------------------------------------------------------------------------  -----  ---------  --------  ----------  --------------  -------------------
/workspaces/hands-on-introduction-data-engineering-4395021/airflow/dags/one_task_dag.py                           1           0  0.10s           2026-01-03T15:34:31
================================================================================
[2026-01-03T15:35:05.931+0000] {manager.py:889} INFO - 
================================================================================
DAG File Processing Stats

File Path                                                                                PID    Runtime      # DAGs    # Errors  Last Runtime    Last Run
---------------------------------------------------------------------------------------  -----  ---------  --------  ----------  --------------  -------------------
/workspaces/hands-on-introduction-data-engineering-4395021/airflow/dags/one_task_dag.py                           1           0  0.10s           2026-01-03T15:35:02
================================================================================
[2026-01-03T15:35:36.026+0000] {manager.py:889} INFO - 
================================================================================
DAG File Processing Stats

File Path                                                                                PID    Runtime      # DAGs    # Errors  Last Runtime    Last Run
---------------------------------------------------------------------------------------  -----  ---------  --------  ----------  --------------  -------------------
/workspaces/hands-on-introduction-data-engineering-4395021/airflow/dags/one_task_dag.py                           1           0  0.10s           2026-01-03T15:35:32
================================================================================
[2026-01-03T15:36:06.110+0000] {manager.py:889} INFO - 
================================================================================
DAG File Processing Stats

File Path                                                                                PID    Runtime      # DAGs    # Errors  Last Runtime    Last Run
---------------------------------------------------------------------------------------  -----  ---------  --------  ----------  --------------  -------------------
/workspaces/hands-on-introduction-data-engineering-4395021/airflow/dags/one_task_dag.py                           1           0  0.10s           2026-01-03T15:36:02
================================================================================
[2026-01-03T15:36:36.190+0000] {manager.py:889} INFO - 
================================================================================
DAG File Processing Stats

File Path                                                                                PID    Runtime      # DAGs    # Errors  Last Runtime    Last Run
---------------------------------------------------------------------------------------  -----  ---------  --------  ----------  --------------  -------------------
/workspaces/hands-on-introduction-data-engineering-4395021/airflow/dags/one_task_dag.py                           1           0  0.10s           2026-01-03T15:36:32
================================================================================
[2026-01-03T15:37:06.241+0000] {manager.py:889} INFO - 
================================================================================
DAG File Processing Stats

File Path                                                                                PID    Runtime      # DAGs    # Errors  Last Runtime    Last Run
---------------------------------------------------------------------------------------  -----  ---------  --------  ----------  --------------  -------------------
/workspaces/hands-on-introduction-data-engineering-4395021/airflow/dags/one_task_dag.py                           1           0  0.10s           2026-01-03T15:37:02
================================================================================
[2026-01-03T15:37:36.350+0000] {manager.py:889} INFO - 
================================================================================
DAG File Processing Stats

File Path                                                                                PID    Runtime      # DAGs    # Errors  Last Runtime    Last Run
---------------------------------------------------------------------------------------  -----  ---------  --------  ----------  --------------  -------------------
/workspaces/hands-on-introduction-data-engineering-4395021/airflow/dags/one_task_dag.py                           1           0  0.10s           2026-01-03T15:37:32
================================================================================
[2026-01-03T15:37:53.894+0000] {manager.py:758} INFO - Searching for files in /workspaces/hands-on-introduction-data-engineering-4395021/airflow/dags
[2026-01-03T15:37:53.895+0000] {manager.py:761} INFO - There are 2 files in /workspaces/hands-on-introduction-data-engineering-4395021/airflow/dags
[2026-01-03T15:38:06.432+0000] {manager.py:889} INFO - 
================================================================================
DAG File Processing Stats

File Path                                                                                PID    Runtime      # DAGs    # Errors  Last Runtime    Last Run
---------------------------------------------------------------------------------------  -----  ---------  --------  ----------  --------------  -------------------
/workspaces/hands-on-introduction-data-engineering-4395021/airflow/dags/two_task_dag.py                           0           1  0.11s           2026-01-03T15:37:59
/workspaces/hands-on-introduction-data-engineering-4395021/airflow/dags/one_task_dag.py                           1           0  0.10s           2026-01-03T15:38:03
================================================================================
[2026-01-03T15:38:36.514+0000] {manager.py:889} INFO - 
================================================================================
DAG File Processing Stats

File Path                                                                                PID    Runtime      # DAGs    # Errors  Last Runtime    Last Run
---------------------------------------------------------------------------------------  -----  ---------  --------  ----------  --------------  -------------------
/workspaces/hands-on-introduction-data-engineering-4395021/airflow/dags/two_task_dag.py                           0           1  0.10s           2026-01-03T15:38:07
/workspaces/hands-on-introduction-data-engineering-4395021/airflow/dags/one_task_dag.py                           1           0  0.11s           2026-01-03T15:38:33
================================================================================
[2026-01-03T15:39:06.654+0000] {manager.py:889} INFO - 
================================================================================
DAG File Processing Stats

File Path                                                                                PID    Runtime      # DAGs    # Errors  Last Runtime    Last Run
---------------------------------------------------------------------------------------  -----  ---------  --------  ----------  --------------  -------------------
/workspaces/hands-on-introduction-data-engineering-4395021/airflow/dags/two_task_dag.py                           0           1  0.10s           2026-01-03T15:39:02
/workspaces/hands-on-introduction-data-engineering-4395021/airflow/dags/one_task_dag.py                           1           0  0.10s           2026-01-03T15:39:03
================================================================================
[2026-01-03T15:39:36.848+0000] {manager.py:889} INFO - 
================================================================================
DAG File Processing Stats

File Path                                                                                PID    Runtime      # DAGs    # Errors  Last Runtime    Last Run
---------------------------------------------------------------------------------------  -----  ---------  --------  ----------  --------------  -------------------
/workspaces/hands-on-introduction-data-engineering-4395021/airflow/dags/two_task_dag.py                           0           1  0.10s           2026-01-03T15:39:21
/workspaces/hands-on-introduction-data-engineering-4395021/airflow/dags/one_task_dag.py                           1           0  0.10s           2026-01-03T15:39:33
================================================================================
[2026-01-03T15:40:06.931+0000] {manager.py:889} INFO - 
================================================================================
DAG File Processing Stats

File Path                                                                                PID    Runtime      # DAGs    # Errors  Last Runtime    Last Run
---------------------------------------------------------------------------------------  -----  ---------  --------  ----------  --------------  -------------------
/workspaces/hands-on-introduction-data-engineering-4395021/airflow/dags/two_task_dag.py                           0           1  0.11s           2026-01-03T15:39:43
/workspaces/hands-on-introduction-data-engineering-4395021/airflow/dags/one_task_dag.py                           1           0  0.20s           2026-01-03T15:40:04
================================================================================
[2026-01-03T15:40:37.013+0000] {manager.py:889} INFO - 
================================================================================
DAG File Processing Stats

File Path                                                                                PID    Runtime      # DAGs    # Errors  Last Runtime    Last Run
---------------------------------------------------------------------------------------  -----  ---------  --------  ----------  --------------  -------------------
/workspaces/hands-on-introduction-data-engineering-4395021/airflow/dags/two_task_dag.py                           0           1  0.10s           2026-01-03T15:40:36
/workspaces/hands-on-introduction-data-engineering-4395021/airflow/dags/one_task_dag.py                           1           0  0.10s           2026-01-03T15:40:34
================================================================================
[2026-01-03T15:41:07.191+0000] {manager.py:889} INFO - 
================================================================================
DAG File Processing Stats

File Path                                                                                PID    Runtime      # DAGs    # Errors  Last Runtime    Last Run
---------------------------------------------------------------------------------------  -----  ---------  --------  ----------  --------------  -------------------
/workspaces/hands-on-introduction-data-engineering-4395021/airflow/dags/two_task_dag.py                           1           0  0.21s           2026-01-03T15:41:01
/workspaces/hands-on-introduction-data-engineering-4395021/airflow/dags/one_task_dag.py                           1           0  0.10s           2026-01-03T15:41:04
================================================================================
[2026-01-03T15:41:37.347+0000] {manager.py:889} INFO - 
================================================================================
DAG File Processing Stats

File Path                                                                                PID    Runtime      # DAGs    # Errors  Last Runtime    Last Run
---------------------------------------------------------------------------------------  -----  ---------  --------  ----------  --------------  -------------------
/workspaces/hands-on-introduction-data-engineering-4395021/airflow/dags/two_task_dag.py                           1           0  0.10s           2026-01-03T15:41:34
/workspaces/hands-on-introduction-data-engineering-4395021/airflow/dags/one_task_dag.py                           1           0  0.10s           2026-01-03T15:41:35
================================================================================
[2026-01-03T15:42:07.553+0000] {manager.py:889} INFO - 
================================================================================
DAG File Processing Stats

File Path                                                                                PID    Runtime      # DAGs    # Errors  Last Runtime    Last Run
---------------------------------------------------------------------------------------  -----  ---------  --------  ----------  --------------  -------------------
/workspaces/hands-on-introduction-data-engineering-4395021/airflow/dags/two_task_dag.py                           1           0  0.11s           2026-01-03T15:42:07
/workspaces/hands-on-introduction-data-engineering-4395021/airflow/dags/one_task_dag.py                           1           0  0.21s           2026-01-03T15:42:05
================================================================================
[2026-01-03T15:42:37.736+0000] {manager.py:889} INFO - 
================================================================================
DAG File Processing Stats

File Path                                                                                PID    Runtime      # DAGs    # Errors  Last Runtime    Last Run
---------------------------------------------------------------------------------------  -----  ---------  --------  ----------  --------------  -------------------
/workspaces/hands-on-introduction-data-engineering-4395021/airflow/dags/two_task_dag.py                           0           1  0.10s           2026-01-03T15:42:25
/workspaces/hands-on-introduction-data-engineering-4395021/airflow/dags/one_task_dag.py                           1           0  0.10s           2026-01-03T15:42:36
================================================================================
[2026-01-03T15:42:54.041+0000] {manager.py:758} INFO - Searching for files in /workspaces/hands-on-introduction-data-engineering-4395021/airflow/dags
[2026-01-03T15:42:54.042+0000] {manager.py:761} INFO - There are 2 files in /workspaces/hands-on-introduction-data-engineering-4395021/airflow/dags
[2026-01-03T15:43:07.819+0000] {manager.py:889} INFO - 
================================================================================
DAG File Processing Stats

File Path                                                                                PID    Runtime      # DAGs    # Errors  Last Runtime    Last Run
---------------------------------------------------------------------------------------  -----  ---------  --------  ----------  --------------  -------------------
/workspaces/hands-on-introduction-data-engineering-4395021/airflow/dags/two_task_dag.py                           1           0  0.10s           2026-01-03T15:43:04
/workspaces/hands-on-introduction-data-engineering-4395021/airflow/dags/one_task_dag.py                           1           0  0.10s           2026-01-03T15:43:06
================================================================================
[2026-01-03T15:43:38.008+0000] {manager.py:889} INFO - 
================================================================================
DAG File Processing Stats

File Path                                                                                PID    Runtime      # DAGs    # Errors  Last Runtime    Last Run
---------------------------------------------------------------------------------------  -----  ---------  --------  ----------  --------------  -------------------
/workspaces/hands-on-introduction-data-engineering-4395021/airflow/dags/two_task_dag.py                           1           0  0.10s           2026-01-03T15:43:38
/workspaces/hands-on-introduction-data-engineering-4395021/airflow/dags/one_task_dag.py                           1           0  0.10s           2026-01-03T15:43:37
================================================================================
[2026-01-03T15:44:08.096+0000] {manager.py:889} INFO - 
================================================================================
DAG File Processing Stats

File Path                                                                                PID    Runtime      # DAGs    # Errors  Last Runtime    Last Run
---------------------------------------------------------------------------------------  -----  ---------  --------  ----------  --------------  -------------------
/workspaces/hands-on-introduction-data-engineering-4395021/airflow/dags/two_task_dag.py                           1           0  0.10s           2026-01-03T15:44:01
/workspaces/hands-on-introduction-data-engineering-4395021/airflow/dags/one_task_dag.py                           1           0  0.31s           2026-01-03T15:44:07
================================================================================
[2026-01-03T15:44:38.174+0000] {manager.py:889} INFO - 
================================================================================
DAG File Processing Stats

File Path                                                                                PID    Runtime      # DAGs    # Errors  Last Runtime    Last Run
---------------------------------------------------------------------------------------  -----  ---------  --------  ----------  --------------  -------------------
/workspaces/hands-on-introduction-data-engineering-4395021/airflow/dags/two_task_dag.py                           1           0  0.10s           2026-01-03T15:44:31
/workspaces/hands-on-introduction-data-engineering-4395021/airflow/dags/one_task_dag.py                           1           0  0.10s           2026-01-03T15:44:38
================================================================================
[2026-01-03T15:45:08.370+0000] {manager.py:889} INFO - 
================================================================================
DAG File Processing Stats

File Path                                                                                PID    Runtime      # DAGs    # Errors  Last Runtime    Last Run
---------------------------------------------------------------------------------------  -----  ---------  --------  ----------  --------------  -------------------
/workspaces/hands-on-introduction-data-engineering-4395021/airflow/dags/two_task_dag.py                           1           0  0.20s           2026-01-03T15:45:01
/workspaces/hands-on-introduction-data-engineering-4395021/airflow/dags/one_task_dag.py                           1           0  0.11s           2026-01-03T15:45:08
================================================================================
[2026-01-03T15:45:38.663+0000] {manager.py:889} INFO - 
================================================================================
DAG File Processing Stats

File Path                                                                                PID    Runtime      # DAGs    # Errors  Last Runtime    Last Run
---------------------------------------------------------------------------------------  -----  ---------  --------  ----------  --------------  -------------------
/workspaces/hands-on-introduction-data-engineering-4395021/airflow/dags/two_task_dag.py                           1           0  0.10s           2026-01-03T15:45:31
/workspaces/hands-on-introduction-data-engineering-4395021/airflow/dags/one_task_dag.py                           1           0  0.20s           2026-01-03T15:45:38
================================================================================
[2026-01-03T15:46:08.856+0000] {manager.py:889} INFO - 
================================================================================
DAG File Processing Stats

File Path                                                                                PID    Runtime      # DAGs    # Errors  Last Runtime    Last Run
---------------------------------------------------------------------------------------  -----  ---------  --------  ----------  --------------  -------------------
/workspaces/hands-on-introduction-data-engineering-4395021/airflow/dags/two_task_dag.py                           1           0  0.10s           2026-01-03T15:46:01
/workspaces/hands-on-introduction-data-engineering-4395021/airflow/dags/one_task_dag.py                           1           0  0.10s           2026-01-03T15:46:08
================================================================================
[2026-01-03T15:46:39.066+0000] {manager.py:889} INFO - 
================================================================================
DAG File Processing Stats

File Path                                                                                PID    Runtime      # DAGs    # Errors  Last Runtime    Last Run
---------------------------------------------------------------------------------------  -----  ---------  --------  ----------  --------------  -------------------
/workspaces/hands-on-introduction-data-engineering-4395021/airflow/dags/two_task_dag.py                           1           0  0.20s           2026-01-03T15:46:32
/workspaces/hands-on-introduction-data-engineering-4395021/airflow/dags/one_task_dag.py                           1           0  0.10s           2026-01-03T15:46:39
================================================================================
[2026-01-03T15:47:09.359+0000] {manager.py:889} INFO - 
================================================================================
DAG File Processing Stats

File Path                                                                                PID    Runtime      # DAGs    # Errors  Last Runtime    Last Run
---------------------------------------------------------------------------------------  -----  ---------  --------  ----------  --------------  -------------------
/workspaces/hands-on-introduction-data-engineering-4395021/airflow/dags/two_task_dag.py                           1           0  0.10s           2026-01-03T15:47:02
/workspaces/hands-on-introduction-data-engineering-4395021/airflow/dags/one_task_dag.py                           1           0  0.20s           2026-01-03T15:47:09
================================================================================
[2026-01-03T15:47:39.528+0000] {manager.py:889} INFO - 
================================================================================
DAG File Processing Stats

File Path                                                                                PID    Runtime      # DAGs    # Errors  Last Runtime    Last Run
---------------------------------------------------------------------------------------  -----  ---------  --------  ----------  --------------  -------------------
/workspaces/hands-on-introduction-data-engineering-4395021/airflow/dags/two_task_dag.py                           1           0  0.10s           2026-01-03T15:47:32
/workspaces/hands-on-introduction-data-engineering-4395021/airflow/dags/one_task_dag.py                           1           0  0.11s           2026-01-03T15:47:39
================================================================================
[2026-01-03T15:47:54.081+0000] {manager.py:758} INFO - Searching for files in /workspaces/hands-on-introduction-data-engineering-4395021/airflow/dags
[2026-01-03T15:47:54.082+0000] {manager.py:761} INFO - There are 2 files in /workspaces/hands-on-introduction-data-engineering-4395021/airflow/dags
[2026-01-03T15:48:09.745+0000] {manager.py:889} INFO - 
================================================================================
DAG File Processing Stats

File Path                                                                                PID    Runtime      # DAGs    # Errors  Last Runtime    Last Run
---------------------------------------------------------------------------------------  -----  ---------  --------  ----------  --------------  -------------------
/workspaces/hands-on-introduction-data-engineering-4395021/airflow/dags/two_task_dag.py                           1           0  0.20s           2026-01-03T15:48:02
/workspaces/hands-on-introduction-data-engineering-4395021/airflow/dags/one_task_dag.py                           1           0  0.10s           2026-01-03T15:48:09
================================================================================
[2026-01-03T15:48:40.048+0000] {manager.py:889} INFO - 
================================================================================
DAG File Processing Stats

File Path                                                                                PID    Runtime      # DAGs    # Errors  Last Runtime    Last Run
---------------------------------------------------------------------------------------  -----  ---------  --------  ----------  --------------  -------------------
/workspaces/hands-on-introduction-data-engineering-4395021/airflow/dags/two_task_dag.py                           1           0  0.10s           2026-01-03T15:48:34
/workspaces/hands-on-introduction-data-engineering-4395021/airflow/dags/one_task_dag.py                           1           0  0.20s           2026-01-03T15:48:40
================================================================================
[2026-01-03T15:49:10.240+0000] {manager.py:889} INFO - 
================================================================================
DAG File Processing Stats

File Path                                                                                PID    Runtime      # DAGs    # Errors  Last Runtime    Last Run
---------------------------------------------------------------------------------------  -----  ---------  --------  ----------  --------------  -------------------
/workspaces/hands-on-introduction-data-engineering-4395021/airflow/dags/two_task_dag.py                           1           0  0.10s           2026-01-03T15:49:04
/workspaces/hands-on-introduction-data-engineering-4395021/airflow/dags/one_task_dag.py                           1           0  0.10s           2026-01-03T15:49:10
================================================================================
[2026-01-03T15:49:40.431+0000] {manager.py:889} INFO - 
================================================================================
DAG File Processing Stats

File Path                                                                                PID    Runtime      # DAGs    # Errors  Last Runtime    Last Run
---------------------------------------------------------------------------------------  -----  ---------  --------  ----------  --------------  -------------------
/workspaces/hands-on-introduction-data-engineering-4395021/airflow/dags/two_task_dag.py                           1           0  0.20s           2026-01-03T15:49:34
/workspaces/hands-on-introduction-data-engineering-4395021/airflow/dags/one_task_dag.py                           1           0  0.10s           2026-01-03T15:49:40
================================================================================
[2026-01-03T15:50:10.723+0000] {manager.py:889} INFO - 
================================================================================
DAG File Processing Stats

File Path                                                                                PID    Runtime      # DAGs    # Errors  Last Runtime    Last Run
---------------------------------------------------------------------------------------  -----  ---------  --------  ----------  --------------  -------------------
/workspaces/hands-on-introduction-data-engineering-4395021/airflow/dags/two_task_dag.py                           1           0  0.10s           2026-01-03T15:50:05
/workspaces/hands-on-introduction-data-engineering-4395021/airflow/dags/one_task_dag.py                           1           0  0.20s           2026-01-03T15:50:10
================================================================================
[2026-01-03T15:50:40.900+0000] {manager.py:889} INFO - 
================================================================================
DAG File Processing Stats

File Path                                                                                PID    Runtime      # DAGs    # Errors  Last Runtime    Last Run
---------------------------------------------------------------------------------------  -----  ---------  --------  ----------  --------------  -------------------
/workspaces/hands-on-introduction-data-engineering-4395021/airflow/dags/two_task_dag.py                           1           0  0.10s           2026-01-03T15:50:35
/workspaces/hands-on-introduction-data-engineering-4395021/airflow/dags/one_task_dag.py                           1           0  0.10s           2026-01-03T15:50:40
================================================================================
[2026-01-03T15:51:11.074+0000] {manager.py:889} INFO - 
================================================================================
DAG File Processing Stats

File Path                                                                                PID    Runtime      # DAGs    # Errors  Last Runtime    Last Run
---------------------------------------------------------------------------------------  -----  ---------  --------  ----------  --------------  -------------------
/workspaces/hands-on-introduction-data-engineering-4395021/airflow/dags/two_task_dag.py                           1           0  0.20s           2026-01-03T15:51:06
/workspaces/hands-on-introduction-data-engineering-4395021/airflow/dags/one_task_dag.py                           1           0  0.10s           2026-01-03T15:51:11
================================================================================
[2026-01-03T15:51:41.371+0000] {manager.py:889} INFO - 
================================================================================
DAG File Processing Stats

File Path                                                                                PID    Runtime      # DAGs    # Errors  Last Runtime    Last Run
---------------------------------------------------------------------------------------  -----  ---------  --------  ----------  --------------  -------------------
/workspaces/hands-on-introduction-data-engineering-4395021/airflow/dags/two_task_dag.py                           1           0  0.10s           2026-01-03T15:51:36
/workspaces/hands-on-introduction-data-engineering-4395021/airflow/dags/one_task_dag.py                           1           0  0.20s           2026-01-03T15:51:41
================================================================================
[2026-01-03T15:52:11.560+0000] {manager.py:889} INFO - 
================================================================================
DAG File Processing Stats

File Path                                                                                PID    Runtime      # DAGs    # Errors  Last Runtime    Last Run
---------------------------------------------------------------------------------------  -----  ---------  --------  ----------  --------------  -------------------
/workspaces/hands-on-introduction-data-engineering-4395021/airflow/dags/two_task_dag.py                           1           0  0.10s           2026-01-03T15:52:06
/workspaces/hands-on-introduction-data-engineering-4395021/airflow/dags/one_task_dag.py                           1           0  0.10s           2026-01-03T15:52:11
================================================================================
[2026-01-03T15:52:41.755+0000] {manager.py:889} INFO - 
================================================================================
DAG File Processing Stats

File Path                                                                                PID    Runtime      # DAGs    # Errors  Last Runtime    Last Run
---------------------------------------------------------------------------------------  -----  ---------  --------  ----------  --------------  -------------------
/workspaces/hands-on-introduction-data-engineering-4395021/airflow/dags/two_task_dag.py                           1           0  0.31s           2026-01-03T15:52:31
/workspaces/hands-on-introduction-data-engineering-4395021/airflow/dags/one_task_dag.py                           1           0  0.10s           2026-01-03T15:52:41
================================================================================
[2026-01-03T15:52:54.120+0000] {manager.py:758} INFO - Searching for files in /workspaces/hands-on-introduction-data-engineering-4395021/airflow/dags
[2026-01-03T15:52:54.121+0000] {manager.py:761} INFO - There are 2 files in /workspaces/hands-on-introduction-data-engineering-4395021/airflow/dags
[2026-01-03T15:53:12.148+0000] {manager.py:889} INFO - 
================================================================================
DAG File Processing Stats

File Path                                                                                PID    Runtime      # DAGs    # Errors  Last Runtime    Last Run
---------------------------------------------------------------------------------------  -----  ---------  --------  ----------  --------------  -------------------
/workspaces/hands-on-introduction-data-engineering-4395021/airflow/dags/two_task_dag.py                           1           0  0.10s           2026-01-03T15:53:01
/workspaces/hands-on-introduction-data-engineering-4395021/airflow/dags/one_task_dag.py                           1           0  0.20s           2026-01-03T15:53:12
================================================================================
[2026-01-03T15:53:42.451+0000] {manager.py:889} INFO - 
================================================================================
DAG File Processing Stats

File Path                                                                                PID    Runtime      # DAGs    # Errors  Last Runtime    Last Run
---------------------------------------------------------------------------------------  -----  ---------  --------  ----------  --------------  -------------------
/workspaces/hands-on-introduction-data-engineering-4395021/airflow/dags/two_task_dag.py                           1           0  0.10s           2026-01-03T15:53:32
/workspaces/hands-on-introduction-data-engineering-4395021/airflow/dags/one_task_dag.py                           1           0  0.10s           2026-01-03T15:53:42
================================================================================
[2026-01-03T15:54:12.855+0000] {manager.py:889} INFO - 
================================================================================
DAG File Processing Stats

File Path                                                                                PID    Runtime      # DAGs    # Errors  Last Runtime    Last Run
---------------------------------------------------------------------------------------  -----  ---------  --------  ----------  --------------  -------------------
/workspaces/hands-on-introduction-data-engineering-4395021/airflow/dags/two_task_dag.py                           1           0  0.20s           2026-01-03T15:54:02
/workspaces/hands-on-introduction-data-engineering-4395021/airflow/dags/one_task_dag.py                           1           0  0.10s           2026-01-03T15:54:12
================================================================================
[2026-01-03T15:54:43.271+0000] {manager.py:889} INFO - 
================================================================================
DAG File Processing Stats

File Path                                                                                PID    Runtime      # DAGs    # Errors  Last Runtime    Last Run
---------------------------------------------------------------------------------------  -----  ---------  --------  ----------  --------------  -------------------
/workspaces/hands-on-introduction-data-engineering-4395021/airflow/dags/two_task_dag.py                           1           0  0.10s           2026-01-03T15:54:33
/workspaces/hands-on-introduction-data-engineering-4395021/airflow/dags/one_task_dag.py                           1           0  0.20s           2026-01-03T15:54:43
================================================================================
[2026-01-03T15:55:13.575+0000] {manager.py:889} INFO - 
================================================================================
DAG File Processing Stats

File Path                                                                                PID    Runtime      # DAGs    # Errors  Last Runtime    Last Run
---------------------------------------------------------------------------------------  -----  ---------  --------  ----------  --------------  -------------------
/workspaces/hands-on-introduction-data-engineering-4395021/airflow/dags/two_task_dag.py                           1           0  0.10s           2026-01-03T15:55:03
/workspaces/hands-on-introduction-data-engineering-4395021/airflow/dags/one_task_dag.py                           1           0  0.10s           2026-01-03T15:55:13
================================================================================
[2026-01-03T15:55:43.983+0000] {manager.py:889} INFO - 
================================================================================
DAG File Processing Stats

File Path                                                                                PID    Runtime      # DAGs    # Errors  Last Runtime    Last Run
---------------------------------------------------------------------------------------  -----  ---------  --------  ----------  --------------  -------------------
/workspaces/hands-on-introduction-data-engineering-4395021/airflow/dags/two_task_dag.py                           1           0  0.20s           2026-01-03T15:55:33
/workspaces/hands-on-introduction-data-engineering-4395021/airflow/dags/one_task_dag.py                           1           0  0.10s           2026-01-03T15:55:43
================================================================================
[2026-01-03T15:56:14.387+0000] {manager.py:889} INFO - 
================================================================================
DAG File Processing Stats

File Path                                                                                PID    Runtime      # DAGs    # Errors  Last Runtime    Last Run
---------------------------------------------------------------------------------------  -----  ---------  --------  ----------  --------------  -------------------
/workspaces/hands-on-introduction-data-engineering-4395021/airflow/dags/two_task_dag.py                           1           0  0.10s           2026-01-03T15:56:04
/workspaces/hands-on-introduction-data-engineering-4395021/airflow/dags/one_task_dag.py                           1           0  0.20s           2026-01-03T15:56:14
================================================================================
[2026-01-03T15:56:44.688+0000] {manager.py:889} INFO - 
================================================================================
DAG File Processing Stats

File Path                                                                                PID    Runtime      # DAGs    # Errors  Last Runtime    Last Run
---------------------------------------------------------------------------------------  -----  ---------  --------  ----------  --------------  -------------------
/workspaces/hands-on-introduction-data-engineering-4395021/airflow/dags/two_task_dag.py                           1           0  0.10s           2026-01-03T15:56:34
/workspaces/hands-on-introduction-data-engineering-4395021/airflow/dags/one_task_dag.py                           1           0  0.10s           2026-01-03T15:56:44
================================================================================
[2026-01-03T15:57:15.090+0000] {manager.py:889} INFO - 
================================================================================
DAG File Processing Stats

File Path                                                                                PID    Runtime      # DAGs    # Errors  Last Runtime    Last Run
---------------------------------------------------------------------------------------  -----  ---------  --------  ----------  --------------  -------------------
/workspaces/hands-on-introduction-data-engineering-4395021/airflow/dags/two_task_dag.py                           1           0  0.20s           2026-01-03T15:57:04
/workspaces/hands-on-introduction-data-engineering-4395021/airflow/dags/one_task_dag.py                           1           0  0.10s           2026-01-03T15:57:15
================================================================================
[2026-01-03T15:57:45.493+0000] {manager.py:889} INFO - 
================================================================================
DAG File Processing Stats

File Path                                                                                PID    Runtime      # DAGs    # Errors  Last Runtime    Last Run
---------------------------------------------------------------------------------------  -----  ---------  --------  ----------  --------------  -------------------
/workspaces/hands-on-introduction-data-engineering-4395021/airflow/dags/two_task_dag.py                           1           0  0.10s           2026-01-03T15:57:35
/workspaces/hands-on-introduction-data-engineering-4395021/airflow/dags/one_task_dag.py                           1           0  0.20s           2026-01-03T15:57:45
================================================================================
[2026-01-03T15:57:54.160+0000] {manager.py:758} INFO - Searching for files in /workspaces/hands-on-introduction-data-engineering-4395021/airflow/dags
[2026-01-03T15:57:54.161+0000] {manager.py:761} INFO - There are 2 files in /workspaces/hands-on-introduction-data-engineering-4395021/airflow/dags
[2026-01-03T15:58:15.793+0000] {manager.py:889} INFO - 
================================================================================
DAG File Processing Stats

File Path                                                                                PID    Runtime      # DAGs    # Errors  Last Runtime    Last Run
---------------------------------------------------------------------------------------  -----  ---------  --------  ----------  --------------  -------------------
/workspaces/hands-on-introduction-data-engineering-4395021/airflow/dags/two_task_dag.py                           1           0  0.10s           2026-01-03T15:58:05
/workspaces/hands-on-introduction-data-engineering-4395021/airflow/dags/one_task_dag.py                           1           0  0.10s           2026-01-03T15:58:15
================================================================================
[2026-01-03T15:58:46.195+0000] {manager.py:889} INFO - 
================================================================================
DAG File Processing Stats

File Path                                                                                PID    Runtime      # DAGs    # Errors  Last Runtime    Last Run
---------------------------------------------------------------------------------------  -----  ---------  --------  ----------  --------------  -------------------
/workspaces/hands-on-introduction-data-engineering-4395021/airflow/dags/two_task_dag.py                           1           0  0.20s           2026-01-03T15:58:36
/workspaces/hands-on-introduction-data-engineering-4395021/airflow/dags/one_task_dag.py                           1           0  0.10s           2026-01-03T15:58:46
================================================================================
[2026-01-03T15:59:16.595+0000] {manager.py:889} INFO - 
================================================================================
DAG File Processing Stats

File Path                                                                                PID    Runtime      # DAGs    # Errors  Last Runtime    Last Run
---------------------------------------------------------------------------------------  -----  ---------  --------  ----------  --------------  -------------------
/workspaces/hands-on-introduction-data-engineering-4395021/airflow/dags/two_task_dag.py                           1           0  0.10s           2026-01-03T15:59:06
/workspaces/hands-on-introduction-data-engineering-4395021/airflow/dags/one_task_dag.py                           1           0  0.20s           2026-01-03T15:59:16
================================================================================
[2026-01-03T15:59:46.895+0000] {manager.py:889} INFO - 
================================================================================
DAG File Processing Stats

File Path                                                                                PID    Runtime      # DAGs    # Errors  Last Runtime    Last Run
---------------------------------------------------------------------------------------  -----  ---------  --------  ----------  --------------  -------------------
/workspaces/hands-on-introduction-data-engineering-4395021/airflow/dags/two_task_dag.py                           1           0  0.10s           2026-01-03T15:59:36
/workspaces/hands-on-introduction-data-engineering-4395021/airflow/dags/one_task_dag.py                           1           0  0.10s           2026-01-03T15:59:46
================================================================================
[2026-01-03T16:00:17.296+0000] {manager.py:889} INFO - 
================================================================================
DAG File Processing Stats

File Path                                                                                PID    Runtime      # DAGs    # Errors  Last Runtime    Last Run
---------------------------------------------------------------------------------------  -----  ---------  --------  ----------  --------------  -------------------
/workspaces/hands-on-introduction-data-engineering-4395021/airflow/dags/two_task_dag.py                           1           0  0.20s           2026-01-03T16:00:07
/workspaces/hands-on-introduction-data-engineering-4395021/airflow/dags/one_task_dag.py                           1           0  0.10s           2026-01-03T16:00:17
================================================================================
[2026-01-03T16:00:47.702+0000] {manager.py:889} INFO - 
================================================================================
DAG File Processing Stats

File Path                                                                                PID    Runtime      # DAGs    # Errors  Last Runtime    Last Run
---------------------------------------------------------------------------------------  -----  ---------  --------  ----------  --------------  -------------------
/workspaces/hands-on-introduction-data-engineering-4395021/airflow/dags/two_task_dag.py                           1           0  0.10s           2026-01-03T16:00:37
/workspaces/hands-on-introduction-data-engineering-4395021/airflow/dags/one_task_dag.py                           1           0  0.20s           2026-01-03T16:00:47
================================================================================
[2026-01-03T16:01:17.895+0000] {manager.py:889} INFO - 
================================================================================
DAG File Processing Stats

File Path                                                                                PID    Runtime      # DAGs    # Errors  Last Runtime    Last Run
---------------------------------------------------------------------------------------  -----  ---------  --------  ----------  --------------  -------------------
/workspaces/hands-on-introduction-data-engineering-4395021/airflow/dags/two_task_dag.py                           1           0  0.10s           2026-01-03T16:01:07
/workspaces/hands-on-introduction-data-engineering-4395021/airflow/dags/one_task_dag.py                           1           0  0.10s           2026-01-03T16:01:17
================================================================================
[2026-01-03T16:01:48.089+0000] {manager.py:889} INFO - 
================================================================================
DAG File Processing Stats

File Path                                                                                PID    Runtime      # DAGs    # Errors  Last Runtime    Last Run
---------------------------------------------------------------------------------------  -----  ---------  --------  ----------  --------------  -------------------
/workspaces/hands-on-introduction-data-engineering-4395021/airflow/dags/two_task_dag.py                           1           0  0.20s           2026-01-03T16:01:37
/workspaces/hands-on-introduction-data-engineering-4395021/airflow/dags/one_task_dag.py                           1           0  0.10s           2026-01-03T16:01:48
================================================================================
[2026-01-03T16:02:18.382+0000] {manager.py:889} INFO - 
================================================================================
DAG File Processing Stats

File Path                                                                                PID    Runtime      # DAGs    # Errors  Last Runtime    Last Run
---------------------------------------------------------------------------------------  -----  ---------  --------  ----------  --------------  -------------------
/workspaces/hands-on-introduction-data-engineering-4395021/airflow/dags/two_task_dag.py                           1           0  0.10s           2026-01-03T16:02:08
/workspaces/hands-on-introduction-data-engineering-4395021/airflow/dags/one_task_dag.py                           1           0  0.20s           2026-01-03T16:02:18
================================================================================
[2026-01-03T16:02:48.575+0000] {manager.py:889} INFO - 
================================================================================
DAG File Processing Stats

File Path                                                                                PID    Runtime      # DAGs    # Errors  Last Runtime    Last Run
---------------------------------------------------------------------------------------  -----  ---------  --------  ----------  --------------  -------------------
/workspaces/hands-on-introduction-data-engineering-4395021/airflow/dags/two_task_dag.py                           1           0  0.10s           2026-01-03T16:02:38
/workspaces/hands-on-introduction-data-engineering-4395021/airflow/dags/one_task_dag.py                           1           0  0.10s           2026-01-03T16:02:48
================================================================================
[2026-01-03T16:02:54.198+0000] {manager.py:758} INFO - Searching for files in /workspaces/hands-on-introduction-data-engineering-4395021/airflow/dags
[2026-01-03T16:02:54.199+0000] {manager.py:761} INFO - There are 2 files in /workspaces/hands-on-introduction-data-engineering-4395021/airflow/dags
[2026-01-03T16:03:18.768+0000] {manager.py:889} INFO - 
================================================================================
DAG File Processing Stats

File Path                                                                                PID    Runtime      # DAGs    # Errors  Last Runtime    Last Run
---------------------------------------------------------------------------------------  -----  ---------  --------  ----------  --------------  -------------------
/workspaces/hands-on-introduction-data-engineering-4395021/airflow/dags/two_task_dag.py                           1           0  0.20s           2026-01-03T16:03:08
/workspaces/hands-on-introduction-data-engineering-4395021/airflow/dags/one_task_dag.py                           1           0  0.10s           2026-01-03T16:03:18
================================================================================
[2026-01-03T16:03:49.062+0000] {manager.py:889} INFO - 
================================================================================
DAG File Processing Stats

File Path                                                                                PID    Runtime      # DAGs    # Errors  Last Runtime    Last Run
---------------------------------------------------------------------------------------  -----  ---------  --------  ----------  --------------  -------------------
/workspaces/hands-on-introduction-data-engineering-4395021/airflow/dags/two_task_dag.py                           1           0  0.10s           2026-01-03T16:03:38
/workspaces/hands-on-introduction-data-engineering-4395021/airflow/dags/one_task_dag.py                           1           0  0.20s           2026-01-03T16:03:49
================================================================================
[2026-01-03T16:04:19.255+0000] {manager.py:889} INFO - 
================================================================================
DAG File Processing Stats

File Path                                                                                PID    Runtime      # DAGs    # Errors  Last Runtime    Last Run
---------------------------------------------------------------------------------------  -----  ---------  --------  ----------  --------------  -------------------
/workspaces/hands-on-introduction-data-engineering-4395021/airflow/dags/two_task_dag.py                           1           0  0.10s           2026-01-03T16:04:08
/workspaces/hands-on-introduction-data-engineering-4395021/airflow/dags/one_task_dag.py                           1           0  0.10s           2026-01-03T16:04:19
================================================================================
[2026-01-03T16:04:49.448+0000] {manager.py:889} INFO - 
================================================================================
DAG File Processing Stats

File Path                                                                                PID    Runtime      # DAGs    # Errors  Last Runtime    Last Run
---------------------------------------------------------------------------------------  -----  ---------  --------  ----------  --------------  -------------------
/workspaces/hands-on-introduction-data-engineering-4395021/airflow/dags/two_task_dag.py                           1           0  0.20s           2026-01-03T16:04:39
/workspaces/hands-on-introduction-data-engineering-4395021/airflow/dags/one_task_dag.py                           1           0  0.10s           2026-01-03T16:04:49
================================================================================
[2026-01-03T16:05:19.741+0000] {manager.py:889} INFO - 
================================================================================
DAG File Processing Stats

File Path                                                                                PID    Runtime      # DAGs    # Errors  Last Runtime    Last Run
---------------------------------------------------------------------------------------  -----  ---------  --------  ----------  --------------  -------------------
/workspaces/hands-on-introduction-data-engineering-4395021/airflow/dags/two_task_dag.py                           1           0  0.10s           2026-01-03T16:05:09
/workspaces/hands-on-introduction-data-engineering-4395021/airflow/dags/one_task_dag.py                           1           0  0.20s           2026-01-03T16:05:19
================================================================================
[2026-01-03T16:05:49.934+0000] {manager.py:889} INFO - 
================================================================================
DAG File Processing Stats

File Path                                                                                PID    Runtime      # DAGs    # Errors  Last Runtime    Last Run
---------------------------------------------------------------------------------------  -----  ---------  --------  ----------  --------------  -------------------
/workspaces/hands-on-introduction-data-engineering-4395021/airflow/dags/two_task_dag.py                           1           0  0.10s           2026-01-03T16:05:39
/workspaces/hands-on-introduction-data-engineering-4395021/airflow/dags/one_task_dag.py                           1           0  0.10s           2026-01-03T16:05:49
================================================================================
[2026-01-03T16:06:20.142+0000] {manager.py:889} INFO - 
================================================================================
DAG File Processing Stats

File Path                                                                                PID    Runtime      # DAGs    # Errors  Last Runtime    Last Run
---------------------------------------------------------------------------------------  -----  ---------  --------  ----------  --------------  -------------------
/workspaces/hands-on-introduction-data-engineering-4395021/airflow/dags/two_task_dag.py                           1           0  0.20s           2026-01-03T16:06:09
/workspaces/hands-on-introduction-data-engineering-4395021/airflow/dags/one_task_dag.py                           1           0  0.10s           2026-01-03T16:06:20
================================================================================
[2026-01-03T16:06:50.534+0000] {manager.py:889} INFO - 
================================================================================
DAG File Processing Stats

File Path                                                                                PID    Runtime      # DAGs    # Errors  Last Runtime    Last Run
---------------------------------------------------------------------------------------  -----  ---------  --------  ----------  --------------  -------------------
/workspaces/hands-on-introduction-data-engineering-4395021/airflow/dags/two_task_dag.py                           1           0  0.31s           2026-01-03T16:06:40
/workspaces/hands-on-introduction-data-engineering-4395021/airflow/dags/one_task_dag.py                           1           0  0.20s           2026-01-03T16:06:50
================================================================================
[2026-01-03T16:07:20.728+0000] {manager.py:889} INFO - 
================================================================================
DAG File Processing Stats

File Path                                                                                PID    Runtime      # DAGs    # Errors  Last Runtime    Last Run
---------------------------------------------------------------------------------------  -----  ---------  --------  ----------  --------------  -------------------
/workspaces/hands-on-introduction-data-engineering-4395021/airflow/dags/two_task_dag.py                           1           0  0.10s           2026-01-03T16:07:10
/workspaces/hands-on-introduction-data-engineering-4395021/airflow/dags/one_task_dag.py                           1           0  0.10s           2026-01-03T16:07:20
================================================================================
[2026-01-03T16:07:50.936+0000] {manager.py:889} INFO - 
================================================================================
DAG File Processing Stats

File Path                                                                                PID    Runtime      # DAGs    # Errors  Last Runtime    Last Run
---------------------------------------------------------------------------------------  -----  ---------  --------  ----------  --------------  -------------------
/workspaces/hands-on-introduction-data-engineering-4395021/airflow/dags/two_task_dag.py                           1           0  0.20s           2026-01-03T16:07:40
/workspaces/hands-on-introduction-data-engineering-4395021/airflow/dags/one_task_dag.py                           1           0  0.10s           2026-01-03T16:07:50
================================================================================
[2026-01-03T16:07:54.238+0000] {manager.py:758} INFO - Searching for files in /workspaces/hands-on-introduction-data-engineering-4395021/airflow/dags
[2026-01-03T16:07:54.239+0000] {manager.py:761} INFO - There are 2 files in /workspaces/hands-on-introduction-data-engineering-4395021/airflow/dags
[2026-01-03T16:08:21.232+0000] {manager.py:889} INFO - 
================================================================================
DAG File Processing Stats

File Path                                                                                PID    Runtime      # DAGs    # Errors  Last Runtime    Last Run
---------------------------------------------------------------------------------------  -----  ---------  --------  ----------  --------------  -------------------
/workspaces/hands-on-introduction-data-engineering-4395021/airflow/dags/two_task_dag.py                           1           0  0.10s           2026-01-03T16:08:10
/workspaces/hands-on-introduction-data-engineering-4395021/airflow/dags/one_task_dag.py                           1           0  0.20s           2026-01-03T16:08:21
================================================================================
[2026-01-03T16:08:51.434+0000] {manager.py:889} INFO - 
================================================================================
DAG File Processing Stats

File Path                                                                                PID    Runtime      # DAGs    # Errors  Last Runtime    Last Run
---------------------------------------------------------------------------------------  -----  ---------  --------  ----------  --------------  -------------------
/workspaces/hands-on-introduction-data-engineering-4395021/airflow/dags/two_task_dag.py                           1           0  0.10s           2026-01-03T16:08:40
/workspaces/hands-on-introduction-data-engineering-4395021/airflow/dags/one_task_dag.py                           1           0  0.10s           2026-01-03T16:08:51
================================================================================
[2026-01-03T16:09:21.640+0000] {manager.py:889} INFO - 
================================================================================
DAG File Processing Stats

File Path                                                                                PID    Runtime      # DAGs    # Errors  Last Runtime    Last Run
---------------------------------------------------------------------------------------  -----  ---------  --------  ----------  --------------  -------------------
/workspaces/hands-on-introduction-data-engineering-4395021/airflow/dags/two_task_dag.py                           1           0  0.50s           2026-01-03T16:09:11
/workspaces/hands-on-introduction-data-engineering-4395021/airflow/dags/one_task_dag.py                           1           0  0.10s           2026-01-03T16:09:21
================================================================================
