[2026-01-03T14:42:53.225+0000] {processor.py:157} INFO - Started process (PID=34864) to work on /workspaces/hands-on-introduction-data-engineering-4395021/airflow/dags/one_task_dag.py
[2026-01-03T14:42:53.226+0000] {processor.py:826} INFO - Processing file /workspaces/hands-on-introduction-data-engineering-4395021/airflow/dags/one_task_dag.py for tasks to queue
[2026-01-03T14:42:53.226+0000] {logging_mixin.py:150} INFO - [2026-01-03T14:42:53.226+0000] {dagbag.py:541} INFO - Filling up the DagBag from /workspaces/hands-on-introduction-data-engineering-4395021/airflow/dags/one_task_dag.py
[2026-01-03T14:42:53.229+0000] {logging_mixin.py:150} INFO - [2026-01-03T14:42:53.228+0000] {dagbag.py:350} ERROR - Failed to import: /workspaces/hands-on-introduction-data-engineering-4395021/airflow/dags/one_task_dag.py
Traceback (most recent call last):
  File "/home/vscode/.local/lib/python3.10/site-packages/airflow/models/dagbag.py", line 346, in parse
    loader.exec_module(new_module)
  File "<frozen importlib._bootstrap_external>", line 879, in exec_module
  File "<frozen importlib._bootstrap_external>", line 1017, in get_code
  File "<frozen importlib._bootstrap_external>", line 947, in source_to_code
  File "<frozen importlib._bootstrap>", line 241, in _call_with_frames_removed
  File "/workspaces/hands-on-introduction-data-engineering-4395021/airflow/dags/one_task_dag.py", line 12
    ''
     ^
SyntaxError: ':' expected after dictionary key
[2026-01-03T14:42:53.230+0000] {processor.py:838} WARNING - No viable dags retrieved from /workspaces/hands-on-introduction-data-engineering-4395021/airflow/dags/one_task_dag.py
[2026-01-03T14:42:53.244+0000] {processor.py:179} INFO - Processing /workspaces/hands-on-introduction-data-engineering-4395021/airflow/dags/one_task_dag.py took 0.022 seconds
[2026-01-03T14:42:55.289+0000] {processor.py:157} INFO - Started process (PID=34887) to work on /workspaces/hands-on-introduction-data-engineering-4395021/airflow/dags/one_task_dag.py
[2026-01-03T14:42:55.290+0000] {processor.py:826} INFO - Processing file /workspaces/hands-on-introduction-data-engineering-4395021/airflow/dags/one_task_dag.py for tasks to queue
[2026-01-03T14:42:55.291+0000] {logging_mixin.py:150} INFO - [2026-01-03T14:42:55.290+0000] {dagbag.py:541} INFO - Filling up the DagBag from /workspaces/hands-on-introduction-data-engineering-4395021/airflow/dags/one_task_dag.py
[2026-01-03T14:42:55.293+0000] {logging_mixin.py:150} INFO - [2026-01-03T14:42:55.293+0000] {dagbag.py:350} ERROR - Failed to import: /workspaces/hands-on-introduction-data-engineering-4395021/airflow/dags/one_task_dag.py
Traceback (most recent call last):
  File "/home/vscode/.local/lib/python3.10/site-packages/airflow/models/dagbag.py", line 346, in parse
    loader.exec_module(new_module)
  File "<frozen importlib._bootstrap_external>", line 879, in exec_module
  File "<frozen importlib._bootstrap_external>", line 1017, in get_code
  File "<frozen importlib._bootstrap_external>", line 947, in source_to_code
  File "<frozen importlib._bootstrap>", line 241, in _call_with_frames_removed
  File "/workspaces/hands-on-introduction-data-engineering-4395021/airflow/dags/one_task_dag.py", line 12
    'start_date'
               ^
SyntaxError: ':' expected after dictionary key
[2026-01-03T14:42:55.294+0000] {processor.py:838} WARNING - No viable dags retrieved from /workspaces/hands-on-introduction-data-engineering-4395021/airflow/dags/one_task_dag.py
[2026-01-03T14:42:55.308+0000] {processor.py:179} INFO - Processing /workspaces/hands-on-introduction-data-engineering-4395021/airflow/dags/one_task_dag.py took 0.022 seconds
[2026-01-03T14:42:57.695+0000] {processor.py:157} INFO - Started process (PID=34921) to work on /workspaces/hands-on-introduction-data-engineering-4395021/airflow/dags/one_task_dag.py
[2026-01-03T14:42:57.698+0000] {processor.py:826} INFO - Processing file /workspaces/hands-on-introduction-data-engineering-4395021/airflow/dags/one_task_dag.py for tasks to queue
[2026-01-03T14:42:57.699+0000] {logging_mixin.py:150} INFO - [2026-01-03T14:42:57.699+0000] {dagbag.py:541} INFO - Filling up the DagBag from /workspaces/hands-on-introduction-data-engineering-4395021/airflow/dags/one_task_dag.py
[2026-01-03T14:42:57.716+0000] {logging_mixin.py:150} INFO - [2026-01-03T14:42:57.712+0000] {dagbag.py:350} ERROR - Failed to import: /workspaces/hands-on-introduction-data-engineering-4395021/airflow/dags/one_task_dag.py
Traceback (most recent call last):
  File "/home/vscode/.local/lib/python3.10/site-packages/airflow/models/dagbag.py", line 346, in parse
    loader.exec_module(new_module)
  File "<frozen importlib._bootstrap_external>", line 879, in exec_module
  File "<frozen importlib._bootstrap_external>", line 1017, in get_code
  File "<frozen importlib._bootstrap_external>", line 947, in source_to_code
  File "<frozen importlib._bootstrap>", line 241, in _call_with_frames_removed
  File "/workspaces/hands-on-introduction-data-engineering-4395021/airflow/dags/one_task_dag.py", line 12
    'start_date':
                ^
SyntaxError: expression expected after dictionary key and ':'
[2026-01-03T14:42:57.718+0000] {processor.py:838} WARNING - No viable dags retrieved from /workspaces/hands-on-introduction-data-engineering-4395021/airflow/dags/one_task_dag.py
[2026-01-03T14:42:57.753+0000] {processor.py:179} INFO - Processing /workspaces/hands-on-introduction-data-engineering-4395021/airflow/dags/one_task_dag.py took 0.063 seconds
[2026-01-03T14:42:59.861+0000] {processor.py:157} INFO - Started process (PID=34936) to work on /workspaces/hands-on-introduction-data-engineering-4395021/airflow/dags/one_task_dag.py
[2026-01-03T14:42:59.862+0000] {processor.py:826} INFO - Processing file /workspaces/hands-on-introduction-data-engineering-4395021/airflow/dags/one_task_dag.py for tasks to queue
[2026-01-03T14:42:59.863+0000] {logging_mixin.py:150} INFO - [2026-01-03T14:42:59.863+0000] {dagbag.py:541} INFO - Filling up the DagBag from /workspaces/hands-on-introduction-data-engineering-4395021/airflow/dags/one_task_dag.py
[2026-01-03T14:42:59.866+0000] {processor.py:838} WARNING - No viable dags retrieved from /workspaces/hands-on-introduction-data-engineering-4395021/airflow/dags/one_task_dag.py
[2026-01-03T14:42:59.877+0000] {processor.py:179} INFO - Processing /workspaces/hands-on-introduction-data-engineering-4395021/airflow/dags/one_task_dag.py took 0.019 seconds
[2026-01-03T14:43:01.677+0000] {processor.py:157} INFO - Started process (PID=34951) to work on /workspaces/hands-on-introduction-data-engineering-4395021/airflow/dags/one_task_dag.py
[2026-01-03T14:43:01.678+0000] {processor.py:826} INFO - Processing file /workspaces/hands-on-introduction-data-engineering-4395021/airflow/dags/one_task_dag.py for tasks to queue
[2026-01-03T14:43:01.678+0000] {logging_mixin.py:150} INFO - [2026-01-03T14:43:01.678+0000] {dagbag.py:541} INFO - Filling up the DagBag from /workspaces/hands-on-introduction-data-engineering-4395021/airflow/dags/one_task_dag.py
[2026-01-03T14:43:01.681+0000] {logging_mixin.py:150} INFO - [2026-01-03T14:43:01.681+0000] {dagbag.py:350} ERROR - Failed to import: /workspaces/hands-on-introduction-data-engineering-4395021/airflow/dags/one_task_dag.py
Traceback (most recent call last):
  File "/home/vscode/.local/lib/python3.10/site-packages/airflow/models/dagbag.py", line 346, in parse
    loader.exec_module(new_module)
  File "<frozen importlib._bootstrap_external>", line 883, in exec_module
  File "<frozen importlib._bootstrap>", line 241, in _call_with_frames_removed
  File "/workspaces/hands-on-introduction-data-engineering-4395021/airflow/dags/one_task_dag.py", line 12, in <module>
    'start_date':datetime()
TypeError: 'module' object is not callable
[2026-01-03T14:43:01.682+0000] {processor.py:838} WARNING - No viable dags retrieved from /workspaces/hands-on-introduction-data-engineering-4395021/airflow/dags/one_task_dag.py
[2026-01-03T14:43:01.696+0000] {processor.py:179} INFO - Processing /workspaces/hands-on-introduction-data-engineering-4395021/airflow/dags/one_task_dag.py took 0.022 seconds
[2026-01-03T14:43:22.836+0000] {processor.py:157} INFO - Started process (PID=35084) to work on /workspaces/hands-on-introduction-data-engineering-4395021/airflow/dags/one_task_dag.py
[2026-01-03T14:43:22.837+0000] {processor.py:826} INFO - Processing file /workspaces/hands-on-introduction-data-engineering-4395021/airflow/dags/one_task_dag.py for tasks to queue
[2026-01-03T14:43:22.837+0000] {logging_mixin.py:150} INFO - [2026-01-03T14:43:22.837+0000] {dagbag.py:541} INFO - Filling up the DagBag from /workspaces/hands-on-introduction-data-engineering-4395021/airflow/dags/one_task_dag.py
[2026-01-03T14:43:22.840+0000] {logging_mixin.py:150} INFO - [2026-01-03T14:43:22.840+0000] {dagbag.py:350} ERROR - Failed to import: /workspaces/hands-on-introduction-data-engineering-4395021/airflow/dags/one_task_dag.py
Traceback (most recent call last):
  File "/home/vscode/.local/lib/python3.10/site-packages/airflow/models/dagbag.py", line 346, in parse
    loader.exec_module(new_module)
  File "<frozen importlib._bootstrap_external>", line 883, in exec_module
  File "<frozen importlib._bootstrap>", line 241, in _call_with_frames_removed
  File "/workspaces/hands-on-introduction-data-engineering-4395021/airflow/dags/one_task_dag.py", line 12, in <module>
    'start_date':datetime(2025)
TypeError: 'module' object is not callable
[2026-01-03T14:43:22.841+0000] {processor.py:838} WARNING - No viable dags retrieved from /workspaces/hands-on-introduction-data-engineering-4395021/airflow/dags/one_task_dag.py
[2026-01-03T14:43:22.857+0000] {processor.py:179} INFO - Processing /workspaces/hands-on-introduction-data-engineering-4395021/airflow/dags/one_task_dag.py took 0.024 seconds
[2026-01-03T14:43:24.344+0000] {processor.py:157} INFO - Started process (PID=35104) to work on /workspaces/hands-on-introduction-data-engineering-4395021/airflow/dags/one_task_dag.py
[2026-01-03T14:43:24.345+0000] {processor.py:826} INFO - Processing file /workspaces/hands-on-introduction-data-engineering-4395021/airflow/dags/one_task_dag.py for tasks to queue
[2026-01-03T14:43:24.345+0000] {logging_mixin.py:150} INFO - [2026-01-03T14:43:24.345+0000] {dagbag.py:541} INFO - Filling up the DagBag from /workspaces/hands-on-introduction-data-engineering-4395021/airflow/dags/one_task_dag.py
[2026-01-03T14:43:24.349+0000] {logging_mixin.py:150} INFO - [2026-01-03T14:43:24.348+0000] {dagbag.py:350} ERROR - Failed to import: /workspaces/hands-on-introduction-data-engineering-4395021/airflow/dags/one_task_dag.py
Traceback (most recent call last):
  File "/home/vscode/.local/lib/python3.10/site-packages/airflow/models/dagbag.py", line 346, in parse
    loader.exec_module(new_module)
  File "<frozen importlib._bootstrap_external>", line 883, in exec_module
  File "<frozen importlib._bootstrap>", line 241, in _call_with_frames_removed
  File "/workspaces/hands-on-introduction-data-engineering-4395021/airflow/dags/one_task_dag.py", line 12, in <module>
    'start_date':datetime(2025,1,1)
TypeError: 'module' object is not callable
[2026-01-03T14:43:24.349+0000] {processor.py:838} WARNING - No viable dags retrieved from /workspaces/hands-on-introduction-data-engineering-4395021/airflow/dags/one_task_dag.py
[2026-01-03T14:43:24.366+0000] {processor.py:179} INFO - Processing /workspaces/hands-on-introduction-data-engineering-4395021/airflow/dags/one_task_dag.py took 0.025 seconds
[2026-01-03T14:43:38.944+0000] {processor.py:157} INFO - Started process (PID=35190) to work on /workspaces/hands-on-introduction-data-engineering-4395021/airflow/dags/one_task_dag.py
[2026-01-03T14:43:38.945+0000] {processor.py:826} INFO - Processing file /workspaces/hands-on-introduction-data-engineering-4395021/airflow/dags/one_task_dag.py for tasks to queue
[2026-01-03T14:43:38.945+0000] {logging_mixin.py:150} INFO - [2026-01-03T14:43:38.945+0000] {dagbag.py:541} INFO - Filling up the DagBag from /workspaces/hands-on-introduction-data-engineering-4395021/airflow/dags/one_task_dag.py
[2026-01-03T14:43:38.948+0000] {logging_mixin.py:150} INFO - [2026-01-03T14:43:38.948+0000] {dagbag.py:350} ERROR - Failed to import: /workspaces/hands-on-introduction-data-engineering-4395021/airflow/dags/one_task_dag.py
Traceback (most recent call last):
  File "/home/vscode/.local/lib/python3.10/site-packages/airflow/models/dagbag.py", line 346, in parse
    loader.exec_module(new_module)
  File "<frozen importlib._bootstrap_external>", line 883, in exec_module
  File "<frozen importlib._bootstrap>", line 241, in _call_with_frames_removed
  File "/workspaces/hands-on-introduction-data-engineering-4395021/airflow/dags/one_task_dag.py", line 12, in <module>
    'start_date':datetime(2025,1,1)
TypeError: 'module' object is not callable
[2026-01-03T14:43:38.949+0000] {processor.py:838} WARNING - No viable dags retrieved from /workspaces/hands-on-introduction-data-engineering-4395021/airflow/dags/one_task_dag.py
[2026-01-03T14:43:38.965+0000] {processor.py:179} INFO - Processing /workspaces/hands-on-introduction-data-engineering-4395021/airflow/dags/one_task_dag.py took 0.024 seconds
[2026-01-03T14:43:41.944+0000] {processor.py:157} INFO - Started process (PID=35212) to work on /workspaces/hands-on-introduction-data-engineering-4395021/airflow/dags/one_task_dag.py
[2026-01-03T14:43:41.945+0000] {processor.py:826} INFO - Processing file /workspaces/hands-on-introduction-data-engineering-4395021/airflow/dags/one_task_dag.py for tasks to queue
[2026-01-03T14:43:41.945+0000] {logging_mixin.py:150} INFO - [2026-01-03T14:43:41.945+0000] {dagbag.py:541} INFO - Filling up the DagBag from /workspaces/hands-on-introduction-data-engineering-4395021/airflow/dags/one_task_dag.py
[2026-01-03T14:43:41.948+0000] {logging_mixin.py:150} INFO - [2026-01-03T14:43:41.947+0000] {dagbag.py:350} ERROR - Failed to import: /workspaces/hands-on-introduction-data-engineering-4395021/airflow/dags/one_task_dag.py
Traceback (most recent call last):
  File "/home/vscode/.local/lib/python3.10/site-packages/airflow/models/dagbag.py", line 346, in parse
    loader.exec_module(new_module)
  File "<frozen importlib._bootstrap_external>", line 879, in exec_module
  File "<frozen importlib._bootstrap_external>", line 1017, in get_code
  File "<frozen importlib._bootstrap_external>", line 947, in source_to_code
  File "<frozen importlib._bootstrap>", line 241, in _call_with_frames_removed
  File "/workspaces/hands-on-introduction-data-engineering-4395021/airflow/dags/one_task_dag.py", line 15
    with D
          ^
SyntaxError: expected ':'
[2026-01-03T14:43:41.948+0000] {processor.py:838} WARNING - No viable dags retrieved from /workspaces/hands-on-introduction-data-engineering-4395021/airflow/dags/one_task_dag.py
[2026-01-03T14:43:41.963+0000] {processor.py:179} INFO - Processing /workspaces/hands-on-introduction-data-engineering-4395021/airflow/dags/one_task_dag.py took 0.022 seconds
[2026-01-03T14:43:44.149+0000] {processor.py:157} INFO - Started process (PID=35226) to work on /workspaces/hands-on-introduction-data-engineering-4395021/airflow/dags/one_task_dag.py
[2026-01-03T14:43:44.154+0000] {processor.py:826} INFO - Processing file /workspaces/hands-on-introduction-data-engineering-4395021/airflow/dags/one_task_dag.py for tasks to queue
[2026-01-03T14:43:44.159+0000] {logging_mixin.py:150} INFO - [2026-01-03T14:43:44.159+0000] {dagbag.py:541} INFO - Filling up the DagBag from /workspaces/hands-on-introduction-data-engineering-4395021/airflow/dags/one_task_dag.py
[2026-01-03T14:43:44.177+0000] {logging_mixin.py:150} INFO - [2026-01-03T14:43:44.172+0000] {dagbag.py:350} ERROR - Failed to import: /workspaces/hands-on-introduction-data-engineering-4395021/airflow/dags/one_task_dag.py
Traceback (most recent call last):
  File "/home/vscode/.local/lib/python3.10/site-packages/airflow/models/dagbag.py", line 346, in parse
    loader.exec_module(new_module)
  File "<frozen importlib._bootstrap_external>", line 879, in exec_module
  File "<frozen importlib._bootstrap_external>", line 1017, in get_code
  File "<frozen importlib._bootstrap_external>", line 947, in source_to_code
  File "<frozen importlib._bootstrap>", line 241, in _call_with_frames_removed
  File "/workspaces/hands-on-introduction-data-engineering-4395021/airflow/dags/one_task_dag.py", line 15
    with DAG()
              ^
SyntaxError: expected ':'
[2026-01-03T14:43:44.177+0000] {processor.py:838} WARNING - No viable dags retrieved from /workspaces/hands-on-introduction-data-engineering-4395021/airflow/dags/one_task_dag.py
[2026-01-03T14:43:44.255+0000] {processor.py:179} INFO - Processing /workspaces/hands-on-introduction-data-engineering-4395021/airflow/dags/one_task_dag.py took 0.117 seconds
[2026-01-03T14:44:14.730+0000] {processor.py:157} INFO - Started process (PID=35409) to work on /workspaces/hands-on-introduction-data-engineering-4395021/airflow/dags/one_task_dag.py
[2026-01-03T14:44:14.731+0000] {processor.py:826} INFO - Processing file /workspaces/hands-on-introduction-data-engineering-4395021/airflow/dags/one_task_dag.py for tasks to queue
[2026-01-03T14:44:14.732+0000] {logging_mixin.py:150} INFO - [2026-01-03T14:44:14.732+0000] {dagbag.py:541} INFO - Filling up the DagBag from /workspaces/hands-on-introduction-data-engineering-4395021/airflow/dags/one_task_dag.py
[2026-01-03T14:44:14.735+0000] {logging_mixin.py:150} INFO - [2026-01-03T14:44:14.734+0000] {dagbag.py:350} ERROR - Failed to import: /workspaces/hands-on-introduction-data-engineering-4395021/airflow/dags/one_task_dag.py
Traceback (most recent call last):
  File "/home/vscode/.local/lib/python3.10/site-packages/airflow/models/dagbag.py", line 346, in parse
    loader.exec_module(new_module)
  File "<frozen importlib._bootstrap_external>", line 879, in exec_module
  File "<frozen importlib._bootstrap_external>", line 1017, in get_code
  File "<frozen importlib._bootstrap_external>", line 947, in source_to_code
  File "<frozen importlib._bootstrap>", line 241, in _call_with_frames_removed
  File "/workspaces/hands-on-introduction-data-engineering-4395021/airflow/dags/one_task_dag.py", line 15
    with DAG()
              ^
SyntaxError: expected ':'
[2026-01-03T14:44:14.735+0000] {processor.py:838} WARNING - No viable dags retrieved from /workspaces/hands-on-introduction-data-engineering-4395021/airflow/dags/one_task_dag.py
[2026-01-03T14:44:14.750+0000] {processor.py:179} INFO - Processing /workspaces/hands-on-introduction-data-engineering-4395021/airflow/dags/one_task_dag.py took 0.022 seconds
[2026-01-03T14:44:20.463+0000] {processor.py:157} INFO - Started process (PID=35445) to work on /workspaces/hands-on-introduction-data-engineering-4395021/airflow/dags/one_task_dag.py
[2026-01-03T14:44:20.463+0000] {processor.py:826} INFO - Processing file /workspaces/hands-on-introduction-data-engineering-4395021/airflow/dags/one_task_dag.py for tasks to queue
[2026-01-03T14:44:20.464+0000] {logging_mixin.py:150} INFO - [2026-01-03T14:44:20.464+0000] {dagbag.py:541} INFO - Filling up the DagBag from /workspaces/hands-on-introduction-data-engineering-4395021/airflow/dags/one_task_dag.py
[2026-01-03T14:44:20.467+0000] {logging_mixin.py:150} INFO - [2026-01-03T14:44:20.466+0000] {dagbag.py:350} ERROR - Failed to import: /workspaces/hands-on-introduction-data-engineering-4395021/airflow/dags/one_task_dag.py
Traceback (most recent call last):
  File "/home/vscode/.local/lib/python3.10/site-packages/airflow/models/dagbag.py", line 346, in parse
    loader.exec_module(new_module)
  File "<frozen importlib._bootstrap_external>", line 879, in exec_module
  File "<frozen importlib._bootstrap_external>", line 1017, in get_code
  File "<frozen importlib._bootstrap_external>", line 947, in source_to_code
  File "<frozen importlib._bootstrap>", line 241, in _call_with_frames_removed
  File "/workspaces/hands-on-introduction-data-engineering-4395021/airflow/dags/one_task_dag.py", line 15
    with DAG(dag)
                 ^
SyntaxError: expected ':'
[2026-01-03T14:44:20.468+0000] {processor.py:838} WARNING - No viable dags retrieved from /workspaces/hands-on-introduction-data-engineering-4395021/airflow/dags/one_task_dag.py
[2026-01-03T14:44:20.482+0000] {processor.py:179} INFO - Processing /workspaces/hands-on-introduction-data-engineering-4395021/airflow/dags/one_task_dag.py took 0.022 seconds
[2026-01-03T14:44:23.360+0000] {processor.py:157} INFO - Started process (PID=35466) to work on /workspaces/hands-on-introduction-data-engineering-4395021/airflow/dags/one_task_dag.py
[2026-01-03T14:44:23.361+0000] {processor.py:826} INFO - Processing file /workspaces/hands-on-introduction-data-engineering-4395021/airflow/dags/one_task_dag.py for tasks to queue
[2026-01-03T14:44:23.362+0000] {logging_mixin.py:150} INFO - [2026-01-03T14:44:23.361+0000] {dagbag.py:541} INFO - Filling up the DagBag from /workspaces/hands-on-introduction-data-engineering-4395021/airflow/dags/one_task_dag.py
[2026-01-03T14:44:23.364+0000] {logging_mixin.py:150} INFO - [2026-01-03T14:44:23.364+0000] {dagbag.py:350} ERROR - Failed to import: /workspaces/hands-on-introduction-data-engineering-4395021/airflow/dags/one_task_dag.py
Traceback (most recent call last):
  File "/home/vscode/.local/lib/python3.10/site-packages/airflow/models/dagbag.py", line 346, in parse
    loader.exec_module(new_module)
  File "<frozen importlib._bootstrap_external>", line 879, in exec_module
  File "<frozen importlib._bootstrap_external>", line 1017, in get_code
  File "<frozen importlib._bootstrap_external>", line 947, in source_to_code
  File "<frozen importlib._bootstrap>", line 241, in _call_with_frames_removed
  File "/workspaces/hands-on-introduction-data-engineering-4395021/airflow/dags/one_task_dag.py", line 15
    with DAG(dag_id=)
                    ^
SyntaxError: invalid syntax
[2026-01-03T14:44:23.365+0000] {processor.py:838} WARNING - No viable dags retrieved from /workspaces/hands-on-introduction-data-engineering-4395021/airflow/dags/one_task_dag.py
[2026-01-03T14:44:23.379+0000] {processor.py:179} INFO - Processing /workspaces/hands-on-introduction-data-engineering-4395021/airflow/dags/one_task_dag.py took 0.021 seconds
[2026-01-03T14:44:25.904+0000] {processor.py:157} INFO - Started process (PID=35487) to work on /workspaces/hands-on-introduction-data-engineering-4395021/airflow/dags/one_task_dag.py
[2026-01-03T14:44:25.905+0000] {processor.py:826} INFO - Processing file /workspaces/hands-on-introduction-data-engineering-4395021/airflow/dags/one_task_dag.py for tasks to queue
[2026-01-03T14:44:25.906+0000] {logging_mixin.py:150} INFO - [2026-01-03T14:44:25.906+0000] {dagbag.py:541} INFO - Filling up the DagBag from /workspaces/hands-on-introduction-data-engineering-4395021/airflow/dags/one_task_dag.py
[2026-01-03T14:44:25.909+0000] {logging_mixin.py:150} INFO - [2026-01-03T14:44:25.908+0000] {dagbag.py:350} ERROR - Failed to import: /workspaces/hands-on-introduction-data-engineering-4395021/airflow/dags/one_task_dag.py
Traceback (most recent call last):
  File "/home/vscode/.local/lib/python3.10/site-packages/airflow/models/dagbag.py", line 346, in parse
    loader.exec_module(new_module)
  File "<frozen importlib._bootstrap_external>", line 879, in exec_module
  File "<frozen importlib._bootstrap_external>", line 1017, in get_code
  File "<frozen importlib._bootstrap_external>", line 947, in source_to_code
  File "<frozen importlib._bootstrap>", line 241, in _call_with_frames_removed
  File "/workspaces/hands-on-introduction-data-engineering-4395021/airflow/dags/one_task_dag.py", line 15
    with DAG(dag_id='')
                       ^
SyntaxError: expected ':'
[2026-01-03T14:44:25.910+0000] {processor.py:838} WARNING - No viable dags retrieved from /workspaces/hands-on-introduction-data-engineering-4395021/airflow/dags/one_task_dag.py
[2026-01-03T14:44:25.923+0000] {processor.py:179} INFO - Processing /workspaces/hands-on-introduction-data-engineering-4395021/airflow/dags/one_task_dag.py took 0.021 seconds
[2026-01-03T14:44:35.931+0000] {processor.py:157} INFO - Started process (PID=35556) to work on /workspaces/hands-on-introduction-data-engineering-4395021/airflow/dags/one_task_dag.py
[2026-01-03T14:44:35.932+0000] {processor.py:826} INFO - Processing file /workspaces/hands-on-introduction-data-engineering-4395021/airflow/dags/one_task_dag.py for tasks to queue
[2026-01-03T14:44:35.932+0000] {logging_mixin.py:150} INFO - [2026-01-03T14:44:35.932+0000] {dagbag.py:541} INFO - Filling up the DagBag from /workspaces/hands-on-introduction-data-engineering-4395021/airflow/dags/one_task_dag.py
[2026-01-03T14:44:35.935+0000] {logging_mixin.py:150} INFO - [2026-01-03T14:44:35.934+0000] {dagbag.py:350} ERROR - Failed to import: /workspaces/hands-on-introduction-data-engineering-4395021/airflow/dags/one_task_dag.py
Traceback (most recent call last):
  File "/home/vscode/.local/lib/python3.10/site-packages/airflow/models/dagbag.py", line 346, in parse
    loader.exec_module(new_module)
  File "<frozen importlib._bootstrap_external>", line 879, in exec_module
  File "<frozen importlib._bootstrap_external>", line 1017, in get_code
  File "<frozen importlib._bootstrap_external>", line 947, in source_to_code
  File "<frozen importlib._bootstrap>", line 241, in _call_with_frames_removed
  File "/workspaces/hands-on-introduction-data-engineering-4395021/airflow/dags/one_task_dag.py", line 15
    with DAG(dag_id='One Task')
                               ^
SyntaxError: expected ':'
[2026-01-03T14:44:35.935+0000] {processor.py:838} WARNING - No viable dags retrieved from /workspaces/hands-on-introduction-data-engineering-4395021/airflow/dags/one_task_dag.py
[2026-01-03T14:44:35.949+0000] {processor.py:179} INFO - Processing /workspaces/hands-on-introduction-data-engineering-4395021/airflow/dags/one_task_dag.py took 0.020 seconds
[2026-01-03T14:44:38.676+0000] {processor.py:157} INFO - Started process (PID=35571) to work on /workspaces/hands-on-introduction-data-engineering-4395021/airflow/dags/one_task_dag.py
[2026-01-03T14:44:38.677+0000] {processor.py:826} INFO - Processing file /workspaces/hands-on-introduction-data-engineering-4395021/airflow/dags/one_task_dag.py for tasks to queue
[2026-01-03T14:44:38.678+0000] {logging_mixin.py:150} INFO - [2026-01-03T14:44:38.677+0000] {dagbag.py:541} INFO - Filling up the DagBag from /workspaces/hands-on-introduction-data-engineering-4395021/airflow/dags/one_task_dag.py
[2026-01-03T14:44:38.680+0000] {logging_mixin.py:150} INFO - [2026-01-03T14:44:38.680+0000] {dagbag.py:350} ERROR - Failed to import: /workspaces/hands-on-introduction-data-engineering-4395021/airflow/dags/one_task_dag.py
Traceback (most recent call last):
  File "/home/vscode/.local/lib/python3.10/site-packages/airflow/models/dagbag.py", line 346, in parse
    loader.exec_module(new_module)
  File "<frozen importlib._bootstrap_external>", line 879, in exec_module
  File "<frozen importlib._bootstrap_external>", line 1017, in get_code
  File "<frozen importlib._bootstrap_external>", line 947, in source_to_code
  File "<frozen importlib._bootstrap>", line 241, in _call_with_frames_removed
  File "/workspaces/hands-on-introduction-data-engineering-4395021/airflow/dags/one_task_dag.py", line 15
    with DAG(dag_id='One Task D')
                                 ^
SyntaxError: expected ':'
[2026-01-03T14:44:38.681+0000] {processor.py:838} WARNING - No viable dags retrieved from /workspaces/hands-on-introduction-data-engineering-4395021/airflow/dags/one_task_dag.py
[2026-01-03T14:44:38.698+0000] {processor.py:179} INFO - Processing /workspaces/hands-on-introduction-data-engineering-4395021/airflow/dags/one_task_dag.py took 0.025 seconds
[2026-01-03T14:44:39.292+0000] {processor.py:157} INFO - Started process (PID=35573) to work on /workspaces/hands-on-introduction-data-engineering-4395021/airflow/dags/one_task_dag.py
[2026-01-03T14:44:39.293+0000] {processor.py:826} INFO - Processing file /workspaces/hands-on-introduction-data-engineering-4395021/airflow/dags/one_task_dag.py for tasks to queue
[2026-01-03T14:44:39.294+0000] {logging_mixin.py:150} INFO - [2026-01-03T14:44:39.293+0000] {dagbag.py:541} INFO - Filling up the DagBag from /workspaces/hands-on-introduction-data-engineering-4395021/airflow/dags/one_task_dag.py
[2026-01-03T14:44:39.296+0000] {logging_mixin.py:150} INFO - [2026-01-03T14:44:39.296+0000] {dagbag.py:350} ERROR - Failed to import: /workspaces/hands-on-introduction-data-engineering-4395021/airflow/dags/one_task_dag.py
Traceback (most recent call last):
  File "/home/vscode/.local/lib/python3.10/site-packages/airflow/models/dagbag.py", line 346, in parse
    loader.exec_module(new_module)
  File "<frozen importlib._bootstrap_external>", line 879, in exec_module
  File "<frozen importlib._bootstrap_external>", line 1017, in get_code
  File "<frozen importlib._bootstrap_external>", line 947, in source_to_code
  File "<frozen importlib._bootstrap>", line 241, in _call_with_frames_removed
  File "/workspaces/hands-on-introduction-data-engineering-4395021/airflow/dags/one_task_dag.py", line 15
    with DAG(dag_id='One Task DAG')
                                   ^
SyntaxError: expected ':'
[2026-01-03T14:44:39.297+0000] {processor.py:838} WARNING - No viable dags retrieved from /workspaces/hands-on-introduction-data-engineering-4395021/airflow/dags/one_task_dag.py
[2026-01-03T14:44:39.311+0000] {processor.py:179} INFO - Processing /workspaces/hands-on-introduction-data-engineering-4395021/airflow/dags/one_task_dag.py took 0.021 seconds
[2026-01-03T14:44:41.458+0000] {processor.py:157} INFO - Started process (PID=35599) to work on /workspaces/hands-on-introduction-data-engineering-4395021/airflow/dags/one_task_dag.py
[2026-01-03T14:44:41.458+0000] {processor.py:826} INFO - Processing file /workspaces/hands-on-introduction-data-engineering-4395021/airflow/dags/one_task_dag.py for tasks to queue
[2026-01-03T14:44:41.459+0000] {logging_mixin.py:150} INFO - [2026-01-03T14:44:41.459+0000] {dagbag.py:541} INFO - Filling up the DagBag from /workspaces/hands-on-introduction-data-engineering-4395021/airflow/dags/one_task_dag.py
[2026-01-03T14:44:41.463+0000] {logging_mixin.py:150} INFO - [2026-01-03T14:44:41.462+0000] {dagbag.py:350} ERROR - Failed to import: /workspaces/hands-on-introduction-data-engineering-4395021/airflow/dags/one_task_dag.py
Traceback (most recent call last):
  File "/home/vscode/.local/lib/python3.10/site-packages/airflow/models/dagbag.py", line 346, in parse
    loader.exec_module(new_module)
  File "<frozen importlib._bootstrap_external>", line 879, in exec_module
  File "<frozen importlib._bootstrap_external>", line 1017, in get_code
  File "<frozen importlib._bootstrap_external>", line 947, in source_to_code
  File "<frozen importlib._bootstrap>", line 241, in _call_with_frames_removed
  File "/workspaces/hands-on-introduction-data-engineering-4395021/airflow/dags/one_task_dag.py", line 15
    with DAG(dag_id='One Task DAG',)
                                    ^
SyntaxError: expected ':'
[2026-01-03T14:44:41.463+0000] {processor.py:838} WARNING - No viable dags retrieved from /workspaces/hands-on-introduction-data-engineering-4395021/airflow/dags/one_task_dag.py
[2026-01-03T14:44:41.477+0000] {processor.py:179} INFO - Processing /workspaces/hands-on-introduction-data-engineering-4395021/airflow/dags/one_task_dag.py took 0.023 seconds
[2026-01-03T14:44:49.823+0000] {processor.py:157} INFO - Started process (PID=35643) to work on /workspaces/hands-on-introduction-data-engineering-4395021/airflow/dags/one_task_dag.py
[2026-01-03T14:44:49.824+0000] {processor.py:826} INFO - Processing file /workspaces/hands-on-introduction-data-engineering-4395021/airflow/dags/one_task_dag.py for tasks to queue
[2026-01-03T14:44:49.824+0000] {logging_mixin.py:150} INFO - [2026-01-03T14:44:49.824+0000] {dagbag.py:541} INFO - Filling up the DagBag from /workspaces/hands-on-introduction-data-engineering-4395021/airflow/dags/one_task_dag.py
[2026-01-03T14:44:49.827+0000] {logging_mixin.py:150} INFO - [2026-01-03T14:44:49.826+0000] {dagbag.py:350} ERROR - Failed to import: /workspaces/hands-on-introduction-data-engineering-4395021/airflow/dags/one_task_dag.py
Traceback (most recent call last):
  File "/home/vscode/.local/lib/python3.10/site-packages/airflow/models/dagbag.py", line 346, in parse
    loader.exec_module(new_module)
  File "<frozen importlib._bootstrap_external>", line 879, in exec_module
  File "<frozen importlib._bootstrap_external>", line 1017, in get_code
  File "<frozen importlib._bootstrap_external>", line 947, in source_to_code
  File "<frozen importlib._bootstrap>", line 241, in _call_with_frames_removed
  File "/workspaces/hands-on-introduction-data-engineering-4395021/airflow/dags/one_task_dag.py", line 15
    with DAG(dag_id='One Task DAG',desc)
                                       ^
SyntaxError: positional argument follows keyword argument
[2026-01-03T14:44:49.828+0000] {processor.py:838} WARNING - No viable dags retrieved from /workspaces/hands-on-introduction-data-engineering-4395021/airflow/dags/one_task_dag.py
[2026-01-03T14:44:49.843+0000] {processor.py:179} INFO - Processing /workspaces/hands-on-introduction-data-engineering-4395021/airflow/dags/one_task_dag.py took 0.023 seconds
[2026-01-03T14:44:50.963+0000] {processor.py:157} INFO - Started process (PID=35651) to work on /workspaces/hands-on-introduction-data-engineering-4395021/airflow/dags/one_task_dag.py
[2026-01-03T14:44:50.964+0000] {processor.py:826} INFO - Processing file /workspaces/hands-on-introduction-data-engineering-4395021/airflow/dags/one_task_dag.py for tasks to queue
[2026-01-03T14:44:50.965+0000] {logging_mixin.py:150} INFO - [2026-01-03T14:44:50.965+0000] {dagbag.py:541} INFO - Filling up the DagBag from /workspaces/hands-on-introduction-data-engineering-4395021/airflow/dags/one_task_dag.py
[2026-01-03T14:44:50.969+0000] {logging_mixin.py:150} INFO - [2026-01-03T14:44:50.968+0000] {dagbag.py:350} ERROR - Failed to import: /workspaces/hands-on-introduction-data-engineering-4395021/airflow/dags/one_task_dag.py
Traceback (most recent call last):
  File "/home/vscode/.local/lib/python3.10/site-packages/airflow/models/dagbag.py", line 346, in parse
    loader.exec_module(new_module)
  File "<frozen importlib._bootstrap_external>", line 879, in exec_module
  File "<frozen importlib._bootstrap_external>", line 1017, in get_code
  File "<frozen importlib._bootstrap_external>", line 947, in source_to_code
  File "<frozen importlib._bootstrap>", line 241, in _call_with_frames_removed
  File "/workspaces/hands-on-introduction-data-engineering-4395021/airflow/dags/one_task_dag.py", line 15
    with DAG(dag_id='One Task DAG',description=)
                                               ^
SyntaxError: invalid syntax
[2026-01-03T14:44:50.969+0000] {processor.py:838} WARNING - No viable dags retrieved from /workspaces/hands-on-introduction-data-engineering-4395021/airflow/dags/one_task_dag.py
[2026-01-03T14:44:51.011+0000] {processor.py:179} INFO - Processing /workspaces/hands-on-introduction-data-engineering-4395021/airflow/dags/one_task_dag.py took 0.052 seconds
[2026-01-03T14:44:52.771+0000] {processor.py:157} INFO - Started process (PID=35677) to work on /workspaces/hands-on-introduction-data-engineering-4395021/airflow/dags/one_task_dag.py
[2026-01-03T14:44:52.773+0000] {processor.py:826} INFO - Processing file /workspaces/hands-on-introduction-data-engineering-4395021/airflow/dags/one_task_dag.py for tasks to queue
[2026-01-03T14:44:52.775+0000] {logging_mixin.py:150} INFO - [2026-01-03T14:44:52.775+0000] {dagbag.py:541} INFO - Filling up the DagBag from /workspaces/hands-on-introduction-data-engineering-4395021/airflow/dags/one_task_dag.py
[2026-01-03T14:44:52.782+0000] {logging_mixin.py:150} INFO - [2026-01-03T14:44:52.780+0000] {dagbag.py:350} ERROR - Failed to import: /workspaces/hands-on-introduction-data-engineering-4395021/airflow/dags/one_task_dag.py
Traceback (most recent call last):
  File "/home/vscode/.local/lib/python3.10/site-packages/airflow/models/dagbag.py", line 346, in parse
    loader.exec_module(new_module)
  File "<frozen importlib._bootstrap_external>", line 879, in exec_module
  File "<frozen importlib._bootstrap_external>", line 1017, in get_code
  File "<frozen importlib._bootstrap_external>", line 947, in source_to_code
  File "<frozen importlib._bootstrap>", line 241, in _call_with_frames_removed
  File "/workspaces/hands-on-introduction-data-engineering-4395021/airflow/dags/one_task_dag.py", line 15
    with DAG(dag_id='One Task DAG',description='')
                                                  ^
SyntaxError: expected ':'
[2026-01-03T14:44:52.782+0000] {processor.py:838} WARNING - No viable dags retrieved from /workspaces/hands-on-introduction-data-engineering-4395021/airflow/dags/one_task_dag.py
[2026-01-03T14:44:52.803+0000] {processor.py:179} INFO - Processing /workspaces/hands-on-introduction-data-engineering-4395021/airflow/dags/one_task_dag.py took 0.039 seconds
[2026-01-03T14:44:55.987+0000] {processor.py:157} INFO - Started process (PID=35687) to work on /workspaces/hands-on-introduction-data-engineering-4395021/airflow/dags/one_task_dag.py
[2026-01-03T14:44:55.987+0000] {processor.py:826} INFO - Processing file /workspaces/hands-on-introduction-data-engineering-4395021/airflow/dags/one_task_dag.py for tasks to queue
[2026-01-03T14:44:55.988+0000] {logging_mixin.py:150} INFO - [2026-01-03T14:44:55.988+0000] {dagbag.py:541} INFO - Filling up the DagBag from /workspaces/hands-on-introduction-data-engineering-4395021/airflow/dags/one_task_dag.py
[2026-01-03T14:44:55.991+0000] {logging_mixin.py:150} INFO - [2026-01-03T14:44:55.990+0000] {dagbag.py:350} ERROR - Failed to import: /workspaces/hands-on-introduction-data-engineering-4395021/airflow/dags/one_task_dag.py
Traceback (most recent call last):
  File "/home/vscode/.local/lib/python3.10/site-packages/airflow/models/dagbag.py", line 346, in parse
    loader.exec_module(new_module)
  File "<frozen importlib._bootstrap_external>", line 879, in exec_module
  File "<frozen importlib._bootstrap_external>", line 1017, in get_code
  File "<frozen importlib._bootstrap_external>", line 947, in source_to_code
  File "<frozen importlib._bootstrap>", line 241, in _call_with_frames_removed
  File "/workspaces/hands-on-introduction-data-engineering-4395021/airflow/dags/one_task_dag.py", line 15
    with DAG(dag_id='One Task DAG',description='One Task')
                                                          ^
SyntaxError: expected ':'
[2026-01-03T14:44:55.991+0000] {processor.py:838} WARNING - No viable dags retrieved from /workspaces/hands-on-introduction-data-engineering-4395021/airflow/dags/one_task_dag.py
[2026-01-03T14:44:56.008+0000] {processor.py:179} INFO - Processing /workspaces/hands-on-introduction-data-engineering-4395021/airflow/dags/one_task_dag.py took 0.024 seconds
[2026-01-03T14:44:57.783+0000] {processor.py:157} INFO - Started process (PID=35707) to work on /workspaces/hands-on-introduction-data-engineering-4395021/airflow/dags/one_task_dag.py
[2026-01-03T14:44:57.784+0000] {processor.py:826} INFO - Processing file /workspaces/hands-on-introduction-data-engineering-4395021/airflow/dags/one_task_dag.py for tasks to queue
[2026-01-03T14:44:57.784+0000] {logging_mixin.py:150} INFO - [2026-01-03T14:44:57.784+0000] {dagbag.py:541} INFO - Filling up the DagBag from /workspaces/hands-on-introduction-data-engineering-4395021/airflow/dags/one_task_dag.py
[2026-01-03T14:44:57.788+0000] {logging_mixin.py:150} INFO - [2026-01-03T14:44:57.787+0000] {dagbag.py:350} ERROR - Failed to import: /workspaces/hands-on-introduction-data-engineering-4395021/airflow/dags/one_task_dag.py
Traceback (most recent call last):
  File "/home/vscode/.local/lib/python3.10/site-packages/airflow/models/dagbag.py", line 346, in parse
    loader.exec_module(new_module)
  File "<frozen importlib._bootstrap_external>", line 879, in exec_module
  File "<frozen importlib._bootstrap_external>", line 1017, in get_code
  File "<frozen importlib._bootstrap_external>", line 947, in source_to_code
  File "<frozen importlib._bootstrap>", line 241, in _call_with_frames_removed
  File "/workspaces/hands-on-introduction-data-engineering-4395021/airflow/dags/one_task_dag.py", line 15
    with DAG(dag_id='One Task DAG',description='One Task D')
                                                            ^
SyntaxError: expected ':'
[2026-01-03T14:44:57.788+0000] {processor.py:838} WARNING - No viable dags retrieved from /workspaces/hands-on-introduction-data-engineering-4395021/airflow/dags/one_task_dag.py
[2026-01-03T14:44:57.802+0000] {processor.py:179} INFO - Processing /workspaces/hands-on-introduction-data-engineering-4395021/airflow/dags/one_task_dag.py took 0.022 seconds
[2026-01-03T14:45:00.971+0000] {processor.py:157} INFO - Started process (PID=35723) to work on /workspaces/hands-on-introduction-data-engineering-4395021/airflow/dags/one_task_dag.py
[2026-01-03T14:45:00.972+0000] {processor.py:826} INFO - Processing file /workspaces/hands-on-introduction-data-engineering-4395021/airflow/dags/one_task_dag.py for tasks to queue
[2026-01-03T14:45:00.973+0000] {logging_mixin.py:150} INFO - [2026-01-03T14:45:00.973+0000] {dagbag.py:541} INFO - Filling up the DagBag from /workspaces/hands-on-introduction-data-engineering-4395021/airflow/dags/one_task_dag.py
[2026-01-03T14:45:00.977+0000] {logging_mixin.py:150} INFO - [2026-01-03T14:45:00.976+0000] {dagbag.py:350} ERROR - Failed to import: /workspaces/hands-on-introduction-data-engineering-4395021/airflow/dags/one_task_dag.py
Traceback (most recent call last):
  File "/home/vscode/.local/lib/python3.10/site-packages/airflow/models/dagbag.py", line 346, in parse
    loader.exec_module(new_module)
  File "<frozen importlib._bootstrap_external>", line 879, in exec_module
  File "<frozen importlib._bootstrap_external>", line 1017, in get_code
  File "<frozen importlib._bootstrap_external>", line 947, in source_to_code
  File "<frozen importlib._bootstrap>", line 241, in _call_with_frames_removed
  File "/workspaces/hands-on-introduction-data-engineering-4395021/airflow/dags/one_task_dag.py", line 15
    with DAG(dag_id='One Task DAG',description='One Task DAG A')
                                                                ^
SyntaxError: expected ':'
[2026-01-03T14:45:00.977+0000] {processor.py:838} WARNING - No viable dags retrieved from /workspaces/hands-on-introduction-data-engineering-4395021/airflow/dags/one_task_dag.py
[2026-01-03T14:45:00.994+0000] {processor.py:179} INFO - Processing /workspaces/hands-on-introduction-data-engineering-4395021/airflow/dags/one_task_dag.py took 0.028 seconds
[2026-01-03T14:45:02.841+0000] {processor.py:157} INFO - Started process (PID=35749) to work on /workspaces/hands-on-introduction-data-engineering-4395021/airflow/dags/one_task_dag.py
[2026-01-03T14:45:02.842+0000] {processor.py:826} INFO - Processing file /workspaces/hands-on-introduction-data-engineering-4395021/airflow/dags/one_task_dag.py for tasks to queue
[2026-01-03T14:45:02.843+0000] {logging_mixin.py:150} INFO - [2026-01-03T14:45:02.843+0000] {dagbag.py:541} INFO - Filling up the DagBag from /workspaces/hands-on-introduction-data-engineering-4395021/airflow/dags/one_task_dag.py
[2026-01-03T14:45:02.847+0000] {logging_mixin.py:150} INFO - [2026-01-03T14:45:02.846+0000] {dagbag.py:350} ERROR - Failed to import: /workspaces/hands-on-introduction-data-engineering-4395021/airflow/dags/one_task_dag.py
Traceback (most recent call last):
  File "/home/vscode/.local/lib/python3.10/site-packages/airflow/models/dagbag.py", line 346, in parse
    loader.exec_module(new_module)
  File "<frozen importlib._bootstrap_external>", line 879, in exec_module
  File "<frozen importlib._bootstrap_external>", line 1017, in get_code
  File "<frozen importlib._bootstrap_external>", line 947, in source_to_code
  File "<frozen importlib._bootstrap>", line 241, in _call_with_frames_removed
  File "/workspaces/hands-on-introduction-data-engineering-4395021/airflow/dags/one_task_dag.py", line 15
    with DAG(dag_id='One Task DAG',description='One Task DAG Air')
                                                                  ^
SyntaxError: expected ':'
[2026-01-03T14:45:02.847+0000] {processor.py:838} WARNING - No viable dags retrieved from /workspaces/hands-on-introduction-data-engineering-4395021/airflow/dags/one_task_dag.py
[2026-01-03T14:45:02.872+0000] {processor.py:179} INFO - Processing /workspaces/hands-on-introduction-data-engineering-4395021/airflow/dags/one_task_dag.py took 0.034 seconds
[2026-01-03T14:45:06.020+0000] {processor.py:157} INFO - Started process (PID=35759) to work on /workspaces/hands-on-introduction-data-engineering-4395021/airflow/dags/one_task_dag.py
[2026-01-03T14:45:06.020+0000] {processor.py:826} INFO - Processing file /workspaces/hands-on-introduction-data-engineering-4395021/airflow/dags/one_task_dag.py for tasks to queue
[2026-01-03T14:45:06.021+0000] {logging_mixin.py:150} INFO - [2026-01-03T14:45:06.021+0000] {dagbag.py:541} INFO - Filling up the DagBag from /workspaces/hands-on-introduction-data-engineering-4395021/airflow/dags/one_task_dag.py
[2026-01-03T14:45:06.024+0000] {logging_mixin.py:150} INFO - [2026-01-03T14:45:06.023+0000] {dagbag.py:350} ERROR - Failed to import: /workspaces/hands-on-introduction-data-engineering-4395021/airflow/dags/one_task_dag.py
Traceback (most recent call last):
  File "/home/vscode/.local/lib/python3.10/site-packages/airflow/models/dagbag.py", line 346, in parse
    loader.exec_module(new_module)
  File "<frozen importlib._bootstrap_external>", line 879, in exec_module
  File "<frozen importlib._bootstrap_external>", line 1017, in get_code
  File "<frozen importlib._bootstrap_external>", line 947, in source_to_code
  File "<frozen importlib._bootstrap>", line 241, in _call_with_frames_removed
  File "/workspaces/hands-on-introduction-data-engineering-4395021/airflow/dags/one_task_dag.py", line 15
    with DAG(dag_id='One Task DAG',description='One Task DAG Airflow pipline')
                                                                              ^
SyntaxError: expected ':'
[2026-01-03T14:45:06.024+0000] {processor.py:838} WARNING - No viable dags retrieved from /workspaces/hands-on-introduction-data-engineering-4395021/airflow/dags/one_task_dag.py
[2026-01-03T14:45:06.038+0000] {processor.py:179} INFO - Processing /workspaces/hands-on-introduction-data-engineering-4395021/airflow/dags/one_task_dag.py took 0.021 seconds
[2026-01-03T14:45:13.977+0000] {processor.py:157} INFO - Started process (PID=35820) to work on /workspaces/hands-on-introduction-data-engineering-4395021/airflow/dags/one_task_dag.py
[2026-01-03T14:45:13.978+0000] {processor.py:826} INFO - Processing file /workspaces/hands-on-introduction-data-engineering-4395021/airflow/dags/one_task_dag.py for tasks to queue
[2026-01-03T14:45:13.979+0000] {logging_mixin.py:150} INFO - [2026-01-03T14:45:13.978+0000] {dagbag.py:541} INFO - Filling up the DagBag from /workspaces/hands-on-introduction-data-engineering-4395021/airflow/dags/one_task_dag.py
[2026-01-03T14:45:13.981+0000] {logging_mixin.py:150} INFO - [2026-01-03T14:45:13.981+0000] {dagbag.py:350} ERROR - Failed to import: /workspaces/hands-on-introduction-data-engineering-4395021/airflow/dags/one_task_dag.py
Traceback (most recent call last):
  File "/home/vscode/.local/lib/python3.10/site-packages/airflow/models/dagbag.py", line 346, in parse
    loader.exec_module(new_module)
  File "<frozen importlib._bootstrap_external>", line 879, in exec_module
  File "<frozen importlib._bootstrap_external>", line 1017, in get_code
  File "<frozen importlib._bootstrap_external>", line 947, in source_to_code
  File "<frozen importlib._bootstrap>", line 241, in _call_with_frames_removed
  File "/workspaces/hands-on-introduction-data-engineering-4395021/airflow/dags/one_task_dag.py", line 15
    with DAG(dag_id='One Task DAG',description='One Task DAG Airflow pipline') as da
                                                                                    ^
SyntaxError: expected ':'
[2026-01-03T14:45:13.982+0000] {processor.py:838} WARNING - No viable dags retrieved from /workspaces/hands-on-introduction-data-engineering-4395021/airflow/dags/one_task_dag.py
[2026-01-03T14:45:13.996+0000] {processor.py:179} INFO - Processing /workspaces/hands-on-introduction-data-engineering-4395021/airflow/dags/one_task_dag.py took 0.021 seconds
[2026-01-03T14:45:16.052+0000] {processor.py:157} INFO - Started process (PID=35829) to work on /workspaces/hands-on-introduction-data-engineering-4395021/airflow/dags/one_task_dag.py
[2026-01-03T14:45:16.053+0000] {processor.py:826} INFO - Processing file /workspaces/hands-on-introduction-data-engineering-4395021/airflow/dags/one_task_dag.py for tasks to queue
[2026-01-03T14:45:16.054+0000] {logging_mixin.py:150} INFO - [2026-01-03T14:45:16.053+0000] {dagbag.py:541} INFO - Filling up the DagBag from /workspaces/hands-on-introduction-data-engineering-4395021/airflow/dags/one_task_dag.py
[2026-01-03T14:45:16.057+0000] {logging_mixin.py:150} INFO - [2026-01-03T14:45:16.056+0000] {dagbag.py:350} ERROR - Failed to import: /workspaces/hands-on-introduction-data-engineering-4395021/airflow/dags/one_task_dag.py
Traceback (most recent call last):
  File "/home/vscode/.local/lib/python3.10/site-packages/airflow/models/dagbag.py", line 346, in parse
    loader.exec_module(new_module)
  File "<frozen importlib._bootstrap_external>", line 879, in exec_module
  File "<frozen importlib._bootstrap_external>", line 1017, in get_code
  File "<frozen importlib._bootstrap_external>", line 947, in source_to_code
  File "<frozen importlib._bootstrap>", line 241, in _call_with_frames_removed
  File "/workspaces/hands-on-introduction-data-engineering-4395021/airflow/dags/one_task_dag.py", line 15
    with DAG(dag_id='One Task DAG',description='One Task DAG Airflow pipline') as dag
                                                                                     ^
SyntaxError: expected ':'
[2026-01-03T14:45:16.057+0000] {processor.py:838} WARNING - No viable dags retrieved from /workspaces/hands-on-introduction-data-engineering-4395021/airflow/dags/one_task_dag.py
[2026-01-03T14:45:16.071+0000] {processor.py:179} INFO - Processing /workspaces/hands-on-introduction-data-engineering-4395021/airflow/dags/one_task_dag.py took 0.021 seconds
[2026-01-03T14:45:27.003+0000] {processor.py:157} INFO - Started process (PID=35904) to work on /workspaces/hands-on-introduction-data-engineering-4395021/airflow/dags/one_task_dag.py
[2026-01-03T14:45:27.004+0000] {processor.py:826} INFO - Processing file /workspaces/hands-on-introduction-data-engineering-4395021/airflow/dags/one_task_dag.py for tasks to queue
[2026-01-03T14:45:27.005+0000] {logging_mixin.py:150} INFO - [2026-01-03T14:45:27.005+0000] {dagbag.py:541} INFO - Filling up the DagBag from /workspaces/hands-on-introduction-data-engineering-4395021/airflow/dags/one_task_dag.py
[2026-01-03T14:45:27.008+0000] {logging_mixin.py:150} INFO - [2026-01-03T14:45:27.007+0000] {dagbag.py:350} ERROR - Failed to import: /workspaces/hands-on-introduction-data-engineering-4395021/airflow/dags/one_task_dag.py
Traceback (most recent call last):
  File "/home/vscode/.local/lib/python3.10/site-packages/airflow/models/dagbag.py", line 346, in parse
    loader.exec_module(new_module)
  File "<frozen importlib._bootstrap_external>", line 879, in exec_module
  File "<frozen importlib._bootstrap_external>", line 1017, in get_code
  File "<frozen importlib._bootstrap_external>", line 947, in source_to_code
  File "<frozen importlib._bootstrap>", line 241, in _call_with_frames_removed
  File "/workspaces/hands-on-introduction-data-engineering-4395021/airflow/dags/one_task_dag.py", line 15
    with DAG(dag_id='One Task DAG',description='One Task DAG Airflow pipline') as dag:
                                                                                      ^
IndentationError: expected an indented block after 'with' statement on line 15
[2026-01-03T14:45:27.008+0000] {processor.py:838} WARNING - No viable dags retrieved from /workspaces/hands-on-introduction-data-engineering-4395021/airflow/dags/one_task_dag.py
[2026-01-03T14:45:27.022+0000] {processor.py:179} INFO - Processing /workspaces/hands-on-introduction-data-engineering-4395021/airflow/dags/one_task_dag.py took 0.021 seconds
[2026-01-03T14:45:47.210+0000] {processor.py:157} INFO - Started process (PID=36032) to work on /workspaces/hands-on-introduction-data-engineering-4395021/airflow/dags/one_task_dag.py
[2026-01-03T14:45:47.211+0000] {processor.py:826} INFO - Processing file /workspaces/hands-on-introduction-data-engineering-4395021/airflow/dags/one_task_dag.py for tasks to queue
[2026-01-03T14:45:47.211+0000] {logging_mixin.py:150} INFO - [2026-01-03T14:45:47.211+0000] {dagbag.py:541} INFO - Filling up the DagBag from /workspaces/hands-on-introduction-data-engineering-4395021/airflow/dags/one_task_dag.py
[2026-01-03T14:45:47.214+0000] {logging_mixin.py:150} INFO - [2026-01-03T14:45:47.214+0000] {dagbag.py:350} ERROR - Failed to import: /workspaces/hands-on-introduction-data-engineering-4395021/airflow/dags/one_task_dag.py
Traceback (most recent call last):
  File "/home/vscode/.local/lib/python3.10/site-packages/airflow/models/dagbag.py", line 346, in parse
    loader.exec_module(new_module)
  File "<frozen importlib._bootstrap_external>", line 879, in exec_module
  File "<frozen importlib._bootstrap_external>", line 1017, in get_code
  File "<frozen importlib._bootstrap_external>", line 947, in source_to_code
  File "<frozen importlib._bootstrap>", line 241, in _call_with_frames_removed
  File "/workspaces/hands-on-introduction-data-engineering-4395021/airflow/dags/one_task_dag.py", line 16
    description='One Task DAG Airflow pipline') as dag:
                                                       ^
IndentationError: expected an indented block after 'with' statement on line 15
[2026-01-03T14:45:47.215+0000] {processor.py:838} WARNING - No viable dags retrieved from /workspaces/hands-on-introduction-data-engineering-4395021/airflow/dags/one_task_dag.py
[2026-01-03T14:45:47.228+0000] {processor.py:179} INFO - Processing /workspaces/hands-on-introduction-data-engineering-4395021/airflow/dags/one_task_dag.py took 0.021 seconds
[2026-01-03T14:45:54.547+0000] {processor.py:157} INFO - Started process (PID=36086) to work on /workspaces/hands-on-introduction-data-engineering-4395021/airflow/dags/one_task_dag.py
[2026-01-03T14:45:54.547+0000] {processor.py:826} INFO - Processing file /workspaces/hands-on-introduction-data-engineering-4395021/airflow/dags/one_task_dag.py for tasks to queue
[2026-01-03T14:45:54.548+0000] {logging_mixin.py:150} INFO - [2026-01-03T14:45:54.548+0000] {dagbag.py:541} INFO - Filling up the DagBag from /workspaces/hands-on-introduction-data-engineering-4395021/airflow/dags/one_task_dag.py
[2026-01-03T14:45:54.551+0000] {logging_mixin.py:150} INFO - [2026-01-03T14:45:54.550+0000] {dagbag.py:350} ERROR - Failed to import: /workspaces/hands-on-introduction-data-engineering-4395021/airflow/dags/one_task_dag.py
Traceback (most recent call last):
  File "/home/vscode/.local/lib/python3.10/site-packages/airflow/models/dagbag.py", line 346, in parse
    loader.exec_module(new_module)
  File "<frozen importlib._bootstrap_external>", line 879, in exec_module
  File "<frozen importlib._bootstrap_external>", line 1017, in get_code
  File "<frozen importlib._bootstrap_external>", line 947, in source_to_code
  File "<frozen importlib._bootstrap>", line 241, in _call_with_frames_removed
  File "/workspaces/hands-on-introduction-data-engineering-4395021/airflow/dags/one_task_dag.py", line 17
    ) as dag:
             ^
IndentationError: expected an indented block after 'with' statement on line 15
[2026-01-03T14:45:54.551+0000] {processor.py:838} WARNING - No viable dags retrieved from /workspaces/hands-on-introduction-data-engineering-4395021/airflow/dags/one_task_dag.py
[2026-01-03T14:45:54.567+0000] {processor.py:179} INFO - Processing /workspaces/hands-on-introduction-data-engineering-4395021/airflow/dags/one_task_dag.py took 0.023 seconds
[2026-01-03T14:46:06.279+0000] {processor.py:157} INFO - Started process (PID=36157) to work on /workspaces/hands-on-introduction-data-engineering-4395021/airflow/dags/one_task_dag.py
[2026-01-03T14:46:06.280+0000] {processor.py:826} INFO - Processing file /workspaces/hands-on-introduction-data-engineering-4395021/airflow/dags/one_task_dag.py for tasks to queue
[2026-01-03T14:46:06.281+0000] {logging_mixin.py:150} INFO - [2026-01-03T14:46:06.280+0000] {dagbag.py:541} INFO - Filling up the DagBag from /workspaces/hands-on-introduction-data-engineering-4395021/airflow/dags/one_task_dag.py
[2026-01-03T14:46:06.284+0000] {logging_mixin.py:150} INFO - [2026-01-03T14:46:06.283+0000] {dagbag.py:350} ERROR - Failed to import: /workspaces/hands-on-introduction-data-engineering-4395021/airflow/dags/one_task_dag.py
Traceback (most recent call last):
  File "/home/vscode/.local/lib/python3.10/site-packages/airflow/models/dagbag.py", line 346, in parse
    loader.exec_module(new_module)
  File "<frozen importlib._bootstrap_external>", line 879, in exec_module
  File "<frozen importlib._bootstrap_external>", line 1017, in get_code
  File "<frozen importlib._bootstrap_external>", line 947, in source_to_code
  File "<frozen importlib._bootstrap>", line 241, in _call_with_frames_removed
  File "/workspaces/hands-on-introduction-data-engineering-4395021/airflow/dags/one_task_dag.py", line 17
    schedu) as dag:
          ^
SyntaxError: positional argument follows keyword argument
[2026-01-03T14:46:06.285+0000] {processor.py:838} WARNING - No viable dags retrieved from /workspaces/hands-on-introduction-data-engineering-4395021/airflow/dags/one_task_dag.py
[2026-01-03T14:46:06.300+0000] {processor.py:179} INFO - Processing /workspaces/hands-on-introduction-data-engineering-4395021/airflow/dags/one_task_dag.py took 0.023 seconds
[2026-01-03T14:46:08.505+0000] {processor.py:157} INFO - Started process (PID=36177) to work on /workspaces/hands-on-introduction-data-engineering-4395021/airflow/dags/one_task_dag.py
[2026-01-03T14:46:08.506+0000] {processor.py:826} INFO - Processing file /workspaces/hands-on-introduction-data-engineering-4395021/airflow/dags/one_task_dag.py for tasks to queue
[2026-01-03T14:46:08.507+0000] {logging_mixin.py:150} INFO - [2026-01-03T14:46:08.507+0000] {dagbag.py:541} INFO - Filling up the DagBag from /workspaces/hands-on-introduction-data-engineering-4395021/airflow/dags/one_task_dag.py
[2026-01-03T14:46:08.512+0000] {logging_mixin.py:150} INFO - [2026-01-03T14:46:08.512+0000] {dagbag.py:350} ERROR - Failed to import: /workspaces/hands-on-introduction-data-engineering-4395021/airflow/dags/one_task_dag.py
Traceback (most recent call last):
  File "/home/vscode/.local/lib/python3.10/site-packages/airflow/models/dagbag.py", line 346, in parse
    loader.exec_module(new_module)
  File "<frozen importlib._bootstrap_external>", line 879, in exec_module
  File "<frozen importlib._bootstrap_external>", line 1017, in get_code
  File "<frozen importlib._bootstrap_external>", line 947, in source_to_code
  File "<frozen importlib._bootstrap>", line 241, in _call_with_frames_removed
  File "/workspaces/hands-on-introduction-data-engineering-4395021/airflow/dags/one_task_dag.py", line 17
    schedule_interval=) as dag:
                      ^
SyntaxError: invalid syntax
[2026-01-03T14:46:08.513+0000] {processor.py:838} WARNING - No viable dags retrieved from /workspaces/hands-on-introduction-data-engineering-4395021/airflow/dags/one_task_dag.py
[2026-01-03T14:46:08.538+0000] {processor.py:179} INFO - Processing /workspaces/hands-on-introduction-data-engineering-4395021/airflow/dags/one_task_dag.py took 0.037 seconds
[2026-01-03T14:46:10.748+0000] {processor.py:157} INFO - Started process (PID=36186) to work on /workspaces/hands-on-introduction-data-engineering-4395021/airflow/dags/one_task_dag.py
[2026-01-03T14:46:10.749+0000] {processor.py:826} INFO - Processing file /workspaces/hands-on-introduction-data-engineering-4395021/airflow/dags/one_task_dag.py for tasks to queue
[2026-01-03T14:46:10.750+0000] {logging_mixin.py:150} INFO - [2026-01-03T14:46:10.750+0000] {dagbag.py:541} INFO - Filling up the DagBag from /workspaces/hands-on-introduction-data-engineering-4395021/airflow/dags/one_task_dag.py
[2026-01-03T14:46:10.753+0000] {logging_mixin.py:150} INFO - [2026-01-03T14:46:10.752+0000] {dagbag.py:350} ERROR - Failed to import: /workspaces/hands-on-introduction-data-engineering-4395021/airflow/dags/one_task_dag.py
Traceback (most recent call last):
  File "/home/vscode/.local/lib/python3.10/site-packages/airflow/models/dagbag.py", line 346, in parse
    loader.exec_module(new_module)
  File "<frozen importlib._bootstrap_external>", line 879, in exec_module
  File "<frozen importlib._bootstrap_external>", line 1017, in get_code
  File "<frozen importlib._bootstrap_external>", line 947, in source_to_code
  File "<frozen importlib._bootstrap>", line 241, in _call_with_frames_removed
  File "/workspaces/hands-on-introduction-data-engineering-4395021/airflow/dags/one_task_dag.py", line 17
    schedule_interval=None) as dag:
                                   ^
IndentationError: expected an indented block after 'with' statement on line 15
[2026-01-03T14:46:10.753+0000] {processor.py:838} WARNING - No viable dags retrieved from /workspaces/hands-on-introduction-data-engineering-4395021/airflow/dags/one_task_dag.py
[2026-01-03T14:46:10.767+0000] {processor.py:179} INFO - Processing /workspaces/hands-on-introduction-data-engineering-4395021/airflow/dags/one_task_dag.py took 0.021 seconds
[2026-01-03T14:46:14.563+0000] {processor.py:157} INFO - Started process (PID=36220) to work on /workspaces/hands-on-introduction-data-engineering-4395021/airflow/dags/one_task_dag.py
[2026-01-03T14:46:14.564+0000] {processor.py:826} INFO - Processing file /workspaces/hands-on-introduction-data-engineering-4395021/airflow/dags/one_task_dag.py for tasks to queue
[2026-01-03T14:46:14.565+0000] {logging_mixin.py:150} INFO - [2026-01-03T14:46:14.565+0000] {dagbag.py:541} INFO - Filling up the DagBag from /workspaces/hands-on-introduction-data-engineering-4395021/airflow/dags/one_task_dag.py
[2026-01-03T14:46:14.567+0000] {logging_mixin.py:150} INFO - [2026-01-03T14:46:14.567+0000] {dagbag.py:350} ERROR - Failed to import: /workspaces/hands-on-introduction-data-engineering-4395021/airflow/dags/one_task_dag.py
Traceback (most recent call last):
  File "/home/vscode/.local/lib/python3.10/site-packages/airflow/models/dagbag.py", line 346, in parse
    loader.exec_module(new_module)
  File "<frozen importlib._bootstrap_external>", line 879, in exec_module
  File "<frozen importlib._bootstrap_external>", line 1017, in get_code
  File "<frozen importlib._bootstrap_external>", line 947, in source_to_code
  File "<frozen importlib._bootstrap>", line 241, in _call_with_frames_removed
  File "/workspaces/hands-on-introduction-data-engineering-4395021/airflow/dags/one_task_dag.py", line 18
    ) as dag:
             ^
IndentationError: expected an indented block after 'with' statement on line 15
[2026-01-03T14:46:14.568+0000] {processor.py:838} WARNING - No viable dags retrieved from /workspaces/hands-on-introduction-data-engineering-4395021/airflow/dags/one_task_dag.py
[2026-01-03T14:46:14.582+0000] {processor.py:179} INFO - Processing /workspaces/hands-on-introduction-data-engineering-4395021/airflow/dags/one_task_dag.py took 0.021 seconds
[2026-01-03T14:46:21.656+0000] {processor.py:157} INFO - Started process (PID=36257) to work on /workspaces/hands-on-introduction-data-engineering-4395021/airflow/dags/one_task_dag.py
[2026-01-03T14:46:21.657+0000] {processor.py:826} INFO - Processing file /workspaces/hands-on-introduction-data-engineering-4395021/airflow/dags/one_task_dag.py for tasks to queue
[2026-01-03T14:46:21.658+0000] {logging_mixin.py:150} INFO - [2026-01-03T14:46:21.658+0000] {dagbag.py:541} INFO - Filling up the DagBag from /workspaces/hands-on-introduction-data-engineering-4395021/airflow/dags/one_task_dag.py
[2026-01-03T14:46:21.660+0000] {logging_mixin.py:150} INFO - [2026-01-03T14:46:21.660+0000] {dagbag.py:350} ERROR - Failed to import: /workspaces/hands-on-introduction-data-engineering-4395021/airflow/dags/one_task_dag.py
Traceback (most recent call last):
  File "/home/vscode/.local/lib/python3.10/site-packages/airflow/models/dagbag.py", line 346, in parse
    loader.exec_module(new_module)
  File "<frozen importlib._bootstrap_external>", line 879, in exec_module
  File "<frozen importlib._bootstrap_external>", line 1017, in get_code
  File "<frozen importlib._bootstrap_external>", line 947, in source_to_code
  File "<frozen importlib._bootstrap>", line 241, in _call_with_frames_removed
  File "/workspaces/hands-on-introduction-data-engineering-4395021/airflow/dags/one_task_dag.py", line 18
    def) as dag:
    ^^^
SyntaxError: invalid syntax
[2026-01-03T14:46:21.661+0000] {processor.py:838} WARNING - No viable dags retrieved from /workspaces/hands-on-introduction-data-engineering-4395021/airflow/dags/one_task_dag.py
[2026-01-03T14:46:21.675+0000] {processor.py:179} INFO - Processing /workspaces/hands-on-introduction-data-engineering-4395021/airflow/dags/one_task_dag.py took 0.021 seconds
[2026-01-03T14:46:23.601+0000] {processor.py:157} INFO - Started process (PID=36277) to work on /workspaces/hands-on-introduction-data-engineering-4395021/airflow/dags/one_task_dag.py
[2026-01-03T14:46:23.602+0000] {processor.py:826} INFO - Processing file /workspaces/hands-on-introduction-data-engineering-4395021/airflow/dags/one_task_dag.py for tasks to queue
[2026-01-03T14:46:23.603+0000] {logging_mixin.py:150} INFO - [2026-01-03T14:46:23.603+0000] {dagbag.py:541} INFO - Filling up the DagBag from /workspaces/hands-on-introduction-data-engineering-4395021/airflow/dags/one_task_dag.py
[2026-01-03T14:46:23.606+0000] {logging_mixin.py:150} INFO - [2026-01-03T14:46:23.605+0000] {dagbag.py:350} ERROR - Failed to import: /workspaces/hands-on-introduction-data-engineering-4395021/airflow/dags/one_task_dag.py
Traceback (most recent call last):
  File "/home/vscode/.local/lib/python3.10/site-packages/airflow/models/dagbag.py", line 346, in parse
    loader.exec_module(new_module)
  File "<frozen importlib._bootstrap_external>", line 879, in exec_module
  File "<frozen importlib._bootstrap_external>", line 1017, in get_code
  File "<frozen importlib._bootstrap_external>", line 947, in source_to_code
  File "<frozen importlib._bootstrap>", line 241, in _call_with_frames_removed
  File "/workspaces/hands-on-introduction-data-engineering-4395021/airflow/dags/one_task_dag.py", line 18
    default_args=) as dag:
                 ^
SyntaxError: invalid syntax
[2026-01-03T14:46:23.607+0000] {processor.py:838} WARNING - No viable dags retrieved from /workspaces/hands-on-introduction-data-engineering-4395021/airflow/dags/one_task_dag.py
[2026-01-03T14:46:23.633+0000] {processor.py:179} INFO - Processing /workspaces/hands-on-introduction-data-engineering-4395021/airflow/dags/one_task_dag.py took 0.034 seconds
[2026-01-03T14:46:26.341+0000] {processor.py:157} INFO - Started process (PID=36293) to work on /workspaces/hands-on-introduction-data-engineering-4395021/airflow/dags/one_task_dag.py
[2026-01-03T14:46:26.342+0000] {processor.py:826} INFO - Processing file /workspaces/hands-on-introduction-data-engineering-4395021/airflow/dags/one_task_dag.py for tasks to queue
[2026-01-03T14:46:26.343+0000] {logging_mixin.py:150} INFO - [2026-01-03T14:46:26.343+0000] {dagbag.py:541} INFO - Filling up the DagBag from /workspaces/hands-on-introduction-data-engineering-4395021/airflow/dags/one_task_dag.py
[2026-01-03T14:46:26.348+0000] {logging_mixin.py:150} INFO - [2026-01-03T14:46:26.346+0000] {dagbag.py:350} ERROR - Failed to import: /workspaces/hands-on-introduction-data-engineering-4395021/airflow/dags/one_task_dag.py
Traceback (most recent call last):
  File "/home/vscode/.local/lib/python3.10/site-packages/airflow/models/dagbag.py", line 346, in parse
    loader.exec_module(new_module)
  File "<frozen importlib._bootstrap_external>", line 879, in exec_module
  File "<frozen importlib._bootstrap_external>", line 1017, in get_code
  File "<frozen importlib._bootstrap_external>", line 947, in source_to_code
  File "<frozen importlib._bootstrap>", line 241, in _call_with_frames_removed
  File "/workspaces/hands-on-introduction-data-engineering-4395021/airflow/dags/one_task_dag.py", line 18
    default_args='de') as dag:
                              ^
IndentationError: expected an indented block after 'with' statement on line 15
[2026-01-03T14:46:26.348+0000] {processor.py:838} WARNING - No viable dags retrieved from /workspaces/hands-on-introduction-data-engineering-4395021/airflow/dags/one_task_dag.py
[2026-01-03T14:46:26.374+0000] {processor.py:179} INFO - Processing /workspaces/hands-on-introduction-data-engineering-4395021/airflow/dags/one_task_dag.py took 0.036 seconds
[2026-01-03T14:46:28.669+0000] {processor.py:157} INFO - Started process (PID=36307) to work on /workspaces/hands-on-introduction-data-engineering-4395021/airflow/dags/one_task_dag.py
[2026-01-03T14:46:28.670+0000] {processor.py:826} INFO - Processing file /workspaces/hands-on-introduction-data-engineering-4395021/airflow/dags/one_task_dag.py for tasks to queue
[2026-01-03T14:46:28.671+0000] {logging_mixin.py:150} INFO - [2026-01-03T14:46:28.671+0000] {dagbag.py:541} INFO - Filling up the DagBag from /workspaces/hands-on-introduction-data-engineering-4395021/airflow/dags/one_task_dag.py
[2026-01-03T14:46:28.679+0000] {logging_mixin.py:150} INFO - [2026-01-03T14:46:28.676+0000] {dagbag.py:350} ERROR - Failed to import: /workspaces/hands-on-introduction-data-engineering-4395021/airflow/dags/one_task_dag.py
Traceback (most recent call last):
  File "/home/vscode/.local/lib/python3.10/site-packages/airflow/models/dagbag.py", line 346, in parse
    loader.exec_module(new_module)
  File "<frozen importlib._bootstrap_external>", line 879, in exec_module
  File "<frozen importlib._bootstrap_external>", line 1017, in get_code
  File "<frozen importlib._bootstrap_external>", line 947, in source_to_code
  File "<frozen importlib._bootstrap>", line 241, in _call_with_frames_removed
  File "/workspaces/hands-on-introduction-data-engineering-4395021/airflow/dags/one_task_dag.py", line 18
    default_args=) as dag:
                 ^
SyntaxError: invalid syntax
[2026-01-03T14:46:28.682+0000] {processor.py:838} WARNING - No viable dags retrieved from /workspaces/hands-on-introduction-data-engineering-4395021/airflow/dags/one_task_dag.py
[2026-01-03T14:46:28.724+0000] {processor.py:179} INFO - Processing /workspaces/hands-on-introduction-data-engineering-4395021/airflow/dags/one_task_dag.py took 0.067 seconds
[2026-01-03T14:46:30.835+0000] {processor.py:157} INFO - Started process (PID=36328) to work on /workspaces/hands-on-introduction-data-engineering-4395021/airflow/dags/one_task_dag.py
[2026-01-03T14:46:30.835+0000] {processor.py:826} INFO - Processing file /workspaces/hands-on-introduction-data-engineering-4395021/airflow/dags/one_task_dag.py for tasks to queue
[2026-01-03T14:46:30.836+0000] {logging_mixin.py:150} INFO - [2026-01-03T14:46:30.836+0000] {dagbag.py:541} INFO - Filling up the DagBag from /workspaces/hands-on-introduction-data-engineering-4395021/airflow/dags/one_task_dag.py
[2026-01-03T14:46:30.839+0000] {logging_mixin.py:150} INFO - [2026-01-03T14:46:30.838+0000] {dagbag.py:350} ERROR - Failed to import: /workspaces/hands-on-introduction-data-engineering-4395021/airflow/dags/one_task_dag.py
Traceback (most recent call last):
  File "/home/vscode/.local/lib/python3.10/site-packages/airflow/models/dagbag.py", line 346, in parse
    loader.exec_module(new_module)
  File "<frozen importlib._bootstrap_external>", line 879, in exec_module
  File "<frozen importlib._bootstrap_external>", line 1017, in get_code
  File "<frozen importlib._bootstrap_external>", line 947, in source_to_code
  File "<frozen importlib._bootstrap>", line 241, in _call_with_frames_removed
  File "/workspaces/hands-on-introduction-data-engineering-4395021/airflow/dags/one_task_dag.py", line 18
    default_args=def) as dag:
                 ^^^
SyntaxError: invalid syntax
[2026-01-03T14:46:30.839+0000] {processor.py:838} WARNING - No viable dags retrieved from /workspaces/hands-on-introduction-data-engineering-4395021/airflow/dags/one_task_dag.py
[2026-01-03T14:46:30.852+0000] {processor.py:179} INFO - Processing /workspaces/hands-on-introduction-data-engineering-4395021/airflow/dags/one_task_dag.py took 0.020 seconds
[2026-01-03T14:46:33.667+0000] {processor.py:157} INFO - Started process (PID=36349) to work on /workspaces/hands-on-introduction-data-engineering-4395021/airflow/dags/one_task_dag.py
[2026-01-03T14:46:33.667+0000] {processor.py:826} INFO - Processing file /workspaces/hands-on-introduction-data-engineering-4395021/airflow/dags/one_task_dag.py for tasks to queue
[2026-01-03T14:46:33.668+0000] {logging_mixin.py:150} INFO - [2026-01-03T14:46:33.668+0000] {dagbag.py:541} INFO - Filling up the DagBag from /workspaces/hands-on-introduction-data-engineering-4395021/airflow/dags/one_task_dag.py
[2026-01-03T14:46:33.671+0000] {logging_mixin.py:150} INFO - [2026-01-03T14:46:33.670+0000] {dagbag.py:350} ERROR - Failed to import: /workspaces/hands-on-introduction-data-engineering-4395021/airflow/dags/one_task_dag.py
Traceback (most recent call last):
  File "/home/vscode/.local/lib/python3.10/site-packages/airflow/models/dagbag.py", line 346, in parse
    loader.exec_module(new_module)
  File "<frozen importlib._bootstrap_external>", line 879, in exec_module
  File "<frozen importlib._bootstrap_external>", line 1017, in get_code
  File "<frozen importlib._bootstrap_external>", line 947, in source_to_code
  File "<frozen importlib._bootstrap>", line 241, in _call_with_frames_removed
  File "/workspaces/hands-on-introduction-data-engineering-4395021/airflow/dags/one_task_dag.py", line 18
    default_args=default_args) as dag:
                                      ^
IndentationError: expected an indented block after 'with' statement on line 15
[2026-01-03T14:46:33.671+0000] {processor.py:838} WARNING - No viable dags retrieved from /workspaces/hands-on-introduction-data-engineering-4395021/airflow/dags/one_task_dag.py
[2026-01-03T14:46:33.685+0000] {processor.py:179} INFO - Processing /workspaces/hands-on-introduction-data-engineering-4395021/airflow/dags/one_task_dag.py took 0.021 seconds
[2026-01-03T14:46:42.696+0000] {processor.py:157} INFO - Started process (PID=36544) to work on /workspaces/hands-on-introduction-data-engineering-4395021/airflow/dags/one_task_dag.py
[2026-01-03T14:46:42.697+0000] {processor.py:826} INFO - Processing file /workspaces/hands-on-introduction-data-engineering-4395021/airflow/dags/one_task_dag.py for tasks to queue
[2026-01-03T14:46:42.698+0000] {logging_mixin.py:150} INFO - [2026-01-03T14:46:42.698+0000] {dagbag.py:541} INFO - Filling up the DagBag from /workspaces/hands-on-introduction-data-engineering-4395021/airflow/dags/one_task_dag.py
[2026-01-03T14:46:42.700+0000] {logging_mixin.py:150} INFO - [2026-01-03T14:46:42.700+0000] {dagbag.py:350} ERROR - Failed to import: /workspaces/hands-on-introduction-data-engineering-4395021/airflow/dags/one_task_dag.py
Traceback (most recent call last):
  File "/home/vscode/.local/lib/python3.10/site-packages/airflow/models/dagbag.py", line 346, in parse
    loader.exec_module(new_module)
  File "<frozen importlib._bootstrap_external>", line 879, in exec_module
  File "<frozen importlib._bootstrap_external>", line 1017, in get_code
  File "<frozen importlib._bootstrap_external>", line 947, in source_to_code
  File "<frozen importlib._bootstrap>", line 241, in _call_with_frames_removed
  File "/workspaces/hands-on-introduction-data-engineering-4395021/airflow/dags/one_task_dag.py", line 18
    default_args=) as dag:
                 ^
SyntaxError: invalid syntax
[2026-01-03T14:46:42.701+0000] {processor.py:838} WARNING - No viable dags retrieved from /workspaces/hands-on-introduction-data-engineering-4395021/airflow/dags/one_task_dag.py
[2026-01-03T14:46:42.714+0000] {processor.py:179} INFO - Processing /workspaces/hands-on-introduction-data-engineering-4395021/airflow/dags/one_task_dag.py took 0.020 seconds
[2026-01-03T14:46:48.870+0000] {processor.py:157} INFO - Started process (PID=36585) to work on /workspaces/hands-on-introduction-data-engineering-4395021/airflow/dags/one_task_dag.py
[2026-01-03T14:46:48.871+0000] {processor.py:826} INFO - Processing file /workspaces/hands-on-introduction-data-engineering-4395021/airflow/dags/one_task_dag.py for tasks to queue
[2026-01-03T14:46:48.871+0000] {logging_mixin.py:150} INFO - [2026-01-03T14:46:48.871+0000] {dagbag.py:541} INFO - Filling up the DagBag from /workspaces/hands-on-introduction-data-engineering-4395021/airflow/dags/one_task_dag.py
[2026-01-03T14:46:48.874+0000] {logging_mixin.py:150} INFO - [2026-01-03T14:46:48.873+0000] {dagbag.py:350} ERROR - Failed to import: /workspaces/hands-on-introduction-data-engineering-4395021/airflow/dags/one_task_dag.py
Traceback (most recent call last):
  File "/home/vscode/.local/lib/python3.10/site-packages/airflow/models/dagbag.py", line 346, in parse
    loader.exec_module(new_module)
  File "<frozen importlib._bootstrap_external>", line 879, in exec_module
  File "<frozen importlib._bootstrap_external>", line 1017, in get_code
  File "<frozen importlib._bootstrap_external>", line 947, in source_to_code
  File "<frozen importlib._bootstrap>", line 241, in _call_with_frames_removed
  File "/workspaces/hands-on-introduction-data-engineering-4395021/airflow/dags/one_task_dag.py", line 18
    default_args=defau) as dag:
                               ^
IndentationError: expected an indented block after 'with' statement on line 15
[2026-01-03T14:46:48.874+0000] {processor.py:838} WARNING - No viable dags retrieved from /workspaces/hands-on-introduction-data-engineering-4395021/airflow/dags/one_task_dag.py
[2026-01-03T14:46:48.888+0000] {processor.py:179} INFO - Processing /workspaces/hands-on-introduction-data-engineering-4395021/airflow/dags/one_task_dag.py took 0.021 seconds
[2026-01-03T14:46:52.059+0000] {processor.py:157} INFO - Started process (PID=36607) to work on /workspaces/hands-on-introduction-data-engineering-4395021/airflow/dags/one_task_dag.py
[2026-01-03T14:46:52.059+0000] {processor.py:826} INFO - Processing file /workspaces/hands-on-introduction-data-engineering-4395021/airflow/dags/one_task_dag.py for tasks to queue
[2026-01-03T14:46:52.060+0000] {logging_mixin.py:150} INFO - [2026-01-03T14:46:52.060+0000] {dagbag.py:541} INFO - Filling up the DagBag from /workspaces/hands-on-introduction-data-engineering-4395021/airflow/dags/one_task_dag.py
[2026-01-03T14:46:52.063+0000] {logging_mixin.py:150} INFO - [2026-01-03T14:46:52.062+0000] {dagbag.py:350} ERROR - Failed to import: /workspaces/hands-on-introduction-data-engineering-4395021/airflow/dags/one_task_dag.py
Traceback (most recent call last):
  File "/home/vscode/.local/lib/python3.10/site-packages/airflow/models/dagbag.py", line 346, in parse
    loader.exec_module(new_module)
  File "<frozen importlib._bootstrap_external>", line 879, in exec_module
  File "<frozen importlib._bootstrap_external>", line 1017, in get_code
  File "<frozen importlib._bootstrap_external>", line 947, in source_to_code
  File "<frozen importlib._bootstrap>", line 241, in _call_with_frames_removed
  File "/workspaces/hands-on-introduction-data-engineering-4395021/airflow/dags/one_task_dag.py", line 18
    default_args=default_args) as dag:
                                      ^
IndentationError: expected an indented block after 'with' statement on line 15
[2026-01-03T14:46:52.063+0000] {processor.py:838} WARNING - No viable dags retrieved from /workspaces/hands-on-introduction-data-engineering-4395021/airflow/dags/one_task_dag.py
[2026-01-03T14:46:52.077+0000] {processor.py:179} INFO - Processing /workspaces/hands-on-introduction-data-engineering-4395021/airflow/dags/one_task_dag.py took 0.021 seconds
[2026-01-03T14:47:05.029+0000] {processor.py:157} INFO - Started process (PID=36692) to work on /workspaces/hands-on-introduction-data-engineering-4395021/airflow/dags/one_task_dag.py
[2026-01-03T14:47:05.030+0000] {processor.py:826} INFO - Processing file /workspaces/hands-on-introduction-data-engineering-4395021/airflow/dags/one_task_dag.py for tasks to queue
[2026-01-03T14:47:05.032+0000] {logging_mixin.py:150} INFO - [2026-01-03T14:47:05.032+0000] {dagbag.py:541} INFO - Filling up the DagBag from /workspaces/hands-on-introduction-data-engineering-4395021/airflow/dags/one_task_dag.py
[2026-01-03T14:47:05.040+0000] {logging_mixin.py:150} INFO - [2026-01-03T14:47:05.038+0000] {dagbag.py:350} ERROR - Failed to import: /workspaces/hands-on-introduction-data-engineering-4395021/airflow/dags/one_task_dag.py
Traceback (most recent call last):
  File "/home/vscode/.local/lib/python3.10/site-packages/airflow/models/dagbag.py", line 346, in parse
    loader.exec_module(new_module)
  File "<frozen importlib._bootstrap_external>", line 879, in exec_module
  File "<frozen importlib._bootstrap_external>", line 1017, in get_code
  File "<frozen importlib._bootstrap_external>", line 947, in source_to_code
  File "<frozen importlib._bootstrap>", line 241, in _call_with_frames_removed
  File "/workspaces/hands-on-introduction-data-engineering-4395021/airflow/dags/one_task_dag.py", line 19
    
    ^
IndentationError: expected an indented block after 'with' statement on line 15
[2026-01-03T14:47:05.042+0000] {processor.py:838} WARNING - No viable dags retrieved from /workspaces/hands-on-introduction-data-engineering-4395021/airflow/dags/one_task_dag.py
[2026-01-03T14:47:05.059+0000] {processor.py:179} INFO - Processing /workspaces/hands-on-introduction-data-engineering-4395021/airflow/dags/one_task_dag.py took 0.033 seconds
[2026-01-03T14:47:07.471+0000] {processor.py:157} INFO - Started process (PID=36707) to work on /workspaces/hands-on-introduction-data-engineering-4395021/airflow/dags/one_task_dag.py
[2026-01-03T14:47:07.472+0000] {processor.py:826} INFO - Processing file /workspaces/hands-on-introduction-data-engineering-4395021/airflow/dags/one_task_dag.py for tasks to queue
[2026-01-03T14:47:07.473+0000] {logging_mixin.py:150} INFO - [2026-01-03T14:47:07.473+0000] {dagbag.py:541} INFO - Filling up the DagBag from /workspaces/hands-on-introduction-data-engineering-4395021/airflow/dags/one_task_dag.py
[2026-01-03T14:47:07.476+0000] {logging_mixin.py:150} INFO - [2026-01-03T14:47:07.475+0000] {dagbag.py:350} ERROR - Failed to import: /workspaces/hands-on-introduction-data-engineering-4395021/airflow/dags/one_task_dag.py
Traceback (most recent call last):
  File "/home/vscode/.local/lib/python3.10/site-packages/airflow/models/dagbag.py", line 346, in parse
    loader.exec_module(new_module)
  File "<frozen importlib._bootstrap_external>", line 883, in exec_module
  File "<frozen importlib._bootstrap>", line 241, in _call_with_frames_removed
  File "/workspaces/hands-on-introduction-data-engineering-4395021/airflow/dags/one_task_dag.py", line 12, in <module>
    'start_date':datetime(2025,1,1)
TypeError: 'module' object is not callable
[2026-01-03T14:47:07.476+0000] {processor.py:838} WARNING - No viable dags retrieved from /workspaces/hands-on-introduction-data-engineering-4395021/airflow/dags/one_task_dag.py
[2026-01-03T14:47:07.490+0000] {processor.py:179} INFO - Processing /workspaces/hands-on-introduction-data-engineering-4395021/airflow/dags/one_task_dag.py took 0.022 seconds
[2026-01-03T14:47:09.035+0000] {processor.py:157} INFO - Started process (PID=36721) to work on /workspaces/hands-on-introduction-data-engineering-4395021/airflow/dags/one_task_dag.py
[2026-01-03T14:47:09.036+0000] {processor.py:826} INFO - Processing file /workspaces/hands-on-introduction-data-engineering-4395021/airflow/dags/one_task_dag.py for tasks to queue
[2026-01-03T14:47:09.037+0000] {logging_mixin.py:150} INFO - [2026-01-03T14:47:09.037+0000] {dagbag.py:541} INFO - Filling up the DagBag from /workspaces/hands-on-introduction-data-engineering-4395021/airflow/dags/one_task_dag.py
[2026-01-03T14:47:09.040+0000] {logging_mixin.py:150} INFO - [2026-01-03T14:47:09.039+0000] {dagbag.py:350} ERROR - Failed to import: /workspaces/hands-on-introduction-data-engineering-4395021/airflow/dags/one_task_dag.py
Traceback (most recent call last):
  File "/home/vscode/.local/lib/python3.10/site-packages/airflow/models/dagbag.py", line 346, in parse
    loader.exec_module(new_module)
  File "<frozen importlib._bootstrap_external>", line 879, in exec_module
  File "<frozen importlib._bootstrap_external>", line 1017, in get_code
  File "<frozen importlib._bootstrap_external>", line 947, in source_to_code
  File "<frozen importlib._bootstrap>", line 241, in _call_with_frames_removed
  File "/workspaces/hands-on-introduction-data-engineering-4395021/airflow/dags/one_task_dag.py", line 19
    task1:
          ^
SyntaxError: invalid syntax
[2026-01-03T14:47:09.040+0000] {processor.py:838} WARNING - No viable dags retrieved from /workspaces/hands-on-introduction-data-engineering-4395021/airflow/dags/one_task_dag.py
[2026-01-03T14:47:09.056+0000] {processor.py:179} INFO - Processing /workspaces/hands-on-introduction-data-engineering-4395021/airflow/dags/one_task_dag.py took 0.024 seconds
[2026-01-03T14:47:21.150+0000] {processor.py:157} INFO - Started process (PID=36802) to work on /workspaces/hands-on-introduction-data-engineering-4395021/airflow/dags/one_task_dag.py
[2026-01-03T14:47:21.150+0000] {processor.py:826} INFO - Processing file /workspaces/hands-on-introduction-data-engineering-4395021/airflow/dags/one_task_dag.py for tasks to queue
[2026-01-03T14:47:21.151+0000] {logging_mixin.py:150} INFO - [2026-01-03T14:47:21.151+0000] {dagbag.py:541} INFO - Filling up the DagBag from /workspaces/hands-on-introduction-data-engineering-4395021/airflow/dags/one_task_dag.py
[2026-01-03T14:47:21.154+0000] {logging_mixin.py:150} INFO - [2026-01-03T14:47:21.153+0000] {dagbag.py:350} ERROR - Failed to import: /workspaces/hands-on-introduction-data-engineering-4395021/airflow/dags/one_task_dag.py
Traceback (most recent call last):
  File "/home/vscode/.local/lib/python3.10/site-packages/airflow/models/dagbag.py", line 346, in parse
    loader.exec_module(new_module)
  File "<frozen importlib._bootstrap_external>", line 883, in exec_module
  File "<frozen importlib._bootstrap>", line 241, in _call_with_frames_removed
  File "/workspaces/hands-on-introduction-data-engineering-4395021/airflow/dags/one_task_dag.py", line 12, in <module>
    'start_date':datetime(2025,1,1)
TypeError: 'module' object is not callable
[2026-01-03T14:47:21.154+0000] {processor.py:838} WARNING - No viable dags retrieved from /workspaces/hands-on-introduction-data-engineering-4395021/airflow/dags/one_task_dag.py
[2026-01-03T14:47:21.170+0000] {processor.py:179} INFO - Processing /workspaces/hands-on-introduction-data-engineering-4395021/airflow/dags/one_task_dag.py took 0.023 seconds
[2026-01-03T14:47:23.098+0000] {processor.py:157} INFO - Started process (PID=36817) to work on /workspaces/hands-on-introduction-data-engineering-4395021/airflow/dags/one_task_dag.py
[2026-01-03T14:47:23.098+0000] {processor.py:826} INFO - Processing file /workspaces/hands-on-introduction-data-engineering-4395021/airflow/dags/one_task_dag.py for tasks to queue
[2026-01-03T14:47:23.099+0000] {logging_mixin.py:150} INFO - [2026-01-03T14:47:23.099+0000] {dagbag.py:541} INFO - Filling up the DagBag from /workspaces/hands-on-introduction-data-engineering-4395021/airflow/dags/one_task_dag.py
[2026-01-03T14:47:23.102+0000] {logging_mixin.py:150} INFO - [2026-01-03T14:47:23.101+0000] {dagbag.py:350} ERROR - Failed to import: /workspaces/hands-on-introduction-data-engineering-4395021/airflow/dags/one_task_dag.py
Traceback (most recent call last):
  File "/home/vscode/.local/lib/python3.10/site-packages/airflow/models/dagbag.py", line 346, in parse
    loader.exec_module(new_module)
  File "<frozen importlib._bootstrap_external>", line 883, in exec_module
  File "<frozen importlib._bootstrap>", line 241, in _call_with_frames_removed
  File "/workspaces/hands-on-introduction-data-engineering-4395021/airflow/dags/one_task_dag.py", line 12, in <module>
    'start_date':datetime(2025,1,1)
TypeError: 'module' object is not callable
[2026-01-03T14:47:23.102+0000] {processor.py:838} WARNING - No viable dags retrieved from /workspaces/hands-on-introduction-data-engineering-4395021/airflow/dags/one_task_dag.py
[2026-01-03T14:47:23.117+0000] {processor.py:179} INFO - Processing /workspaces/hands-on-introduction-data-engineering-4395021/airflow/dags/one_task_dag.py took 0.022 seconds
[2026-01-03T14:47:26.516+0000] {processor.py:157} INFO - Started process (PID=36845) to work on /workspaces/hands-on-introduction-data-engineering-4395021/airflow/dags/one_task_dag.py
[2026-01-03T14:47:26.517+0000] {processor.py:826} INFO - Processing file /workspaces/hands-on-introduction-data-engineering-4395021/airflow/dags/one_task_dag.py for tasks to queue
[2026-01-03T14:47:26.518+0000] {logging_mixin.py:150} INFO - [2026-01-03T14:47:26.517+0000] {dagbag.py:541} INFO - Filling up the DagBag from /workspaces/hands-on-introduction-data-engineering-4395021/airflow/dags/one_task_dag.py
[2026-01-03T14:47:26.521+0000] {logging_mixin.py:150} INFO - [2026-01-03T14:47:26.520+0000] {dagbag.py:350} ERROR - Failed to import: /workspaces/hands-on-introduction-data-engineering-4395021/airflow/dags/one_task_dag.py
Traceback (most recent call last):
  File "/home/vscode/.local/lib/python3.10/site-packages/airflow/models/dagbag.py", line 346, in parse
    loader.exec_module(new_module)
  File "<frozen importlib._bootstrap_external>", line 883, in exec_module
  File "<frozen importlib._bootstrap>", line 241, in _call_with_frames_removed
  File "/workspaces/hands-on-introduction-data-engineering-4395021/airflow/dags/one_task_dag.py", line 12, in <module>
    'start_date':datetime(2025,1,1)
TypeError: 'module' object is not callable
[2026-01-03T14:47:26.521+0000] {processor.py:838} WARNING - No viable dags retrieved from /workspaces/hands-on-introduction-data-engineering-4395021/airflow/dags/one_task_dag.py
[2026-01-03T14:47:26.535+0000] {processor.py:179} INFO - Processing /workspaces/hands-on-introduction-data-engineering-4395021/airflow/dags/one_task_dag.py took 0.022 seconds
[2026-01-03T14:47:46.568+0000] {processor.py:157} INFO - Started process (PID=36961) to work on /workspaces/hands-on-introduction-data-engineering-4395021/airflow/dags/one_task_dag.py
[2026-01-03T14:47:46.569+0000] {processor.py:826} INFO - Processing file /workspaces/hands-on-introduction-data-engineering-4395021/airflow/dags/one_task_dag.py for tasks to queue
[2026-01-03T14:47:46.570+0000] {logging_mixin.py:150} INFO - [2026-01-03T14:47:46.570+0000] {dagbag.py:541} INFO - Filling up the DagBag from /workspaces/hands-on-introduction-data-engineering-4395021/airflow/dags/one_task_dag.py
[2026-01-03T14:47:46.575+0000] {logging_mixin.py:150} INFO - [2026-01-03T14:47:46.574+0000] {dagbag.py:350} ERROR - Failed to import: /workspaces/hands-on-introduction-data-engineering-4395021/airflow/dags/one_task_dag.py
Traceback (most recent call last):
  File "/home/vscode/.local/lib/python3.10/site-packages/airflow/models/dagbag.py", line 346, in parse
    loader.exec_module(new_module)
  File "<frozen importlib._bootstrap_external>", line 883, in exec_module
  File "<frozen importlib._bootstrap>", line 241, in _call_with_frames_removed
  File "/workspaces/hands-on-introduction-data-engineering-4395021/airflow/dags/one_task_dag.py", line 12, in <module>
    'start_date':datetime(2025,1,1)
TypeError: 'module' object is not callable
[2026-01-03T14:47:46.575+0000] {processor.py:838} WARNING - No viable dags retrieved from /workspaces/hands-on-introduction-data-engineering-4395021/airflow/dags/one_task_dag.py
[2026-01-03T14:47:46.591+0000] {processor.py:179} INFO - Processing /workspaces/hands-on-introduction-data-engineering-4395021/airflow/dags/one_task_dag.py took 0.025 seconds
[2026-01-03T14:47:49.445+0000] {processor.py:157} INFO - Started process (PID=36982) to work on /workspaces/hands-on-introduction-data-engineering-4395021/airflow/dags/one_task_dag.py
[2026-01-03T14:47:49.450+0000] {processor.py:826} INFO - Processing file /workspaces/hands-on-introduction-data-engineering-4395021/airflow/dags/one_task_dag.py for tasks to queue
[2026-01-03T14:47:49.451+0000] {logging_mixin.py:150} INFO - [2026-01-03T14:47:49.451+0000] {dagbag.py:541} INFO - Filling up the DagBag from /workspaces/hands-on-introduction-data-engineering-4395021/airflow/dags/one_task_dag.py
[2026-01-03T14:47:49.461+0000] {logging_mixin.py:150} INFO - [2026-01-03T14:47:49.460+0000] {dagbag.py:350} ERROR - Failed to import: /workspaces/hands-on-introduction-data-engineering-4395021/airflow/dags/one_task_dag.py
Traceback (most recent call last):
  File "/home/vscode/.local/lib/python3.10/site-packages/airflow/models/dagbag.py", line 346, in parse
    loader.exec_module(new_module)
  File "<frozen importlib._bootstrap_external>", line 879, in exec_module
  File "<frozen importlib._bootstrap_external>", line 1017, in get_code
  File "<frozen importlib._bootstrap_external>", line 947, in source_to_code
  File "<frozen importlib._bootstrap>", line 241, in _call_with_frames_removed
  File "/workspaces/hands-on-introduction-data-engineering-4395021/airflow/dags/one_task_dag.py", line 19
    task1:BaseOperator(task_id=)
                               ^
SyntaxError: invalid syntax
[2026-01-03T14:47:49.466+0000] {processor.py:838} WARNING - No viable dags retrieved from /workspaces/hands-on-introduction-data-engineering-4395021/airflow/dags/one_task_dag.py
[2026-01-03T14:47:49.528+0000] {processor.py:179} INFO - Processing /workspaces/hands-on-introduction-data-engineering-4395021/airflow/dags/one_task_dag.py took 0.094 seconds
[2026-01-03T14:47:50.649+0000] {processor.py:157} INFO - Started process (PID=36990) to work on /workspaces/hands-on-introduction-data-engineering-4395021/airflow/dags/one_task_dag.py
[2026-01-03T14:47:50.649+0000] {processor.py:826} INFO - Processing file /workspaces/hands-on-introduction-data-engineering-4395021/airflow/dags/one_task_dag.py for tasks to queue
[2026-01-03T14:47:50.650+0000] {logging_mixin.py:150} INFO - [2026-01-03T14:47:50.650+0000] {dagbag.py:541} INFO - Filling up the DagBag from /workspaces/hands-on-introduction-data-engineering-4395021/airflow/dags/one_task_dag.py
[2026-01-03T14:47:50.654+0000] {logging_mixin.py:150} INFO - [2026-01-03T14:47:50.653+0000] {dagbag.py:350} ERROR - Failed to import: /workspaces/hands-on-introduction-data-engineering-4395021/airflow/dags/one_task_dag.py
Traceback (most recent call last):
  File "/home/vscode/.local/lib/python3.10/site-packages/airflow/models/dagbag.py", line 346, in parse
    loader.exec_module(new_module)
  File "<frozen importlib._bootstrap_external>", line 883, in exec_module
  File "<frozen importlib._bootstrap>", line 241, in _call_with_frames_removed
  File "/workspaces/hands-on-introduction-data-engineering-4395021/airflow/dags/one_task_dag.py", line 12, in <module>
    'start_date':datetime(2025,1,1)
TypeError: 'module' object is not callable
[2026-01-03T14:47:50.654+0000] {processor.py:838} WARNING - No viable dags retrieved from /workspaces/hands-on-introduction-data-engineering-4395021/airflow/dags/one_task_dag.py
[2026-01-03T14:47:50.669+0000] {processor.py:179} INFO - Processing /workspaces/hands-on-introduction-data-engineering-4395021/airflow/dags/one_task_dag.py took 0.023 seconds
[2026-01-03T14:47:54.631+0000] {processor.py:157} INFO - Started process (PID=37038) to work on /workspaces/hands-on-introduction-data-engineering-4395021/airflow/dags/one_task_dag.py
[2026-01-03T14:47:54.632+0000] {processor.py:826} INFO - Processing file /workspaces/hands-on-introduction-data-engineering-4395021/airflow/dags/one_task_dag.py for tasks to queue
[2026-01-03T14:47:54.633+0000] {logging_mixin.py:150} INFO - [2026-01-03T14:47:54.633+0000] {dagbag.py:541} INFO - Filling up the DagBag from /workspaces/hands-on-introduction-data-engineering-4395021/airflow/dags/one_task_dag.py
[2026-01-03T14:47:54.637+0000] {logging_mixin.py:150} INFO - [2026-01-03T14:47:54.636+0000] {dagbag.py:350} ERROR - Failed to import: /workspaces/hands-on-introduction-data-engineering-4395021/airflow/dags/one_task_dag.py
Traceback (most recent call last):
  File "/home/vscode/.local/lib/python3.10/site-packages/airflow/models/dagbag.py", line 346, in parse
    loader.exec_module(new_module)
  File "<frozen importlib._bootstrap_external>", line 883, in exec_module
  File "<frozen importlib._bootstrap>", line 241, in _call_with_frames_removed
  File "/workspaces/hands-on-introduction-data-engineering-4395021/airflow/dags/one_task_dag.py", line 12, in <module>
    'start_date':datetime(2025,1,1)
TypeError: 'module' object is not callable
[2026-01-03T14:47:54.637+0000] {processor.py:838} WARNING - No viable dags retrieved from /workspaces/hands-on-introduction-data-engineering-4395021/airflow/dags/one_task_dag.py
[2026-01-03T14:47:54.652+0000] {processor.py:179} INFO - Processing /workspaces/hands-on-introduction-data-engineering-4395021/airflow/dags/one_task_dag.py took 0.023 seconds
[2026-01-03T14:47:58.443+0000] {processor.py:157} INFO - Started process (PID=37073) to work on /workspaces/hands-on-introduction-data-engineering-4395021/airflow/dags/one_task_dag.py
[2026-01-03T14:47:58.444+0000] {processor.py:826} INFO - Processing file /workspaces/hands-on-introduction-data-engineering-4395021/airflow/dags/one_task_dag.py for tasks to queue
[2026-01-03T14:47:58.445+0000] {logging_mixin.py:150} INFO - [2026-01-03T14:47:58.445+0000] {dagbag.py:541} INFO - Filling up the DagBag from /workspaces/hands-on-introduction-data-engineering-4395021/airflow/dags/one_task_dag.py
[2026-01-03T14:47:58.449+0000] {logging_mixin.py:150} INFO - [2026-01-03T14:47:58.448+0000] {dagbag.py:350} ERROR - Failed to import: /workspaces/hands-on-introduction-data-engineering-4395021/airflow/dags/one_task_dag.py
Traceback (most recent call last):
  File "/home/vscode/.local/lib/python3.10/site-packages/airflow/models/dagbag.py", line 346, in parse
    loader.exec_module(new_module)
  File "<frozen importlib._bootstrap_external>", line 883, in exec_module
  File "<frozen importlib._bootstrap>", line 241, in _call_with_frames_removed
  File "/workspaces/hands-on-introduction-data-engineering-4395021/airflow/dags/one_task_dag.py", line 12, in <module>
    'start_date':datetime(2025,1,1)
TypeError: 'module' object is not callable
[2026-01-03T14:47:58.449+0000] {processor.py:838} WARNING - No viable dags retrieved from /workspaces/hands-on-introduction-data-engineering-4395021/airflow/dags/one_task_dag.py
[2026-01-03T14:47:58.463+0000] {processor.py:179} INFO - Processing /workspaces/hands-on-introduction-data-engineering-4395021/airflow/dags/one_task_dag.py took 0.026 seconds
[2026-01-03T14:48:09.979+0000] {processor.py:157} INFO - Started process (PID=37149) to work on /workspaces/hands-on-introduction-data-engineering-4395021/airflow/dags/one_task_dag.py
[2026-01-03T14:48:09.980+0000] {processor.py:826} INFO - Processing file /workspaces/hands-on-introduction-data-engineering-4395021/airflow/dags/one_task_dag.py for tasks to queue
[2026-01-03T14:48:09.981+0000] {logging_mixin.py:150} INFO - [2026-01-03T14:48:09.981+0000] {dagbag.py:541} INFO - Filling up the DagBag from /workspaces/hands-on-introduction-data-engineering-4395021/airflow/dags/one_task_dag.py
[2026-01-03T14:48:09.985+0000] {logging_mixin.py:150} INFO - [2026-01-03T14:48:09.984+0000] {dagbag.py:350} ERROR - Failed to import: /workspaces/hands-on-introduction-data-engineering-4395021/airflow/dags/one_task_dag.py
Traceback (most recent call last):
  File "/home/vscode/.local/lib/python3.10/site-packages/airflow/models/dagbag.py", line 346, in parse
    loader.exec_module(new_module)
  File "<frozen importlib._bootstrap_external>", line 883, in exec_module
  File "<frozen importlib._bootstrap>", line 241, in _call_with_frames_removed
  File "/workspaces/hands-on-introduction-data-engineering-4395021/airflow/dags/one_task_dag.py", line 12, in <module>
    'start_date':datetime(2025,1,1)
TypeError: 'module' object is not callable
[2026-01-03T14:48:09.986+0000] {processor.py:838} WARNING - No viable dags retrieved from /workspaces/hands-on-introduction-data-engineering-4395021/airflow/dags/one_task_dag.py
[2026-01-03T14:48:10.003+0000] {processor.py:179} INFO - Processing /workspaces/hands-on-introduction-data-engineering-4395021/airflow/dags/one_task_dag.py took 0.030 seconds
[2026-01-03T14:48:11.108+0000] {processor.py:157} INFO - Started process (PID=37157) to work on /workspaces/hands-on-introduction-data-engineering-4395021/airflow/dags/one_task_dag.py
[2026-01-03T14:48:11.109+0000] {processor.py:826} INFO - Processing file /workspaces/hands-on-introduction-data-engineering-4395021/airflow/dags/one_task_dag.py for tasks to queue
[2026-01-03T14:48:11.109+0000] {logging_mixin.py:150} INFO - [2026-01-03T14:48:11.109+0000] {dagbag.py:541} INFO - Filling up the DagBag from /workspaces/hands-on-introduction-data-engineering-4395021/airflow/dags/one_task_dag.py
[2026-01-03T14:48:11.113+0000] {logging_mixin.py:150} INFO - [2026-01-03T14:48:11.112+0000] {dagbag.py:350} ERROR - Failed to import: /workspaces/hands-on-introduction-data-engineering-4395021/airflow/dags/one_task_dag.py
Traceback (most recent call last):
  File "/home/vscode/.local/lib/python3.10/site-packages/airflow/models/dagbag.py", line 346, in parse
    loader.exec_module(new_module)
  File "<frozen importlib._bootstrap_external>", line 883, in exec_module
  File "<frozen importlib._bootstrap>", line 241, in _call_with_frames_removed
  File "/workspaces/hands-on-introduction-data-engineering-4395021/airflow/dags/one_task_dag.py", line 12, in <module>
    'start_date':datetime(2025,1,1)
TypeError: 'module' object is not callable
[2026-01-03T14:48:11.113+0000] {processor.py:838} WARNING - No viable dags retrieved from /workspaces/hands-on-introduction-data-engineering-4395021/airflow/dags/one_task_dag.py
[2026-01-03T14:48:11.127+0000] {processor.py:179} INFO - Processing /workspaces/hands-on-introduction-data-engineering-4395021/airflow/dags/one_task_dag.py took 0.021 seconds
[2026-01-03T14:48:21.792+0000] {processor.py:157} INFO - Started process (PID=37222) to work on /workspaces/hands-on-introduction-data-engineering-4395021/airflow/dags/one_task_dag.py
[2026-01-03T14:48:21.793+0000] {processor.py:826} INFO - Processing file /workspaces/hands-on-introduction-data-engineering-4395021/airflow/dags/one_task_dag.py for tasks to queue
[2026-01-03T14:48:21.794+0000] {logging_mixin.py:150} INFO - [2026-01-03T14:48:21.794+0000] {dagbag.py:541} INFO - Filling up the DagBag from /workspaces/hands-on-introduction-data-engineering-4395021/airflow/dags/one_task_dag.py
[2026-01-03T14:48:21.797+0000] {logging_mixin.py:150} INFO - [2026-01-03T14:48:21.796+0000] {dagbag.py:350} ERROR - Failed to import: /workspaces/hands-on-introduction-data-engineering-4395021/airflow/dags/one_task_dag.py
Traceback (most recent call last):
  File "/home/vscode/.local/lib/python3.10/site-packages/airflow/models/dagbag.py", line 346, in parse
    loader.exec_module(new_module)
  File "<frozen importlib._bootstrap_external>", line 883, in exec_module
  File "<frozen importlib._bootstrap>", line 241, in _call_with_frames_removed
  File "/workspaces/hands-on-introduction-data-engineering-4395021/airflow/dags/one_task_dag.py", line 12, in <module>
    'start_date':datetime(2025,1,1)
TypeError: 'module' object is not callable
[2026-01-03T14:48:21.797+0000] {processor.py:838} WARNING - No viable dags retrieved from /workspaces/hands-on-introduction-data-engineering-4395021/airflow/dags/one_task_dag.py
[2026-01-03T14:48:21.812+0000] {processor.py:179} INFO - Processing /workspaces/hands-on-introduction-data-engineering-4395021/airflow/dags/one_task_dag.py took 0.022 seconds
[2026-01-03T14:48:25.653+0000] {processor.py:157} INFO - Started process (PID=37256) to work on /workspaces/hands-on-introduction-data-engineering-4395021/airflow/dags/one_task_dag.py
[2026-01-03T14:48:25.654+0000] {processor.py:826} INFO - Processing file /workspaces/hands-on-introduction-data-engineering-4395021/airflow/dags/one_task_dag.py for tasks to queue
[2026-01-03T14:48:25.655+0000] {logging_mixin.py:150} INFO - [2026-01-03T14:48:25.654+0000] {dagbag.py:541} INFO - Filling up the DagBag from /workspaces/hands-on-introduction-data-engineering-4395021/airflow/dags/one_task_dag.py
[2026-01-03T14:48:25.657+0000] {logging_mixin.py:150} INFO - [2026-01-03T14:48:25.657+0000] {dagbag.py:350} ERROR - Failed to import: /workspaces/hands-on-introduction-data-engineering-4395021/airflow/dags/one_task_dag.py
Traceback (most recent call last):
  File "/home/vscode/.local/lib/python3.10/site-packages/airflow/models/dagbag.py", line 346, in parse
    loader.exec_module(new_module)
  File "<frozen importlib._bootstrap_external>", line 879, in exec_module
  File "<frozen importlib._bootstrap_external>", line 1017, in get_code
  File "<frozen importlib._bootstrap_external>", line 947, in source_to_code
  File "<frozen importlib._bootstrap>", line 241, in _call_with_frames_removed
  File "/workspaces/hands-on-introduction-data-engineering-4395021/airflow/dags/one_task_dag.py", line 20
    bash)
        ^
SyntaxError: positional argument follows keyword argument
[2026-01-03T14:48:25.658+0000] {processor.py:838} WARNING - No viable dags retrieved from /workspaces/hands-on-introduction-data-engineering-4395021/airflow/dags/one_task_dag.py
[2026-01-03T14:48:25.672+0000] {processor.py:179} INFO - Processing /workspaces/hands-on-introduction-data-engineering-4395021/airflow/dags/one_task_dag.py took 0.021 seconds
[2026-01-03T14:48:39.921+0000] {processor.py:157} INFO - Started process (PID=37346) to work on /workspaces/hands-on-introduction-data-engineering-4395021/airflow/dags/one_task_dag.py
[2026-01-03T14:48:39.925+0000] {processor.py:826} INFO - Processing file /workspaces/hands-on-introduction-data-engineering-4395021/airflow/dags/one_task_dag.py for tasks to queue
[2026-01-03T14:48:39.928+0000] {logging_mixin.py:150} INFO - [2026-01-03T14:48:39.928+0000] {dagbag.py:541} INFO - Filling up the DagBag from /workspaces/hands-on-introduction-data-engineering-4395021/airflow/dags/one_task_dag.py
[2026-01-03T14:48:39.936+0000] {logging_mixin.py:150} INFO - [2026-01-03T14:48:39.935+0000] {dagbag.py:350} ERROR - Failed to import: /workspaces/hands-on-introduction-data-engineering-4395021/airflow/dags/one_task_dag.py
Traceback (most recent call last):
  File "/home/vscode/.local/lib/python3.10/site-packages/airflow/models/dagbag.py", line 346, in parse
    loader.exec_module(new_module)
  File "<frozen importlib._bootstrap_external>", line 879, in exec_module
  File "<frozen importlib._bootstrap_external>", line 1017, in get_code
  File "<frozen importlib._bootstrap_external>", line 947, in source_to_code
  File "<frozen importlib._bootstrap>", line 241, in _call_with_frames_removed
  File "/workspaces/hands-on-introduction-data-engineering-4395021/airflow/dags/one_task_dag.py", line 20
    bash_)
         ^
SyntaxError: positional argument follows keyword argument
[2026-01-03T14:48:39.942+0000] {processor.py:838} WARNING - No viable dags retrieved from /workspaces/hands-on-introduction-data-engineering-4395021/airflow/dags/one_task_dag.py
[2026-01-03T14:48:39.981+0000] {processor.py:179} INFO - Processing /workspaces/hands-on-introduction-data-engineering-4395021/airflow/dags/one_task_dag.py took 0.065 seconds
[2026-01-03T14:48:42.224+0000] {processor.py:157} INFO - Started process (PID=37361) to work on /workspaces/hands-on-introduction-data-engineering-4395021/airflow/dags/one_task_dag.py
[2026-01-03T14:48:42.227+0000] {processor.py:826} INFO - Processing file /workspaces/hands-on-introduction-data-engineering-4395021/airflow/dags/one_task_dag.py for tasks to queue
[2026-01-03T14:48:42.228+0000] {logging_mixin.py:150} INFO - [2026-01-03T14:48:42.227+0000] {dagbag.py:541} INFO - Filling up the DagBag from /workspaces/hands-on-introduction-data-engineering-4395021/airflow/dags/one_task_dag.py
[2026-01-03T14:48:42.234+0000] {logging_mixin.py:150} INFO - [2026-01-03T14:48:42.233+0000] {dagbag.py:350} ERROR - Failed to import: /workspaces/hands-on-introduction-data-engineering-4395021/airflow/dags/one_task_dag.py
Traceback (most recent call last):
  File "/home/vscode/.local/lib/python3.10/site-packages/airflow/models/dagbag.py", line 346, in parse
    loader.exec_module(new_module)
  File "<frozen importlib._bootstrap_external>", line 879, in exec_module
  File "<frozen importlib._bootstrap_external>", line 1017, in get_code
  File "<frozen importlib._bootstrap_external>", line 947, in source_to_code
  File "<frozen importlib._bootstrap>", line 241, in _call_with_frames_removed
  File "/workspaces/hands-on-introduction-data-engineering-4395021/airflow/dags/one_task_dag.py", line 20
    bash_comman)
               ^
SyntaxError: positional argument follows keyword argument
[2026-01-03T14:48:42.236+0000] {processor.py:838} WARNING - No viable dags retrieved from /workspaces/hands-on-introduction-data-engineering-4395021/airflow/dags/one_task_dag.py
[2026-01-03T14:48:42.276+0000] {processor.py:179} INFO - Processing /workspaces/hands-on-introduction-data-engineering-4395021/airflow/dags/one_task_dag.py took 0.059 seconds
[2026-01-03T14:48:43.367+0000] {processor.py:157} INFO - Started process (PID=37369) to work on /workspaces/hands-on-introduction-data-engineering-4395021/airflow/dags/one_task_dag.py
[2026-01-03T14:48:43.368+0000] {processor.py:826} INFO - Processing file /workspaces/hands-on-introduction-data-engineering-4395021/airflow/dags/one_task_dag.py for tasks to queue
[2026-01-03T14:48:43.368+0000] {logging_mixin.py:150} INFO - [2026-01-03T14:48:43.368+0000] {dagbag.py:541} INFO - Filling up the DagBag from /workspaces/hands-on-introduction-data-engineering-4395021/airflow/dags/one_task_dag.py
[2026-01-03T14:48:43.371+0000] {logging_mixin.py:150} INFO - [2026-01-03T14:48:43.370+0000] {dagbag.py:350} ERROR - Failed to import: /workspaces/hands-on-introduction-data-engineering-4395021/airflow/dags/one_task_dag.py
Traceback (most recent call last):
  File "/home/vscode/.local/lib/python3.10/site-packages/airflow/models/dagbag.py", line 346, in parse
    loader.exec_module(new_module)
  File "<frozen importlib._bootstrap_external>", line 879, in exec_module
  File "<frozen importlib._bootstrap_external>", line 1017, in get_code
  File "<frozen importlib._bootstrap_external>", line 947, in source_to_code
  File "<frozen importlib._bootstrap>", line 241, in _call_with_frames_removed
  File "/workspaces/hands-on-introduction-data-engineering-4395021/airflow/dags/one_task_dag.py", line 20
    bash_command)
                ^
SyntaxError: positional argument follows keyword argument
[2026-01-03T14:48:43.372+0000] {processor.py:838} WARNING - No viable dags retrieved from /workspaces/hands-on-introduction-data-engineering-4395021/airflow/dags/one_task_dag.py
[2026-01-03T14:48:43.395+0000] {processor.py:179} INFO - Processing /workspaces/hands-on-introduction-data-engineering-4395021/airflow/dags/one_task_dag.py took 0.030 seconds
[2026-01-03T14:48:46.869+0000] {processor.py:157} INFO - Started process (PID=37391) to work on /workspaces/hands-on-introduction-data-engineering-4395021/airflow/dags/one_task_dag.py
[2026-01-03T14:48:46.869+0000] {processor.py:826} INFO - Processing file /workspaces/hands-on-introduction-data-engineering-4395021/airflow/dags/one_task_dag.py for tasks to queue
[2026-01-03T14:48:46.870+0000] {logging_mixin.py:150} INFO - [2026-01-03T14:48:46.870+0000] {dagbag.py:541} INFO - Filling up the DagBag from /workspaces/hands-on-introduction-data-engineering-4395021/airflow/dags/one_task_dag.py
[2026-01-03T14:48:46.873+0000] {logging_mixin.py:150} INFO - [2026-01-03T14:48:46.872+0000] {dagbag.py:350} ERROR - Failed to import: /workspaces/hands-on-introduction-data-engineering-4395021/airflow/dags/one_task_dag.py
Traceback (most recent call last):
  File "/home/vscode/.local/lib/python3.10/site-packages/airflow/models/dagbag.py", line 346, in parse
    loader.exec_module(new_module)
  File "<frozen importlib._bootstrap_external>", line 879, in exec_module
  File "<frozen importlib._bootstrap_external>", line 1017, in get_code
  File "<frozen importlib._bootstrap_external>", line 947, in source_to_code
  File "<frozen importlib._bootstrap>", line 241, in _call_with_frames_removed
  File "/workspaces/hands-on-introduction-data-engineering-4395021/airflow/dags/one_task_dag.py", line 20
    bash_command=)
                 ^
SyntaxError: invalid syntax
[2026-01-03T14:48:46.873+0000] {processor.py:838} WARNING - No viable dags retrieved from /workspaces/hands-on-introduction-data-engineering-4395021/airflow/dags/one_task_dag.py
[2026-01-03T14:48:46.887+0000] {processor.py:179} INFO - Processing /workspaces/hands-on-introduction-data-engineering-4395021/airflow/dags/one_task_dag.py took 0.021 seconds
[2026-01-03T14:49:17.973+0000] {processor.py:157} INFO - Started process (PID=37567) to work on /workspaces/hands-on-introduction-data-engineering-4395021/airflow/dags/one_task_dag.py
[2026-01-03T14:49:17.974+0000] {processor.py:826} INFO - Processing file /workspaces/hands-on-introduction-data-engineering-4395021/airflow/dags/one_task_dag.py for tasks to queue
[2026-01-03T14:49:17.975+0000] {logging_mixin.py:150} INFO - [2026-01-03T14:49:17.975+0000] {dagbag.py:541} INFO - Filling up the DagBag from /workspaces/hands-on-introduction-data-engineering-4395021/airflow/dags/one_task_dag.py
[2026-01-03T14:49:17.978+0000] {logging_mixin.py:150} INFO - [2026-01-03T14:49:17.977+0000] {dagbag.py:350} ERROR - Failed to import: /workspaces/hands-on-introduction-data-engineering-4395021/airflow/dags/one_task_dag.py
Traceback (most recent call last):
  File "/home/vscode/.local/lib/python3.10/site-packages/airflow/models/dagbag.py", line 346, in parse
    loader.exec_module(new_module)
  File "<frozen importlib._bootstrap_external>", line 879, in exec_module
  File "<frozen importlib._bootstrap_external>", line 1017, in get_code
  File "<frozen importlib._bootstrap_external>", line 947, in source_to_code
  File "<frozen importlib._bootstrap>", line 241, in _call_with_frames_removed
  File "/workspaces/hands-on-introduction-data-engineering-4395021/airflow/dags/one_task_dag.py", line 20
    bash_command=)
                 ^
SyntaxError: invalid syntax
[2026-01-03T14:49:17.978+0000] {processor.py:838} WARNING - No viable dags retrieved from /workspaces/hands-on-introduction-data-engineering-4395021/airflow/dags/one_task_dag.py
[2026-01-03T14:49:17.993+0000] {processor.py:179} INFO - Processing /workspaces/hands-on-introduction-data-engineering-4395021/airflow/dags/one_task_dag.py took 0.022 seconds
[2026-01-03T14:49:30.221+0000] {processor.py:157} INFO - Started process (PID=37644) to work on /workspaces/hands-on-introduction-data-engineering-4395021/airflow/dags/one_task_dag.py
[2026-01-03T14:49:30.221+0000] {processor.py:826} INFO - Processing file /workspaces/hands-on-introduction-data-engineering-4395021/airflow/dags/one_task_dag.py for tasks to queue
[2026-01-03T14:49:30.222+0000] {logging_mixin.py:150} INFO - [2026-01-03T14:49:30.222+0000] {dagbag.py:541} INFO - Filling up the DagBag from /workspaces/hands-on-introduction-data-engineering-4395021/airflow/dags/one_task_dag.py
[2026-01-03T14:49:30.224+0000] {logging_mixin.py:150} INFO - [2026-01-03T14:49:30.224+0000] {dagbag.py:350} ERROR - Failed to import: /workspaces/hands-on-introduction-data-engineering-4395021/airflow/dags/one_task_dag.py
Traceback (most recent call last):
  File "/home/vscode/.local/lib/python3.10/site-packages/airflow/models/dagbag.py", line 346, in parse
    loader.exec_module(new_module)
  File "<frozen importlib._bootstrap_external>", line 879, in exec_module
  File "<frozen importlib._bootstrap_external>", line 1017, in get_code
  File "<frozen importlib._bootstrap_external>", line 947, in source_to_code
  File "<frozen importlib._bootstrap>", line 241, in _call_with_frames_removed
  File "/workspaces/hands-on-introduction-data-engineering-4395021/airflow/dags/one_task_dag.py", line 1
    from datetime as datetime
                  ^^
SyntaxError: invalid syntax
[2026-01-03T14:49:30.225+0000] {processor.py:838} WARNING - No viable dags retrieved from /workspaces/hands-on-introduction-data-engineering-4395021/airflow/dags/one_task_dag.py
[2026-01-03T14:49:30.238+0000] {processor.py:179} INFO - Processing /workspaces/hands-on-introduction-data-engineering-4395021/airflow/dags/one_task_dag.py took 0.021 seconds
[2026-01-03T14:49:34.217+0000] {processor.py:157} INFO - Started process (PID=37673) to work on /workspaces/hands-on-introduction-data-engineering-4395021/airflow/dags/one_task_dag.py
[2026-01-03T14:49:34.218+0000] {processor.py:826} INFO - Processing file /workspaces/hands-on-introduction-data-engineering-4395021/airflow/dags/one_task_dag.py for tasks to queue
[2026-01-03T14:49:34.219+0000] {logging_mixin.py:150} INFO - [2026-01-03T14:49:34.218+0000] {dagbag.py:541} INFO - Filling up the DagBag from /workspaces/hands-on-introduction-data-engineering-4395021/airflow/dags/one_task_dag.py
[2026-01-03T14:49:34.221+0000] {logging_mixin.py:150} INFO - [2026-01-03T14:49:34.221+0000] {dagbag.py:350} ERROR - Failed to import: /workspaces/hands-on-introduction-data-engineering-4395021/airflow/dags/one_task_dag.py
Traceback (most recent call last):
  File "/home/vscode/.local/lib/python3.10/site-packages/airflow/models/dagbag.py", line 346, in parse
    loader.exec_module(new_module)
  File "<frozen importlib._bootstrap_external>", line 879, in exec_module
  File "<frozen importlib._bootstrap_external>", line 1017, in get_code
  File "<frozen importlib._bootstrap_external>", line 947, in source_to_code
  File "<frozen importlib._bootstrap>", line 241, in _call_with_frames_removed
  File "/workspaces/hands-on-introduction-data-engineering-4395021/airflow/dags/one_task_dag.py", line 20
    bash_command=)
                 ^
SyntaxError: invalid syntax
[2026-01-03T14:49:34.222+0000] {processor.py:838} WARNING - No viable dags retrieved from /workspaces/hands-on-introduction-data-engineering-4395021/airflow/dags/one_task_dag.py
[2026-01-03T14:49:34.236+0000] {processor.py:179} INFO - Processing /workspaces/hands-on-introduction-data-engineering-4395021/airflow/dags/one_task_dag.py took 0.022 seconds
[2026-01-03T14:50:04.501+0000] {processor.py:157} INFO - Started process (PID=37853) to work on /workspaces/hands-on-introduction-data-engineering-4395021/airflow/dags/one_task_dag.py
[2026-01-03T14:50:04.502+0000] {processor.py:826} INFO - Processing file /workspaces/hands-on-introduction-data-engineering-4395021/airflow/dags/one_task_dag.py for tasks to queue
[2026-01-03T14:50:04.503+0000] {logging_mixin.py:150} INFO - [2026-01-03T14:50:04.503+0000] {dagbag.py:541} INFO - Filling up the DagBag from /workspaces/hands-on-introduction-data-engineering-4395021/airflow/dags/one_task_dag.py
[2026-01-03T14:50:04.506+0000] {logging_mixin.py:150} INFO - [2026-01-03T14:50:04.505+0000] {dagbag.py:350} ERROR - Failed to import: /workspaces/hands-on-introduction-data-engineering-4395021/airflow/dags/one_task_dag.py
Traceback (most recent call last):
  File "/home/vscode/.local/lib/python3.10/site-packages/airflow/models/dagbag.py", line 346, in parse
    loader.exec_module(new_module)
  File "<frozen importlib._bootstrap_external>", line 879, in exec_module
  File "<frozen importlib._bootstrap_external>", line 1017, in get_code
  File "<frozen importlib._bootstrap_external>", line 947, in source_to_code
  File "<frozen importlib._bootstrap>", line 241, in _call_with_frames_removed
  File "/workspaces/hands-on-introduction-data-engineering-4395021/airflow/dags/one_task_dag.py", line 20
    bash_command=)
                 ^
SyntaxError: invalid syntax
[2026-01-03T14:50:04.506+0000] {processor.py:838} WARNING - No viable dags retrieved from /workspaces/hands-on-introduction-data-engineering-4395021/airflow/dags/one_task_dag.py
[2026-01-03T14:50:04.521+0000] {processor.py:179} INFO - Processing /workspaces/hands-on-introduction-data-engineering-4395021/airflow/dags/one_task_dag.py took 0.023 seconds
[2026-01-03T14:50:34.806+0000] {processor.py:157} INFO - Started process (PID=38023) to work on /workspaces/hands-on-introduction-data-engineering-4395021/airflow/dags/one_task_dag.py
[2026-01-03T14:50:34.807+0000] {processor.py:826} INFO - Processing file /workspaces/hands-on-introduction-data-engineering-4395021/airflow/dags/one_task_dag.py for tasks to queue
[2026-01-03T14:50:34.808+0000] {logging_mixin.py:150} INFO - [2026-01-03T14:50:34.808+0000] {dagbag.py:541} INFO - Filling up the DagBag from /workspaces/hands-on-introduction-data-engineering-4395021/airflow/dags/one_task_dag.py
[2026-01-03T14:50:34.811+0000] {logging_mixin.py:150} INFO - [2026-01-03T14:50:34.810+0000] {dagbag.py:350} ERROR - Failed to import: /workspaces/hands-on-introduction-data-engineering-4395021/airflow/dags/one_task_dag.py
Traceback (most recent call last):
  File "/home/vscode/.local/lib/python3.10/site-packages/airflow/models/dagbag.py", line 346, in parse
    loader.exec_module(new_module)
  File "<frozen importlib._bootstrap_external>", line 879, in exec_module
  File "<frozen importlib._bootstrap_external>", line 1017, in get_code
  File "<frozen importlib._bootstrap_external>", line 947, in source_to_code
  File "<frozen importlib._bootstrap>", line 241, in _call_with_frames_removed
  File "/workspaces/hands-on-introduction-data-engineering-4395021/airflow/dags/one_task_dag.py", line 20
    bash_command=)
                 ^
SyntaxError: invalid syntax
[2026-01-03T14:50:34.811+0000] {processor.py:838} WARNING - No viable dags retrieved from /workspaces/hands-on-introduction-data-engineering-4395021/airflow/dags/one_task_dag.py
[2026-01-03T14:50:34.826+0000] {processor.py:179} INFO - Processing /workspaces/hands-on-introduction-data-engineering-4395021/airflow/dags/one_task_dag.py took 0.023 seconds
[2026-01-03T14:51:00.079+0000] {processor.py:157} INFO - Started process (PID=38178) to work on /workspaces/hands-on-introduction-data-engineering-4395021/airflow/dags/one_task_dag.py
[2026-01-03T14:51:00.080+0000] {processor.py:826} INFO - Processing file /workspaces/hands-on-introduction-data-engineering-4395021/airflow/dags/one_task_dag.py for tasks to queue
[2026-01-03T14:51:00.080+0000] {logging_mixin.py:150} INFO - [2026-01-03T14:51:00.080+0000] {dagbag.py:541} INFO - Filling up the DagBag from /workspaces/hands-on-introduction-data-engineering-4395021/airflow/dags/one_task_dag.py
[2026-01-03T14:51:00.084+0000] {logging_mixin.py:150} INFO - [2026-01-03T14:51:00.083+0000] {dagbag.py:350} ERROR - Failed to import: /workspaces/hands-on-introduction-data-engineering-4395021/airflow/dags/one_task_dag.py
Traceback (most recent call last):
  File "/home/vscode/.local/lib/python3.10/site-packages/airflow/models/dagbag.py", line 346, in parse
    loader.exec_module(new_module)
  File "<frozen importlib._bootstrap_external>", line 879, in exec_module
  File "<frozen importlib._bootstrap_external>", line 1017, in get_code
  File "<frozen importlib._bootstrap_external>", line 947, in source_to_code
  File "<frozen importlib._bootstrap>", line 241, in _call_with_frames_removed
  File "/workspaces/hands-on-introduction-data-engineering-4395021/airflow/dags/one_task_dag.py", line 20
    bash_command=)
                 ^
SyntaxError: invalid syntax
[2026-01-03T14:51:00.084+0000] {processor.py:838} WARNING - No viable dags retrieved from /workspaces/hands-on-introduction-data-engineering-4395021/airflow/dags/one_task_dag.py
[2026-01-03T14:51:00.107+0000] {processor.py:179} INFO - Processing /workspaces/hands-on-introduction-data-engineering-4395021/airflow/dags/one_task_dag.py took 0.032 seconds
[2026-01-03T14:51:14.610+0000] {processor.py:157} INFO - Started process (PID=38279) to work on /workspaces/hands-on-introduction-data-engineering-4395021/airflow/dags/one_task_dag.py
[2026-01-03T14:51:14.611+0000] {processor.py:826} INFO - Processing file /workspaces/hands-on-introduction-data-engineering-4395021/airflow/dags/one_task_dag.py for tasks to queue
[2026-01-03T14:51:14.612+0000] {logging_mixin.py:150} INFO - [2026-01-03T14:51:14.611+0000] {dagbag.py:541} INFO - Filling up the DagBag from /workspaces/hands-on-introduction-data-engineering-4395021/airflow/dags/one_task_dag.py
[2026-01-03T14:51:14.617+0000] {logging_mixin.py:150} INFO - [2026-01-03T14:51:14.615+0000] {dagbag.py:350} ERROR - Failed to import: /workspaces/hands-on-introduction-data-engineering-4395021/airflow/dags/one_task_dag.py
Traceback (most recent call last):
  File "/home/vscode/.local/lib/python3.10/site-packages/airflow/models/dagbag.py", line 346, in parse
    loader.exec_module(new_module)
  File "<frozen importlib._bootstrap_external>", line 883, in exec_module
  File "<frozen importlib._bootstrap>", line 241, in _call_with_frames_removed
  File "/workspaces/hands-on-introduction-data-engineering-4395021/airflow/dags/one_task_dag.py", line 15, in <module>
    with DAG(dag_id='One Task DAG',
  File "/home/vscode/.local/lib/python3.10/site-packages/airflow/models/dag.py", line 452, in __init__
    validate_key(dag_id)
  File "/home/vscode/.local/lib/python3.10/site-packages/airflow/utils/helpers.py", line 55, in validate_key
    raise AirflowException(
airflow.exceptions.AirflowException: The key 'One Task DAG' has to be made of alphanumeric characters, dashes, dots and underscores exclusively
[2026-01-03T14:51:14.617+0000] {processor.py:838} WARNING - No viable dags retrieved from /workspaces/hands-on-introduction-data-engineering-4395021/airflow/dags/one_task_dag.py
[2026-01-03T14:51:14.633+0000] {processor.py:179} INFO - Processing /workspaces/hands-on-introduction-data-engineering-4395021/airflow/dags/one_task_dag.py took 0.026 seconds
[2026-01-03T14:51:31.474+0000] {processor.py:157} INFO - Started process (PID=38379) to work on /workspaces/hands-on-introduction-data-engineering-4395021/airflow/dags/one_task_dag.py
[2026-01-03T14:51:31.474+0000] {processor.py:826} INFO - Processing file /workspaces/hands-on-introduction-data-engineering-4395021/airflow/dags/one_task_dag.py for tasks to queue
[2026-01-03T14:51:31.475+0000] {logging_mixin.py:150} INFO - [2026-01-03T14:51:31.475+0000] {dagbag.py:541} INFO - Filling up the DagBag from /workspaces/hands-on-introduction-data-engineering-4395021/airflow/dags/one_task_dag.py
[2026-01-03T14:51:31.479+0000] {logging_mixin.py:150} INFO - [2026-01-03T14:51:31.478+0000] {dagbag.py:350} ERROR - Failed to import: /workspaces/hands-on-introduction-data-engineering-4395021/airflow/dags/one_task_dag.py
Traceback (most recent call last):
  File "/home/vscode/.local/lib/python3.10/site-packages/airflow/models/dagbag.py", line 346, in parse
    loader.exec_module(new_module)
  File "<frozen importlib._bootstrap_external>", line 883, in exec_module
  File "<frozen importlib._bootstrap>", line 241, in _call_with_frames_removed
  File "/workspaces/hands-on-introduction-data-engineering-4395021/airflow/dags/one_task_dag.py", line 15, in <module>
    with DAG(dag_id='One Task DAG',
  File "/home/vscode/.local/lib/python3.10/site-packages/airflow/models/dag.py", line 452, in __init__
    validate_key(dag_id)
  File "/home/vscode/.local/lib/python3.10/site-packages/airflow/utils/helpers.py", line 55, in validate_key
    raise AirflowException(
airflow.exceptions.AirflowException: The key 'One Task DAG' has to be made of alphanumeric characters, dashes, dots and underscores exclusively
[2026-01-03T14:51:31.479+0000] {processor.py:838} WARNING - No viable dags retrieved from /workspaces/hands-on-introduction-data-engineering-4395021/airflow/dags/one_task_dag.py
[2026-01-03T14:51:31.494+0000] {processor.py:179} INFO - Processing /workspaces/hands-on-introduction-data-engineering-4395021/airflow/dags/one_task_dag.py took 0.023 seconds
[2026-01-03T14:51:34.657+0000] {processor.py:157} INFO - Started process (PID=38400) to work on /workspaces/hands-on-introduction-data-engineering-4395021/airflow/dags/one_task_dag.py
[2026-01-03T14:51:34.658+0000] {processor.py:826} INFO - Processing file /workspaces/hands-on-introduction-data-engineering-4395021/airflow/dags/one_task_dag.py for tasks to queue
[2026-01-03T14:51:34.659+0000] {logging_mixin.py:150} INFO - [2026-01-03T14:51:34.658+0000] {dagbag.py:541} INFO - Filling up the DagBag from /workspaces/hands-on-introduction-data-engineering-4395021/airflow/dags/one_task_dag.py
[2026-01-03T14:51:34.663+0000] {logging_mixin.py:150} INFO - [2026-01-03T14:51:34.661+0000] {dagbag.py:350} ERROR - Failed to import: /workspaces/hands-on-introduction-data-engineering-4395021/airflow/dags/one_task_dag.py
Traceback (most recent call last):
  File "/home/vscode/.local/lib/python3.10/site-packages/airflow/models/dagbag.py", line 346, in parse
    loader.exec_module(new_module)
  File "<frozen importlib._bootstrap_external>", line 883, in exec_module
  File "<frozen importlib._bootstrap>", line 241, in _call_with_frames_removed
  File "/workspaces/hands-on-introduction-data-engineering-4395021/airflow/dags/one_task_dag.py", line 15, in <module>
    with DAG(dag_id='One Task DAG',
  File "/home/vscode/.local/lib/python3.10/site-packages/airflow/models/dag.py", line 452, in __init__
    validate_key(dag_id)
  File "/home/vscode/.local/lib/python3.10/site-packages/airflow/utils/helpers.py", line 55, in validate_key
    raise AirflowException(
airflow.exceptions.AirflowException: The key 'One Task DAG' has to be made of alphanumeric characters, dashes, dots and underscores exclusively
[2026-01-03T14:51:34.663+0000] {processor.py:838} WARNING - No viable dags retrieved from /workspaces/hands-on-introduction-data-engineering-4395021/airflow/dags/one_task_dag.py
[2026-01-03T14:51:34.678+0000] {processor.py:179} INFO - Processing /workspaces/hands-on-introduction-data-engineering-4395021/airflow/dags/one_task_dag.py took 0.024 seconds
[2026-01-03T14:51:39.460+0000] {processor.py:157} INFO - Started process (PID=38435) to work on /workspaces/hands-on-introduction-data-engineering-4395021/airflow/dags/one_task_dag.py
[2026-01-03T14:51:39.461+0000] {processor.py:826} INFO - Processing file /workspaces/hands-on-introduction-data-engineering-4395021/airflow/dags/one_task_dag.py for tasks to queue
[2026-01-03T14:51:39.462+0000] {logging_mixin.py:150} INFO - [2026-01-03T14:51:39.461+0000] {dagbag.py:541} INFO - Filling up the DagBag from /workspaces/hands-on-introduction-data-engineering-4395021/airflow/dags/one_task_dag.py
[2026-01-03T14:51:39.466+0000] {logging_mixin.py:150} INFO - [2026-01-03T14:51:39.464+0000] {dagbag.py:350} ERROR - Failed to import: /workspaces/hands-on-introduction-data-engineering-4395021/airflow/dags/one_task_dag.py
Traceback (most recent call last):
  File "/home/vscode/.local/lib/python3.10/site-packages/airflow/models/dagbag.py", line 346, in parse
    loader.exec_module(new_module)
  File "<frozen importlib._bootstrap_external>", line 883, in exec_module
  File "<frozen importlib._bootstrap>", line 241, in _call_with_frames_removed
  File "/workspaces/hands-on-introduction-data-engineering-4395021/airflow/dags/one_task_dag.py", line 15, in <module>
    with DAG(dag_id='One Task DAG',
  File "/home/vscode/.local/lib/python3.10/site-packages/airflow/models/dag.py", line 452, in __init__
    validate_key(dag_id)
  File "/home/vscode/.local/lib/python3.10/site-packages/airflow/utils/helpers.py", line 55, in validate_key
    raise AirflowException(
airflow.exceptions.AirflowException: The key 'One Task DAG' has to be made of alphanumeric characters, dashes, dots and underscores exclusively
[2026-01-03T14:51:39.466+0000] {processor.py:838} WARNING - No viable dags retrieved from /workspaces/hands-on-introduction-data-engineering-4395021/airflow/dags/one_task_dag.py
[2026-01-03T14:51:39.482+0000] {processor.py:179} INFO - Processing /workspaces/hands-on-introduction-data-engineering-4395021/airflow/dags/one_task_dag.py took 0.025 seconds
[2026-01-03T14:51:43.580+0000] {processor.py:157} INFO - Started process (PID=38463) to work on /workspaces/hands-on-introduction-data-engineering-4395021/airflow/dags/one_task_dag.py
[2026-01-03T14:51:43.581+0000] {processor.py:826} INFO - Processing file /workspaces/hands-on-introduction-data-engineering-4395021/airflow/dags/one_task_dag.py for tasks to queue
[2026-01-03T14:51:43.582+0000] {logging_mixin.py:150} INFO - [2026-01-03T14:51:43.582+0000] {dagbag.py:541} INFO - Filling up the DagBag from /workspaces/hands-on-introduction-data-engineering-4395021/airflow/dags/one_task_dag.py
[2026-01-03T14:51:43.586+0000] {logging_mixin.py:150} INFO - [2026-01-03T14:51:43.584+0000] {dagbag.py:350} ERROR - Failed to import: /workspaces/hands-on-introduction-data-engineering-4395021/airflow/dags/one_task_dag.py
Traceback (most recent call last):
  File "/home/vscode/.local/lib/python3.10/site-packages/airflow/models/dagbag.py", line 346, in parse
    loader.exec_module(new_module)
  File "<frozen importlib._bootstrap_external>", line 883, in exec_module
  File "<frozen importlib._bootstrap>", line 241, in _call_with_frames_removed
  File "/workspaces/hands-on-introduction-data-engineering-4395021/airflow/dags/one_task_dag.py", line 15, in <module>
    with DAG(dag_id='One Task DAG',
  File "/home/vscode/.local/lib/python3.10/site-packages/airflow/models/dag.py", line 452, in __init__
    validate_key(dag_id)
  File "/home/vscode/.local/lib/python3.10/site-packages/airflow/utils/helpers.py", line 55, in validate_key
    raise AirflowException(
airflow.exceptions.AirflowException: The key 'One Task DAG' has to be made of alphanumeric characters, dashes, dots and underscores exclusively
[2026-01-03T14:51:43.586+0000] {processor.py:838} WARNING - No viable dags retrieved from /workspaces/hands-on-introduction-data-engineering-4395021/airflow/dags/one_task_dag.py
[2026-01-03T14:51:43.604+0000] {processor.py:179} INFO - Processing /workspaces/hands-on-introduction-data-engineering-4395021/airflow/dags/one_task_dag.py took 0.026 seconds
[2026-01-03T14:51:47.395+0000] {processor.py:157} INFO - Started process (PID=38491) to work on /workspaces/hands-on-introduction-data-engineering-4395021/airflow/dags/one_task_dag.py
[2026-01-03T14:51:47.396+0000] {processor.py:826} INFO - Processing file /workspaces/hands-on-introduction-data-engineering-4395021/airflow/dags/one_task_dag.py for tasks to queue
[2026-01-03T14:51:47.397+0000] {logging_mixin.py:150} INFO - [2026-01-03T14:51:47.397+0000] {dagbag.py:541} INFO - Filling up the DagBag from /workspaces/hands-on-introduction-data-engineering-4395021/airflow/dags/one_task_dag.py
[2026-01-03T14:51:47.405+0000] {logging_mixin.py:150} INFO - [2026-01-03T14:51:47.400+0000] {dagbag.py:350} ERROR - Failed to import: /workspaces/hands-on-introduction-data-engineering-4395021/airflow/dags/one_task_dag.py
Traceback (most recent call last):
  File "/home/vscode/.local/lib/python3.10/site-packages/airflow/models/dagbag.py", line 346, in parse
    loader.exec_module(new_module)
  File "<frozen importlib._bootstrap_external>", line 883, in exec_module
  File "<frozen importlib._bootstrap>", line 241, in _call_with_frames_removed
  File "/workspaces/hands-on-introduction-data-engineering-4395021/airflow/dags/one_task_dag.py", line 15, in <module>
    with DAG(dag_id='One Task DAG',
  File "/home/vscode/.local/lib/python3.10/site-packages/airflow/models/dag.py", line 452, in __init__
    validate_key(dag_id)
  File "/home/vscode/.local/lib/python3.10/site-packages/airflow/utils/helpers.py", line 55, in validate_key
    raise AirflowException(
airflow.exceptions.AirflowException: The key 'One Task DAG' has to be made of alphanumeric characters, dashes, dots and underscores exclusively
[2026-01-03T14:51:47.406+0000] {processor.py:838} WARNING - No viable dags retrieved from /workspaces/hands-on-introduction-data-engineering-4395021/airflow/dags/one_task_dag.py
[2026-01-03T14:51:47.427+0000] {processor.py:179} INFO - Processing /workspaces/hands-on-introduction-data-engineering-4395021/airflow/dags/one_task_dag.py took 0.035 seconds
[2026-01-03T14:51:49.550+0000] {processor.py:157} INFO - Started process (PID=38505) to work on /workspaces/hands-on-introduction-data-engineering-4395021/airflow/dags/one_task_dag.py
[2026-01-03T14:51:49.550+0000] {processor.py:826} INFO - Processing file /workspaces/hands-on-introduction-data-engineering-4395021/airflow/dags/one_task_dag.py for tasks to queue
[2026-01-03T14:51:49.551+0000] {logging_mixin.py:150} INFO - [2026-01-03T14:51:49.551+0000] {dagbag.py:541} INFO - Filling up the DagBag from /workspaces/hands-on-introduction-data-engineering-4395021/airflow/dags/one_task_dag.py
[2026-01-03T14:51:49.555+0000] {logging_mixin.py:150} INFO - [2026-01-03T14:51:49.553+0000] {dagbag.py:350} ERROR - Failed to import: /workspaces/hands-on-introduction-data-engineering-4395021/airflow/dags/one_task_dag.py
Traceback (most recent call last):
  File "/home/vscode/.local/lib/python3.10/site-packages/airflow/models/dagbag.py", line 346, in parse
    loader.exec_module(new_module)
  File "<frozen importlib._bootstrap_external>", line 883, in exec_module
  File "<frozen importlib._bootstrap>", line 241, in _call_with_frames_removed
  File "/workspaces/hands-on-introduction-data-engineering-4395021/airflow/dags/one_task_dag.py", line 15, in <module>
    with DAG(dag_id='One Task DAG',
  File "/home/vscode/.local/lib/python3.10/site-packages/airflow/models/dag.py", line 452, in __init__
    validate_key(dag_id)
  File "/home/vscode/.local/lib/python3.10/site-packages/airflow/utils/helpers.py", line 55, in validate_key
    raise AirflowException(
airflow.exceptions.AirflowException: The key 'One Task DAG' has to be made of alphanumeric characters, dashes, dots and underscores exclusively
[2026-01-03T14:51:49.555+0000] {processor.py:838} WARNING - No viable dags retrieved from /workspaces/hands-on-introduction-data-engineering-4395021/airflow/dags/one_task_dag.py
[2026-01-03T14:51:49.572+0000] {processor.py:179} INFO - Processing /workspaces/hands-on-introduction-data-engineering-4395021/airflow/dags/one_task_dag.py took 0.025 seconds
[2026-01-03T14:51:50.556+0000] {processor.py:157} INFO - Started process (PID=38507) to work on /workspaces/hands-on-introduction-data-engineering-4395021/airflow/dags/one_task_dag.py
[2026-01-03T14:51:50.557+0000] {processor.py:826} INFO - Processing file /workspaces/hands-on-introduction-data-engineering-4395021/airflow/dags/one_task_dag.py for tasks to queue
[2026-01-03T14:51:50.557+0000] {logging_mixin.py:150} INFO - [2026-01-03T14:51:50.557+0000] {dagbag.py:541} INFO - Filling up the DagBag from /workspaces/hands-on-introduction-data-engineering-4395021/airflow/dags/one_task_dag.py
[2026-01-03T14:51:50.561+0000] {logging_mixin.py:150} INFO - [2026-01-03T14:51:50.560+0000] {dagbag.py:350} ERROR - Failed to import: /workspaces/hands-on-introduction-data-engineering-4395021/airflow/dags/one_task_dag.py
Traceback (most recent call last):
  File "/home/vscode/.local/lib/python3.10/site-packages/airflow/models/dagbag.py", line 346, in parse
    loader.exec_module(new_module)
  File "<frozen importlib._bootstrap_external>", line 883, in exec_module
  File "<frozen importlib._bootstrap>", line 241, in _call_with_frames_removed
  File "/workspaces/hands-on-introduction-data-engineering-4395021/airflow/dags/one_task_dag.py", line 15, in <module>
    with DAG(dag_id='One Task DAG',
  File "/home/vscode/.local/lib/python3.10/site-packages/airflow/models/dag.py", line 452, in __init__
    validate_key(dag_id)
  File "/home/vscode/.local/lib/python3.10/site-packages/airflow/utils/helpers.py", line 55, in validate_key
    raise AirflowException(
airflow.exceptions.AirflowException: The key 'One Task DAG' has to be made of alphanumeric characters, dashes, dots and underscores exclusively
[2026-01-03T14:51:50.562+0000] {processor.py:838} WARNING - No viable dags retrieved from /workspaces/hands-on-introduction-data-engineering-4395021/airflow/dags/one_task_dag.py
[2026-01-03T14:51:50.575+0000] {processor.py:179} INFO - Processing /workspaces/hands-on-introduction-data-engineering-4395021/airflow/dags/one_task_dag.py took 0.023 seconds
[2026-01-03T14:51:52.721+0000] {processor.py:157} INFO - Started process (PID=38521) to work on /workspaces/hands-on-introduction-data-engineering-4395021/airflow/dags/one_task_dag.py
[2026-01-03T14:51:52.722+0000] {processor.py:826} INFO - Processing file /workspaces/hands-on-introduction-data-engineering-4395021/airflow/dags/one_task_dag.py for tasks to queue
[2026-01-03T14:51:52.723+0000] {logging_mixin.py:150} INFO - [2026-01-03T14:51:52.722+0000] {dagbag.py:541} INFO - Filling up the DagBag from /workspaces/hands-on-introduction-data-engineering-4395021/airflow/dags/one_task_dag.py
[2026-01-03T14:51:52.727+0000] {logging_mixin.py:150} INFO - [2026-01-03T14:51:52.725+0000] {dagbag.py:350} ERROR - Failed to import: /workspaces/hands-on-introduction-data-engineering-4395021/airflow/dags/one_task_dag.py
Traceback (most recent call last):
  File "/home/vscode/.local/lib/python3.10/site-packages/airflow/models/dagbag.py", line 346, in parse
    loader.exec_module(new_module)
  File "<frozen importlib._bootstrap_external>", line 883, in exec_module
  File "<frozen importlib._bootstrap>", line 241, in _call_with_frames_removed
  File "/workspaces/hands-on-introduction-data-engineering-4395021/airflow/dags/one_task_dag.py", line 15, in <module>
    with DAG(dag_id='One Task DAG',
  File "/home/vscode/.local/lib/python3.10/site-packages/airflow/models/dag.py", line 452, in __init__
    validate_key(dag_id)
  File "/home/vscode/.local/lib/python3.10/site-packages/airflow/utils/helpers.py", line 55, in validate_key
    raise AirflowException(
airflow.exceptions.AirflowException: The key 'One Task DAG' has to be made of alphanumeric characters, dashes, dots and underscores exclusively
[2026-01-03T14:51:52.727+0000] {processor.py:838} WARNING - No viable dags retrieved from /workspaces/hands-on-introduction-data-engineering-4395021/airflow/dags/one_task_dag.py
[2026-01-03T14:51:52.743+0000] {processor.py:179} INFO - Processing /workspaces/hands-on-introduction-data-engineering-4395021/airflow/dags/one_task_dag.py took 0.024 seconds
[2026-01-03T14:52:22.917+0000] {processor.py:157} INFO - Started process (PID=38724) to work on /workspaces/hands-on-introduction-data-engineering-4395021/airflow/dags/one_task_dag.py
[2026-01-03T14:52:22.918+0000] {processor.py:826} INFO - Processing file /workspaces/hands-on-introduction-data-engineering-4395021/airflow/dags/one_task_dag.py for tasks to queue
[2026-01-03T14:52:22.919+0000] {logging_mixin.py:150} INFO - [2026-01-03T14:52:22.919+0000] {dagbag.py:541} INFO - Filling up the DagBag from /workspaces/hands-on-introduction-data-engineering-4395021/airflow/dags/one_task_dag.py
[2026-01-03T14:52:22.923+0000] {logging_mixin.py:150} INFO - [2026-01-03T14:52:22.921+0000] {dagbag.py:350} ERROR - Failed to import: /workspaces/hands-on-introduction-data-engineering-4395021/airflow/dags/one_task_dag.py
Traceback (most recent call last):
  File "/home/vscode/.local/lib/python3.10/site-packages/airflow/models/dagbag.py", line 346, in parse
    loader.exec_module(new_module)
  File "<frozen importlib._bootstrap_external>", line 883, in exec_module
  File "<frozen importlib._bootstrap>", line 241, in _call_with_frames_removed
  File "/workspaces/hands-on-introduction-data-engineering-4395021/airflow/dags/one_task_dag.py", line 15, in <module>
    with DAG(dag_id='One Task DAG',
  File "/home/vscode/.local/lib/python3.10/site-packages/airflow/models/dag.py", line 452, in __init__
    validate_key(dag_id)
  File "/home/vscode/.local/lib/python3.10/site-packages/airflow/utils/helpers.py", line 55, in validate_key
    raise AirflowException(
airflow.exceptions.AirflowException: The key 'One Task DAG' has to be made of alphanumeric characters, dashes, dots and underscores exclusively
[2026-01-03T14:52:22.923+0000] {processor.py:838} WARNING - No viable dags retrieved from /workspaces/hands-on-introduction-data-engineering-4395021/airflow/dags/one_task_dag.py
[2026-01-03T14:52:22.937+0000] {processor.py:179} INFO - Processing /workspaces/hands-on-introduction-data-engineering-4395021/airflow/dags/one_task_dag.py took 0.023 seconds
[2026-01-03T14:52:38.555+0000] {processor.py:157} INFO - Started process (PID=38833) to work on /workspaces/hands-on-introduction-data-engineering-4395021/airflow/dags/one_task_dag.py
[2026-01-03T14:52:38.556+0000] {processor.py:826} INFO - Processing file /workspaces/hands-on-introduction-data-engineering-4395021/airflow/dags/one_task_dag.py for tasks to queue
[2026-01-03T14:52:38.557+0000] {logging_mixin.py:150} INFO - [2026-01-03T14:52:38.556+0000] {dagbag.py:541} INFO - Filling up the DagBag from /workspaces/hands-on-introduction-data-engineering-4395021/airflow/dags/one_task_dag.py
[2026-01-03T14:52:38.561+0000] {logging_mixin.py:150} INFO - [2026-01-03T14:52:38.559+0000] {dagbag.py:350} ERROR - Failed to import: /workspaces/hands-on-introduction-data-engineering-4395021/airflow/dags/one_task_dag.py
Traceback (most recent call last):
  File "/home/vscode/.local/lib/python3.10/site-packages/airflow/models/dagbag.py", line 346, in parse
    loader.exec_module(new_module)
  File "<frozen importlib._bootstrap_external>", line 883, in exec_module
  File "<frozen importlib._bootstrap>", line 241, in _call_with_frames_removed
  File "/workspaces/hands-on-introduction-data-engineering-4395021/airflow/dags/one_task_dag.py", line 15, in <module>
    with DAG(dag_id='One Task DAG',
  File "/home/vscode/.local/lib/python3.10/site-packages/airflow/models/dag.py", line 452, in __init__
    validate_key(dag_id)
  File "/home/vscode/.local/lib/python3.10/site-packages/airflow/utils/helpers.py", line 55, in validate_key
    raise AirflowException(
airflow.exceptions.AirflowException: The key 'One Task DAG' has to be made of alphanumeric characters, dashes, dots and underscores exclusively
[2026-01-03T14:52:38.561+0000] {processor.py:838} WARNING - No viable dags retrieved from /workspaces/hands-on-introduction-data-engineering-4395021/airflow/dags/one_task_dag.py
[2026-01-03T14:52:38.577+0000] {processor.py:179} INFO - Processing /workspaces/hands-on-introduction-data-engineering-4395021/airflow/dags/one_task_dag.py took 0.025 seconds
[2026-01-03T14:52:49.610+0000] {processor.py:157} INFO - Started process (PID=38902) to work on /workspaces/hands-on-introduction-data-engineering-4395021/airflow/dags/one_task_dag.py
[2026-01-03T14:52:49.611+0000] {processor.py:826} INFO - Processing file /workspaces/hands-on-introduction-data-engineering-4395021/airflow/dags/one_task_dag.py for tasks to queue
[2026-01-03T14:52:49.612+0000] {logging_mixin.py:150} INFO - [2026-01-03T14:52:49.612+0000] {dagbag.py:541} INFO - Filling up the DagBag from /workspaces/hands-on-introduction-data-engineering-4395021/airflow/dags/one_task_dag.py
[2026-01-03T14:52:49.616+0000] {logging_mixin.py:150} INFO - [2026-01-03T14:52:49.614+0000] {dagbag.py:350} ERROR - Failed to import: /workspaces/hands-on-introduction-data-engineering-4395021/airflow/dags/one_task_dag.py
Traceback (most recent call last):
  File "/home/vscode/.local/lib/python3.10/site-packages/airflow/models/dagbag.py", line 346, in parse
    loader.exec_module(new_module)
  File "<frozen importlib._bootstrap_external>", line 883, in exec_module
  File "<frozen importlib._bootstrap>", line 241, in _call_with_frames_removed
  File "/workspaces/hands-on-introduction-data-engineering-4395021/airflow/dags/one_task_dag.py", line 15, in <module>
    with DAG(dag_id='One Task DAG',
  File "/home/vscode/.local/lib/python3.10/site-packages/airflow/models/dag.py", line 452, in __init__
    validate_key(dag_id)
  File "/home/vscode/.local/lib/python3.10/site-packages/airflow/utils/helpers.py", line 55, in validate_key
    raise AirflowException(
airflow.exceptions.AirflowException: The key 'One Task DAG' has to be made of alphanumeric characters, dashes, dots and underscores exclusively
[2026-01-03T14:52:49.616+0000] {processor.py:838} WARNING - No viable dags retrieved from /workspaces/hands-on-introduction-data-engineering-4395021/airflow/dags/one_task_dag.py
[2026-01-03T14:52:49.631+0000] {processor.py:179} INFO - Processing /workspaces/hands-on-introduction-data-engineering-4395021/airflow/dags/one_task_dag.py took 0.024 seconds
[2026-01-03T14:52:54.769+0000] {processor.py:157} INFO - Started process (PID=38957) to work on /workspaces/hands-on-introduction-data-engineering-4395021/airflow/dags/one_task_dag.py
[2026-01-03T14:52:54.770+0000] {processor.py:826} INFO - Processing file /workspaces/hands-on-introduction-data-engineering-4395021/airflow/dags/one_task_dag.py for tasks to queue
[2026-01-03T14:52:54.771+0000] {logging_mixin.py:150} INFO - [2026-01-03T14:52:54.770+0000] {dagbag.py:541} INFO - Filling up the DagBag from /workspaces/hands-on-introduction-data-engineering-4395021/airflow/dags/one_task_dag.py
[2026-01-03T14:52:54.775+0000] {logging_mixin.py:150} INFO - [2026-01-03T14:52:54.774+0000] {dagbag.py:350} ERROR - Failed to import: /workspaces/hands-on-introduction-data-engineering-4395021/airflow/dags/one_task_dag.py
Traceback (most recent call last):
  File "/home/vscode/.local/lib/python3.10/site-packages/airflow/models/dagbag.py", line 346, in parse
    loader.exec_module(new_module)
  File "<frozen importlib._bootstrap_external>", line 883, in exec_module
  File "<frozen importlib._bootstrap>", line 241, in _call_with_frames_removed
  File "/workspaces/hands-on-introduction-data-engineering-4395021/airflow/dags/one_task_dag.py", line 15, in <module>
    with DAG(dag_id='One Task DAG',
  File "/home/vscode/.local/lib/python3.10/site-packages/airflow/models/dag.py", line 452, in __init__
    validate_key(dag_id)
  File "/home/vscode/.local/lib/python3.10/site-packages/airflow/utils/helpers.py", line 55, in validate_key
    raise AirflowException(
airflow.exceptions.AirflowException: The key 'One Task DAG' has to be made of alphanumeric characters, dashes, dots and underscores exclusively
[2026-01-03T14:52:54.776+0000] {processor.py:838} WARNING - No viable dags retrieved from /workspaces/hands-on-introduction-data-engineering-4395021/airflow/dags/one_task_dag.py
[2026-01-03T14:52:54.793+0000] {processor.py:179} INFO - Processing /workspaces/hands-on-introduction-data-engineering-4395021/airflow/dags/one_task_dag.py took 0.028 seconds
[2026-01-03T14:52:59.688+0000] {processor.py:157} INFO - Started process (PID=38999) to work on /workspaces/hands-on-introduction-data-engineering-4395021/airflow/dags/one_task_dag.py
[2026-01-03T14:52:59.689+0000] {processor.py:826} INFO - Processing file /workspaces/hands-on-introduction-data-engineering-4395021/airflow/dags/one_task_dag.py for tasks to queue
[2026-01-03T14:52:59.689+0000] {logging_mixin.py:150} INFO - [2026-01-03T14:52:59.689+0000] {dagbag.py:541} INFO - Filling up the DagBag from /workspaces/hands-on-introduction-data-engineering-4395021/airflow/dags/one_task_dag.py
[2026-01-03T14:52:59.694+0000] {logging_mixin.py:150} INFO - [2026-01-03T14:52:59.692+0000] {dagbag.py:350} ERROR - Failed to import: /workspaces/hands-on-introduction-data-engineering-4395021/airflow/dags/one_task_dag.py
Traceback (most recent call last):
  File "/home/vscode/.local/lib/python3.10/site-packages/airflow/models/dagbag.py", line 346, in parse
    loader.exec_module(new_module)
  File "<frozen importlib._bootstrap_external>", line 883, in exec_module
  File "<frozen importlib._bootstrap>", line 241, in _call_with_frames_removed
  File "/workspaces/hands-on-introduction-data-engineering-4395021/airflow/dags/one_task_dag.py", line 15, in <module>
    with DAG(dag_id='One Task DAG',
  File "/home/vscode/.local/lib/python3.10/site-packages/airflow/models/dag.py", line 452, in __init__
    validate_key(dag_id)
  File "/home/vscode/.local/lib/python3.10/site-packages/airflow/utils/helpers.py", line 55, in validate_key
    raise AirflowException(
airflow.exceptions.AirflowException: The key 'One Task DAG' has to be made of alphanumeric characters, dashes, dots and underscores exclusively
[2026-01-03T14:52:59.694+0000] {processor.py:838} WARNING - No viable dags retrieved from /workspaces/hands-on-introduction-data-engineering-4395021/airflow/dags/one_task_dag.py
[2026-01-03T14:52:59.709+0000] {processor.py:179} INFO - Processing /workspaces/hands-on-introduction-data-engineering-4395021/airflow/dags/one_task_dag.py took 0.024 seconds
[2026-01-03T14:53:11.292+0000] {processor.py:157} INFO - Started process (PID=39076) to work on /workspaces/hands-on-introduction-data-engineering-4395021/airflow/dags/one_task_dag.py
[2026-01-03T14:53:11.293+0000] {processor.py:826} INFO - Processing file /workspaces/hands-on-introduction-data-engineering-4395021/airflow/dags/one_task_dag.py for tasks to queue
[2026-01-03T14:53:11.301+0000] {logging_mixin.py:150} INFO - [2026-01-03T14:53:11.300+0000] {dagbag.py:541} INFO - Filling up the DagBag from /workspaces/hands-on-introduction-data-engineering-4395021/airflow/dags/one_task_dag.py
[2026-01-03T14:53:11.325+0000] {logging_mixin.py:150} INFO - [2026-01-03T14:53:11.316+0000] {dagbag.py:350} ERROR - Failed to import: /workspaces/hands-on-introduction-data-engineering-4395021/airflow/dags/one_task_dag.py
Traceback (most recent call last):
  File "/home/vscode/.local/lib/python3.10/site-packages/airflow/models/dagbag.py", line 346, in parse
    loader.exec_module(new_module)
  File "<frozen importlib._bootstrap_external>", line 883, in exec_module
  File "<frozen importlib._bootstrap>", line 241, in _call_with_frames_removed
  File "/workspaces/hands-on-introduction-data-engineering-4395021/airflow/dags/one_task_dag.py", line 15, in <module>
    with DAG(dag_id='One Task DAG',
  File "/home/vscode/.local/lib/python3.10/site-packages/airflow/models/dag.py", line 452, in __init__
    validate_key(dag_id)
  File "/home/vscode/.local/lib/python3.10/site-packages/airflow/utils/helpers.py", line 55, in validate_key
    raise AirflowException(
airflow.exceptions.AirflowException: The key 'One Task DAG' has to be made of alphanumeric characters, dashes, dots and underscores exclusively
[2026-01-03T14:53:11.334+0000] {processor.py:838} WARNING - No viable dags retrieved from /workspaces/hands-on-introduction-data-engineering-4395021/airflow/dags/one_task_dag.py
[2026-01-03T14:53:11.393+0000] {processor.py:179} INFO - Processing /workspaces/hands-on-introduction-data-engineering-4395021/airflow/dags/one_task_dag.py took 0.116 seconds
[2026-01-03T14:53:18.783+0000] {processor.py:157} INFO - Started process (PID=39124) to work on /workspaces/hands-on-introduction-data-engineering-4395021/airflow/dags/one_task_dag.py
[2026-01-03T14:53:18.784+0000] {processor.py:826} INFO - Processing file /workspaces/hands-on-introduction-data-engineering-4395021/airflow/dags/one_task_dag.py for tasks to queue
[2026-01-03T14:53:18.785+0000] {logging_mixin.py:150} INFO - [2026-01-03T14:53:18.785+0000] {dagbag.py:541} INFO - Filling up the DagBag from /workspaces/hands-on-introduction-data-engineering-4395021/airflow/dags/one_task_dag.py
[2026-01-03T14:53:18.788+0000] {logging_mixin.py:150} INFO - [2026-01-03T14:53:18.787+0000] {dagbag.py:350} ERROR - Failed to import: /workspaces/hands-on-introduction-data-engineering-4395021/airflow/dags/one_task_dag.py
Traceback (most recent call last):
  File "/home/vscode/.local/lib/python3.10/site-packages/airflow/models/dagbag.py", line 346, in parse
    loader.exec_module(new_module)
  File "<frozen importlib._bootstrap_external>", line 879, in exec_module
  File "<frozen importlib._bootstrap_external>", line 1017, in get_code
  File "<frozen importlib._bootstrap_external>", line 947, in source_to_code
  File "<frozen importlib._bootstrap>", line 241, in _call_with_frames_removed
  File "/workspaces/hands-on-introduction-data-engineering-4395021/airflow/dags/one_task_dag.py", line 21
    dag)
       ^
SyntaxError: positional argument follows keyword argument
[2026-01-03T14:53:18.788+0000] {processor.py:838} WARNING - No viable dags retrieved from /workspaces/hands-on-introduction-data-engineering-4395021/airflow/dags/one_task_dag.py
[2026-01-03T14:53:18.803+0000] {processor.py:179} INFO - Processing /workspaces/hands-on-introduction-data-engineering-4395021/airflow/dags/one_task_dag.py took 0.022 seconds
[2026-01-03T14:53:21.774+0000] {processor.py:157} INFO - Started process (PID=39147) to work on /workspaces/hands-on-introduction-data-engineering-4395021/airflow/dags/one_task_dag.py
[2026-01-03T14:53:21.777+0000] {processor.py:826} INFO - Processing file /workspaces/hands-on-introduction-data-engineering-4395021/airflow/dags/one_task_dag.py for tasks to queue
[2026-01-03T14:53:21.778+0000] {logging_mixin.py:150} INFO - [2026-01-03T14:53:21.778+0000] {dagbag.py:541} INFO - Filling up the DagBag from /workspaces/hands-on-introduction-data-engineering-4395021/airflow/dags/one_task_dag.py
[2026-01-03T14:53:21.790+0000] {logging_mixin.py:150} INFO - [2026-01-03T14:53:21.785+0000] {dagbag.py:350} ERROR - Failed to import: /workspaces/hands-on-introduction-data-engineering-4395021/airflow/dags/one_task_dag.py
Traceback (most recent call last):
  File "/home/vscode/.local/lib/python3.10/site-packages/airflow/models/dagbag.py", line 346, in parse
    loader.exec_module(new_module)
  File "<frozen importlib._bootstrap_external>", line 879, in exec_module
  File "<frozen importlib._bootstrap_external>", line 1017, in get_code
  File "<frozen importlib._bootstrap_external>", line 947, in source_to_code
  File "<frozen importlib._bootstrap>", line 241, in _call_with_frames_removed
  File "/workspaces/hands-on-introduction-data-engineering-4395021/airflow/dags/one_task_dag.py", line 21
    dag=)
        ^
SyntaxError: invalid syntax
[2026-01-03T14:53:21.792+0000] {processor.py:838} WARNING - No viable dags retrieved from /workspaces/hands-on-introduction-data-engineering-4395021/airflow/dags/one_task_dag.py
[2026-01-03T14:53:21.879+0000] {processor.py:179} INFO - Processing /workspaces/hands-on-introduction-data-engineering-4395021/airflow/dags/one_task_dag.py took 0.112 seconds
[2026-01-03T14:53:23.098+0000] {processor.py:157} INFO - Started process (PID=39154) to work on /workspaces/hands-on-introduction-data-engineering-4395021/airflow/dags/one_task_dag.py
[2026-01-03T14:53:23.099+0000] {processor.py:826} INFO - Processing file /workspaces/hands-on-introduction-data-engineering-4395021/airflow/dags/one_task_dag.py for tasks to queue
[2026-01-03T14:53:23.099+0000] {logging_mixin.py:150} INFO - [2026-01-03T14:53:23.099+0000] {dagbag.py:541} INFO - Filling up the DagBag from /workspaces/hands-on-introduction-data-engineering-4395021/airflow/dags/one_task_dag.py
[2026-01-03T14:53:23.104+0000] {logging_mixin.py:150} INFO - [2026-01-03T14:53:23.102+0000] {dagbag.py:350} ERROR - Failed to import: /workspaces/hands-on-introduction-data-engineering-4395021/airflow/dags/one_task_dag.py
Traceback (most recent call last):
  File "/home/vscode/.local/lib/python3.10/site-packages/airflow/models/dagbag.py", line 346, in parse
    loader.exec_module(new_module)
  File "<frozen importlib._bootstrap_external>", line 883, in exec_module
  File "<frozen importlib._bootstrap>", line 241, in _call_with_frames_removed
  File "/workspaces/hands-on-introduction-data-engineering-4395021/airflow/dags/one_task_dag.py", line 15, in <module>
    with DAG(dag_id='One Task DAG',
  File "/home/vscode/.local/lib/python3.10/site-packages/airflow/models/dag.py", line 452, in __init__
    validate_key(dag_id)
  File "/home/vscode/.local/lib/python3.10/site-packages/airflow/utils/helpers.py", line 55, in validate_key
    raise AirflowException(
airflow.exceptions.AirflowException: The key 'One Task DAG' has to be made of alphanumeric characters, dashes, dots and underscores exclusively
[2026-01-03T14:53:23.104+0000] {processor.py:838} WARNING - No viable dags retrieved from /workspaces/hands-on-introduction-data-engineering-4395021/airflow/dags/one_task_dag.py
[2026-01-03T14:53:23.122+0000] {processor.py:179} INFO - Processing /workspaces/hands-on-introduction-data-engineering-4395021/airflow/dags/one_task_dag.py took 0.027 seconds
[2026-01-03T14:53:28.149+0000] {processor.py:157} INFO - Started process (PID=39195) to work on /workspaces/hands-on-introduction-data-engineering-4395021/airflow/dags/one_task_dag.py
[2026-01-03T14:53:28.150+0000] {processor.py:826} INFO - Processing file /workspaces/hands-on-introduction-data-engineering-4395021/airflow/dags/one_task_dag.py for tasks to queue
[2026-01-03T14:53:28.151+0000] {logging_mixin.py:150} INFO - [2026-01-03T14:53:28.150+0000] {dagbag.py:541} INFO - Filling up the DagBag from /workspaces/hands-on-introduction-data-engineering-4395021/airflow/dags/one_task_dag.py
[2026-01-03T14:53:28.156+0000] {logging_mixin.py:150} INFO - [2026-01-03T14:53:28.154+0000] {dagbag.py:350} ERROR - Failed to import: /workspaces/hands-on-introduction-data-engineering-4395021/airflow/dags/one_task_dag.py
Traceback (most recent call last):
  File "/home/vscode/.local/lib/python3.10/site-packages/airflow/models/dagbag.py", line 346, in parse
    loader.exec_module(new_module)
  File "<frozen importlib._bootstrap_external>", line 883, in exec_module
  File "<frozen importlib._bootstrap>", line 241, in _call_with_frames_removed
  File "/workspaces/hands-on-introduction-data-engineering-4395021/airflow/dags/one_task_dag.py", line 15, in <module>
    with DAG(dag_id='One Task DAG',
  File "/home/vscode/.local/lib/python3.10/site-packages/airflow/models/dag.py", line 452, in __init__
    validate_key(dag_id)
  File "/home/vscode/.local/lib/python3.10/site-packages/airflow/utils/helpers.py", line 55, in validate_key
    raise AirflowException(
airflow.exceptions.AirflowException: The key 'One Task DAG' has to be made of alphanumeric characters, dashes, dots and underscores exclusively
[2026-01-03T14:53:28.157+0000] {processor.py:838} WARNING - No viable dags retrieved from /workspaces/hands-on-introduction-data-engineering-4395021/airflow/dags/one_task_dag.py
[2026-01-03T14:53:28.174+0000] {processor.py:179} INFO - Processing /workspaces/hands-on-introduction-data-engineering-4395021/airflow/dags/one_task_dag.py took 0.027 seconds
[2026-01-03T14:53:33.278+0000] {processor.py:157} INFO - Started process (PID=39224) to work on /workspaces/hands-on-introduction-data-engineering-4395021/airflow/dags/one_task_dag.py
[2026-01-03T14:53:33.278+0000] {processor.py:826} INFO - Processing file /workspaces/hands-on-introduction-data-engineering-4395021/airflow/dags/one_task_dag.py for tasks to queue
[2026-01-03T14:53:33.279+0000] {logging_mixin.py:150} INFO - [2026-01-03T14:53:33.279+0000] {dagbag.py:541} INFO - Filling up the DagBag from /workspaces/hands-on-introduction-data-engineering-4395021/airflow/dags/one_task_dag.py
[2026-01-03T14:53:33.282+0000] {logging_mixin.py:150} INFO - [2026-01-03T14:53:33.281+0000] {dagbag.py:350} ERROR - Failed to import: /workspaces/hands-on-introduction-data-engineering-4395021/airflow/dags/one_task_dag.py
Traceback (most recent call last):
  File "/home/vscode/.local/lib/python3.10/site-packages/airflow/models/dagbag.py", line 346, in parse
    loader.exec_module(new_module)
  File "<frozen importlib._bootstrap_external>", line 879, in exec_module
  File "<frozen importlib._bootstrap_external>", line 1017, in get_code
  File "<frozen importlib._bootstrap_external>", line 947, in source_to_code
  File "<frozen importlib._bootstrap>", line 241, in _call_with_frames_removed
  File "/workspaces/hands-on-introduction-data-engineering-4395021/airflow/dags/one_task_dag.py", line 21
    dag=dag)
           ^
SyntaxError: positional argument follows keyword argument
[2026-01-03T14:53:33.282+0000] {processor.py:838} WARNING - No viable dags retrieved from /workspaces/hands-on-introduction-data-engineering-4395021/airflow/dags/one_task_dag.py
[2026-01-03T14:53:33.301+0000] {processor.py:179} INFO - Processing /workspaces/hands-on-introduction-data-engineering-4395021/airflow/dags/one_task_dag.py took 0.026 seconds
[2026-01-03T14:53:35.526+0000] {processor.py:157} INFO - Started process (PID=39239) to work on /workspaces/hands-on-introduction-data-engineering-4395021/airflow/dags/one_task_dag.py
[2026-01-03T14:53:35.527+0000] {processor.py:826} INFO - Processing file /workspaces/hands-on-introduction-data-engineering-4395021/airflow/dags/one_task_dag.py for tasks to queue
[2026-01-03T14:53:35.527+0000] {logging_mixin.py:150} INFO - [2026-01-03T14:53:35.527+0000] {dagbag.py:541} INFO - Filling up the DagBag from /workspaces/hands-on-introduction-data-engineering-4395021/airflow/dags/one_task_dag.py
[2026-01-03T14:53:35.530+0000] {logging_mixin.py:150} INFO - [2026-01-03T14:53:35.529+0000] {dagbag.py:350} ERROR - Failed to import: /workspaces/hands-on-introduction-data-engineering-4395021/airflow/dags/one_task_dag.py
Traceback (most recent call last):
  File "/home/vscode/.local/lib/python3.10/site-packages/airflow/models/dagbag.py", line 346, in parse
    loader.exec_module(new_module)
  File "<frozen importlib._bootstrap_external>", line 879, in exec_module
  File "<frozen importlib._bootstrap_external>", line 1017, in get_code
  File "<frozen importlib._bootstrap_external>", line 947, in source_to_code
  File "<frozen importlib._bootstrap>", line 241, in _call_with_frames_removed
  File "/workspaces/hands-on-introduction-data-engineering-4395021/airflow/dags/one_task_dag.py", line 21
    dag=dag)
       ^
SyntaxError: positional argument follows keyword argument
[2026-01-03T14:53:35.530+0000] {processor.py:838} WARNING - No viable dags retrieved from /workspaces/hands-on-introduction-data-engineering-4395021/airflow/dags/one_task_dag.py
[2026-01-03T14:53:35.545+0000] {processor.py:179} INFO - Processing /workspaces/hands-on-introduction-data-engineering-4395021/airflow/dags/one_task_dag.py took 0.022 seconds
[2026-01-03T14:53:41.790+0000] {processor.py:157} INFO - Started process (PID=39275) to work on /workspaces/hands-on-introduction-data-engineering-4395021/airflow/dags/one_task_dag.py
[2026-01-03T14:53:41.790+0000] {processor.py:826} INFO - Processing file /workspaces/hands-on-introduction-data-engineering-4395021/airflow/dags/one_task_dag.py for tasks to queue
[2026-01-03T14:53:41.791+0000] {logging_mixin.py:150} INFO - [2026-01-03T14:53:41.791+0000] {dagbag.py:541} INFO - Filling up the DagBag from /workspaces/hands-on-introduction-data-engineering-4395021/airflow/dags/one_task_dag.py
[2026-01-03T14:53:41.794+0000] {logging_mixin.py:150} INFO - [2026-01-03T14:53:41.793+0000] {dagbag.py:350} ERROR - Failed to import: /workspaces/hands-on-introduction-data-engineering-4395021/airflow/dags/one_task_dag.py
Traceback (most recent call last):
  File "/home/vscode/.local/lib/python3.10/site-packages/airflow/models/dagbag.py", line 346, in parse
    loader.exec_module(new_module)
  File "<frozen importlib._bootstrap_external>", line 879, in exec_module
  File "<frozen importlib._bootstrap_external>", line 1017, in get_code
  File "<frozen importlib._bootstrap_external>", line 947, in source_to_code
  File "<frozen importlib._bootstrap>", line 241, in _call_with_frames_removed
  File "/workspaces/hands-on-introduction-data-engineering-4395021/airflow/dags/one_task_dag.py", line 21
    dag=dag)
       ^
SyntaxError: positional argument follows keyword argument
[2026-01-03T14:53:41.794+0000] {processor.py:838} WARNING - No viable dags retrieved from /workspaces/hands-on-introduction-data-engineering-4395021/airflow/dags/one_task_dag.py
[2026-01-03T14:53:41.809+0000] {processor.py:179} INFO - Processing /workspaces/hands-on-introduction-data-engineering-4395021/airflow/dags/one_task_dag.py took 0.022 seconds
[2026-01-03T14:53:45.397+0000] {processor.py:157} INFO - Started process (PID=39309) to work on /workspaces/hands-on-introduction-data-engineering-4395021/airflow/dags/one_task_dag.py
[2026-01-03T14:53:45.397+0000] {processor.py:826} INFO - Processing file /workspaces/hands-on-introduction-data-engineering-4395021/airflow/dags/one_task_dag.py for tasks to queue
[2026-01-03T14:53:45.398+0000] {logging_mixin.py:150} INFO - [2026-01-03T14:53:45.398+0000] {dagbag.py:541} INFO - Filling up the DagBag from /workspaces/hands-on-introduction-data-engineering-4395021/airflow/dags/one_task_dag.py
[2026-01-03T14:53:45.402+0000] {logging_mixin.py:150} INFO - [2026-01-03T14:53:45.401+0000] {dagbag.py:350} ERROR - Failed to import: /workspaces/hands-on-introduction-data-engineering-4395021/airflow/dags/one_task_dag.py
Traceback (most recent call last):
  File "/home/vscode/.local/lib/python3.10/site-packages/airflow/models/dagbag.py", line 346, in parse
    loader.exec_module(new_module)
  File "<frozen importlib._bootstrap_external>", line 883, in exec_module
  File "<frozen importlib._bootstrap>", line 241, in _call_with_frames_removed
  File "/workspaces/hands-on-introduction-data-engineering-4395021/airflow/dags/one_task_dag.py", line 15, in <module>
    with DAG(dag_id='One Task DAG',
  File "/home/vscode/.local/lib/python3.10/site-packages/airflow/models/dag.py", line 452, in __init__
    validate_key(dag_id)
  File "/home/vscode/.local/lib/python3.10/site-packages/airflow/utils/helpers.py", line 55, in validate_key
    raise AirflowException(
airflow.exceptions.AirflowException: The key 'One Task DAG' has to be made of alphanumeric characters, dashes, dots and underscores exclusively
[2026-01-03T14:53:45.403+0000] {processor.py:838} WARNING - No viable dags retrieved from /workspaces/hands-on-introduction-data-engineering-4395021/airflow/dags/one_task_dag.py
[2026-01-03T14:53:45.418+0000] {processor.py:179} INFO - Processing /workspaces/hands-on-introduction-data-engineering-4395021/airflow/dags/one_task_dag.py took 0.024 seconds
[2026-01-03T14:54:01.529+0000] {processor.py:157} INFO - Started process (PID=39413) to work on /workspaces/hands-on-introduction-data-engineering-4395021/airflow/dags/one_task_dag.py
[2026-01-03T14:54:01.530+0000] {processor.py:826} INFO - Processing file /workspaces/hands-on-introduction-data-engineering-4395021/airflow/dags/one_task_dag.py for tasks to queue
[2026-01-03T14:54:01.530+0000] {logging_mixin.py:150} INFO - [2026-01-03T14:54:01.530+0000] {dagbag.py:541} INFO - Filling up the DagBag from /workspaces/hands-on-introduction-data-engineering-4395021/airflow/dags/one_task_dag.py
[2026-01-03T14:54:01.534+0000] {logging_mixin.py:150} INFO - [2026-01-03T14:54:01.533+0000] {dagbag.py:350} ERROR - Failed to import: /workspaces/hands-on-introduction-data-engineering-4395021/airflow/dags/one_task_dag.py
Traceback (most recent call last):
  File "/home/vscode/.local/lib/python3.10/site-packages/airflow/models/dagbag.py", line 346, in parse
    loader.exec_module(new_module)
  File "<frozen importlib._bootstrap_external>", line 883, in exec_module
  File "<frozen importlib._bootstrap>", line 241, in _call_with_frames_removed
  File "/workspaces/hands-on-introduction-data-engineering-4395021/airflow/dags/one_task_dag.py", line 15, in <module>
    with DAG(dag_id='One Task DAG',
  File "/home/vscode/.local/lib/python3.10/site-packages/airflow/models/dag.py", line 452, in __init__
    validate_key(dag_id)
  File "/home/vscode/.local/lib/python3.10/site-packages/airflow/utils/helpers.py", line 55, in validate_key
    raise AirflowException(
airflow.exceptions.AirflowException: The key 'One Task DAG' has to be made of alphanumeric characters, dashes, dots and underscores exclusively
[2026-01-03T14:54:01.535+0000] {processor.py:838} WARNING - No viable dags retrieved from /workspaces/hands-on-introduction-data-engineering-4395021/airflow/dags/one_task_dag.py
[2026-01-03T14:54:01.550+0000] {processor.py:179} INFO - Processing /workspaces/hands-on-introduction-data-engineering-4395021/airflow/dags/one_task_dag.py took 0.024 seconds
[2026-01-03T14:54:31.719+0000] {processor.py:157} INFO - Started process (PID=39582) to work on /workspaces/hands-on-introduction-data-engineering-4395021/airflow/dags/one_task_dag.py
[2026-01-03T14:54:31.719+0000] {processor.py:826} INFO - Processing file /workspaces/hands-on-introduction-data-engineering-4395021/airflow/dags/one_task_dag.py for tasks to queue
[2026-01-03T14:54:31.720+0000] {logging_mixin.py:150} INFO - [2026-01-03T14:54:31.720+0000] {dagbag.py:541} INFO - Filling up the DagBag from /workspaces/hands-on-introduction-data-engineering-4395021/airflow/dags/one_task_dag.py
[2026-01-03T14:54:31.724+0000] {logging_mixin.py:150} INFO - [2026-01-03T14:54:31.722+0000] {dagbag.py:350} ERROR - Failed to import: /workspaces/hands-on-introduction-data-engineering-4395021/airflow/dags/one_task_dag.py
Traceback (most recent call last):
  File "/home/vscode/.local/lib/python3.10/site-packages/airflow/models/dagbag.py", line 346, in parse
    loader.exec_module(new_module)
  File "<frozen importlib._bootstrap_external>", line 883, in exec_module
  File "<frozen importlib._bootstrap>", line 241, in _call_with_frames_removed
  File "/workspaces/hands-on-introduction-data-engineering-4395021/airflow/dags/one_task_dag.py", line 15, in <module>
    with DAG(dag_id='One Task DAG',
  File "/home/vscode/.local/lib/python3.10/site-packages/airflow/models/dag.py", line 452, in __init__
    validate_key(dag_id)
  File "/home/vscode/.local/lib/python3.10/site-packages/airflow/utils/helpers.py", line 55, in validate_key
    raise AirflowException(
airflow.exceptions.AirflowException: The key 'One Task DAG' has to be made of alphanumeric characters, dashes, dots and underscores exclusively
[2026-01-03T14:54:31.724+0000] {processor.py:838} WARNING - No viable dags retrieved from /workspaces/hands-on-introduction-data-engineering-4395021/airflow/dags/one_task_dag.py
[2026-01-03T14:54:31.739+0000] {processor.py:179} INFO - Processing /workspaces/hands-on-introduction-data-engineering-4395021/airflow/dags/one_task_dag.py took 0.023 seconds
[2026-01-03T14:55:01.919+0000] {processor.py:157} INFO - Started process (PID=39787) to work on /workspaces/hands-on-introduction-data-engineering-4395021/airflow/dags/one_task_dag.py
[2026-01-03T14:55:01.920+0000] {processor.py:826} INFO - Processing file /workspaces/hands-on-introduction-data-engineering-4395021/airflow/dags/one_task_dag.py for tasks to queue
[2026-01-03T14:55:01.921+0000] {logging_mixin.py:150} INFO - [2026-01-03T14:55:01.921+0000] {dagbag.py:541} INFO - Filling up the DagBag from /workspaces/hands-on-introduction-data-engineering-4395021/airflow/dags/one_task_dag.py
[2026-01-03T14:55:01.924+0000] {logging_mixin.py:150} INFO - [2026-01-03T14:55:01.923+0000] {dagbag.py:350} ERROR - Failed to import: /workspaces/hands-on-introduction-data-engineering-4395021/airflow/dags/one_task_dag.py
Traceback (most recent call last):
  File "/home/vscode/.local/lib/python3.10/site-packages/airflow/models/dagbag.py", line 346, in parse
    loader.exec_module(new_module)
  File "<frozen importlib._bootstrap_external>", line 883, in exec_module
  File "<frozen importlib._bootstrap>", line 241, in _call_with_frames_removed
  File "/workspaces/hands-on-introduction-data-engineering-4395021/airflow/dags/one_task_dag.py", line 15, in <module>
    with DAG(dag_id='One Task DAG',
  File "/home/vscode/.local/lib/python3.10/site-packages/airflow/models/dag.py", line 452, in __init__
    validate_key(dag_id)
  File "/home/vscode/.local/lib/python3.10/site-packages/airflow/utils/helpers.py", line 55, in validate_key
    raise AirflowException(
airflow.exceptions.AirflowException: The key 'One Task DAG' has to be made of alphanumeric characters, dashes, dots and underscores exclusively
[2026-01-03T14:55:01.925+0000] {processor.py:838} WARNING - No viable dags retrieved from /workspaces/hands-on-introduction-data-engineering-4395021/airflow/dags/one_task_dag.py
[2026-01-03T14:55:01.940+0000] {processor.py:179} INFO - Processing /workspaces/hands-on-introduction-data-engineering-4395021/airflow/dags/one_task_dag.py took 0.023 seconds
[2026-01-03T14:55:32.137+0000] {processor.py:157} INFO - Started process (PID=40075) to work on /workspaces/hands-on-introduction-data-engineering-4395021/airflow/dags/one_task_dag.py
[2026-01-03T14:55:32.138+0000] {processor.py:826} INFO - Processing file /workspaces/hands-on-introduction-data-engineering-4395021/airflow/dags/one_task_dag.py for tasks to queue
[2026-01-03T14:55:32.139+0000] {logging_mixin.py:150} INFO - [2026-01-03T14:55:32.139+0000] {dagbag.py:541} INFO - Filling up the DagBag from /workspaces/hands-on-introduction-data-engineering-4395021/airflow/dags/one_task_dag.py
[2026-01-03T14:55:32.143+0000] {logging_mixin.py:150} INFO - [2026-01-03T14:55:32.141+0000] {dagbag.py:350} ERROR - Failed to import: /workspaces/hands-on-introduction-data-engineering-4395021/airflow/dags/one_task_dag.py
Traceback (most recent call last):
  File "/home/vscode/.local/lib/python3.10/site-packages/airflow/models/dagbag.py", line 346, in parse
    loader.exec_module(new_module)
  File "<frozen importlib._bootstrap_external>", line 883, in exec_module
  File "<frozen importlib._bootstrap>", line 241, in _call_with_frames_removed
  File "/workspaces/hands-on-introduction-data-engineering-4395021/airflow/dags/one_task_dag.py", line 15, in <module>
    with DAG(dag_id='One Task DAG',
  File "/home/vscode/.local/lib/python3.10/site-packages/airflow/models/dag.py", line 452, in __init__
    validate_key(dag_id)
  File "/home/vscode/.local/lib/python3.10/site-packages/airflow/utils/helpers.py", line 55, in validate_key
    raise AirflowException(
airflow.exceptions.AirflowException: The key 'One Task DAG' has to be made of alphanumeric characters, dashes, dots and underscores exclusively
[2026-01-03T14:55:32.143+0000] {processor.py:838} WARNING - No viable dags retrieved from /workspaces/hands-on-introduction-data-engineering-4395021/airflow/dags/one_task_dag.py
[2026-01-03T14:55:32.158+0000] {processor.py:179} INFO - Processing /workspaces/hands-on-introduction-data-engineering-4395021/airflow/dags/one_task_dag.py took 0.023 seconds
[2026-01-03T14:56:02.323+0000] {processor.py:157} INFO - Started process (PID=40444) to work on /workspaces/hands-on-introduction-data-engineering-4395021/airflow/dags/one_task_dag.py
[2026-01-03T14:56:02.324+0000] {processor.py:826} INFO - Processing file /workspaces/hands-on-introduction-data-engineering-4395021/airflow/dags/one_task_dag.py for tasks to queue
[2026-01-03T14:56:02.324+0000] {logging_mixin.py:150} INFO - [2026-01-03T14:56:02.324+0000] {dagbag.py:541} INFO - Filling up the DagBag from /workspaces/hands-on-introduction-data-engineering-4395021/airflow/dags/one_task_dag.py
[2026-01-03T14:56:02.328+0000] {logging_mixin.py:150} INFO - [2026-01-03T14:56:02.326+0000] {dagbag.py:350} ERROR - Failed to import: /workspaces/hands-on-introduction-data-engineering-4395021/airflow/dags/one_task_dag.py
Traceback (most recent call last):
  File "/home/vscode/.local/lib/python3.10/site-packages/airflow/models/dagbag.py", line 346, in parse
    loader.exec_module(new_module)
  File "<frozen importlib._bootstrap_external>", line 883, in exec_module
  File "<frozen importlib._bootstrap>", line 241, in _call_with_frames_removed
  File "/workspaces/hands-on-introduction-data-engineering-4395021/airflow/dags/one_task_dag.py", line 15, in <module>
    with DAG(dag_id='One Task DAG',
  File "/home/vscode/.local/lib/python3.10/site-packages/airflow/models/dag.py", line 452, in __init__
    validate_key(dag_id)
  File "/home/vscode/.local/lib/python3.10/site-packages/airflow/utils/helpers.py", line 55, in validate_key
    raise AirflowException(
airflow.exceptions.AirflowException: The key 'One Task DAG' has to be made of alphanumeric characters, dashes, dots and underscores exclusively
[2026-01-03T14:56:02.329+0000] {processor.py:838} WARNING - No viable dags retrieved from /workspaces/hands-on-introduction-data-engineering-4395021/airflow/dags/one_task_dag.py
[2026-01-03T14:56:02.342+0000] {processor.py:179} INFO - Processing /workspaces/hands-on-introduction-data-engineering-4395021/airflow/dags/one_task_dag.py took 0.022 seconds
[2026-01-03T14:56:32.515+0000] {processor.py:157} INFO - Started process (PID=40715) to work on /workspaces/hands-on-introduction-data-engineering-4395021/airflow/dags/one_task_dag.py
[2026-01-03T14:56:32.516+0000] {processor.py:826} INFO - Processing file /workspaces/hands-on-introduction-data-engineering-4395021/airflow/dags/one_task_dag.py for tasks to queue
[2026-01-03T14:56:32.517+0000] {logging_mixin.py:150} INFO - [2026-01-03T14:56:32.516+0000] {dagbag.py:541} INFO - Filling up the DagBag from /workspaces/hands-on-introduction-data-engineering-4395021/airflow/dags/one_task_dag.py
[2026-01-03T14:56:32.520+0000] {logging_mixin.py:150} INFO - [2026-01-03T14:56:32.519+0000] {dagbag.py:350} ERROR - Failed to import: /workspaces/hands-on-introduction-data-engineering-4395021/airflow/dags/one_task_dag.py
Traceback (most recent call last):
  File "/home/vscode/.local/lib/python3.10/site-packages/airflow/models/dagbag.py", line 346, in parse
    loader.exec_module(new_module)
  File "<frozen importlib._bootstrap_external>", line 883, in exec_module
  File "<frozen importlib._bootstrap>", line 241, in _call_with_frames_removed
  File "/workspaces/hands-on-introduction-data-engineering-4395021/airflow/dags/one_task_dag.py", line 15, in <module>
    with DAG(dag_id='One Task DAG',
  File "/home/vscode/.local/lib/python3.10/site-packages/airflow/models/dag.py", line 452, in __init__
    validate_key(dag_id)
  File "/home/vscode/.local/lib/python3.10/site-packages/airflow/utils/helpers.py", line 55, in validate_key
    raise AirflowException(
airflow.exceptions.AirflowException: The key 'One Task DAG' has to be made of alphanumeric characters, dashes, dots and underscores exclusively
[2026-01-03T14:56:32.520+0000] {processor.py:838} WARNING - No viable dags retrieved from /workspaces/hands-on-introduction-data-engineering-4395021/airflow/dags/one_task_dag.py
[2026-01-03T14:56:32.535+0000] {processor.py:179} INFO - Processing /workspaces/hands-on-introduction-data-engineering-4395021/airflow/dags/one_task_dag.py took 0.023 seconds
[2026-01-03T14:57:02.715+0000] {processor.py:157} INFO - Started process (PID=41009) to work on /workspaces/hands-on-introduction-data-engineering-4395021/airflow/dags/one_task_dag.py
[2026-01-03T14:57:02.715+0000] {processor.py:826} INFO - Processing file /workspaces/hands-on-introduction-data-engineering-4395021/airflow/dags/one_task_dag.py for tasks to queue
[2026-01-03T14:57:02.716+0000] {logging_mixin.py:150} INFO - [2026-01-03T14:57:02.716+0000] {dagbag.py:541} INFO - Filling up the DagBag from /workspaces/hands-on-introduction-data-engineering-4395021/airflow/dags/one_task_dag.py
[2026-01-03T14:57:02.720+0000] {logging_mixin.py:150} INFO - [2026-01-03T14:57:02.718+0000] {dagbag.py:350} ERROR - Failed to import: /workspaces/hands-on-introduction-data-engineering-4395021/airflow/dags/one_task_dag.py
Traceback (most recent call last):
  File "/home/vscode/.local/lib/python3.10/site-packages/airflow/models/dagbag.py", line 346, in parse
    loader.exec_module(new_module)
  File "<frozen importlib._bootstrap_external>", line 883, in exec_module
  File "<frozen importlib._bootstrap>", line 241, in _call_with_frames_removed
  File "/workspaces/hands-on-introduction-data-engineering-4395021/airflow/dags/one_task_dag.py", line 15, in <module>
    with DAG(dag_id='One Task DAG',
  File "/home/vscode/.local/lib/python3.10/site-packages/airflow/models/dag.py", line 452, in __init__
    validate_key(dag_id)
  File "/home/vscode/.local/lib/python3.10/site-packages/airflow/utils/helpers.py", line 55, in validate_key
    raise AirflowException(
airflow.exceptions.AirflowException: The key 'One Task DAG' has to be made of alphanumeric characters, dashes, dots and underscores exclusively
[2026-01-03T14:57:02.720+0000] {processor.py:838} WARNING - No viable dags retrieved from /workspaces/hands-on-introduction-data-engineering-4395021/airflow/dags/one_task_dag.py
[2026-01-03T14:57:02.734+0000] {processor.py:179} INFO - Processing /workspaces/hands-on-introduction-data-engineering-4395021/airflow/dags/one_task_dag.py took 0.023 seconds
[2026-01-03T14:57:11.170+0000] {processor.py:157} INFO - Started process (PID=41070) to work on /workspaces/hands-on-introduction-data-engineering-4395021/airflow/dags/one_task_dag.py
[2026-01-03T14:57:11.171+0000] {processor.py:826} INFO - Processing file /workspaces/hands-on-introduction-data-engineering-4395021/airflow/dags/one_task_dag.py for tasks to queue
[2026-01-03T14:57:11.171+0000] {logging_mixin.py:150} INFO - [2026-01-03T14:57:11.171+0000] {dagbag.py:541} INFO - Filling up the DagBag from /workspaces/hands-on-introduction-data-engineering-4395021/airflow/dags/one_task_dag.py
[2026-01-03T14:57:11.175+0000] {logging_mixin.py:150} INFO - [2026-01-03T14:57:11.174+0000] {dagbag.py:350} ERROR - Failed to import: /workspaces/hands-on-introduction-data-engineering-4395021/airflow/dags/one_task_dag.py
Traceback (most recent call last):
  File "/home/vscode/.local/lib/python3.10/site-packages/airflow/models/dagbag.py", line 346, in parse
    loader.exec_module(new_module)
  File "<frozen importlib._bootstrap_external>", line 883, in exec_module
  File "<frozen importlib._bootstrap>", line 241, in _call_with_frames_removed
  File "/workspaces/hands-on-introduction-data-engineering-4395021/airflow/dags/one_task_dag.py", line 15, in <module>
    with DAG(dag_id='One_Task DAG',
  File "/home/vscode/.local/lib/python3.10/site-packages/airflow/models/dag.py", line 452, in __init__
    validate_key(dag_id)
  File "/home/vscode/.local/lib/python3.10/site-packages/airflow/utils/helpers.py", line 55, in validate_key
    raise AirflowException(
airflow.exceptions.AirflowException: The key 'One_Task DAG' has to be made of alphanumeric characters, dashes, dots and underscores exclusively
[2026-01-03T14:57:11.176+0000] {processor.py:838} WARNING - No viable dags retrieved from /workspaces/hands-on-introduction-data-engineering-4395021/airflow/dags/one_task_dag.py
[2026-01-03T14:57:11.192+0000] {processor.py:179} INFO - Processing /workspaces/hands-on-introduction-data-engineering-4395021/airflow/dags/one_task_dag.py took 0.025 seconds
[2026-01-03T14:57:14.735+0000] {processor.py:157} INFO - Started process (PID=41087) to work on /workspaces/hands-on-introduction-data-engineering-4395021/airflow/dags/one_task_dag.py
[2026-01-03T14:57:14.736+0000] {processor.py:826} INFO - Processing file /workspaces/hands-on-introduction-data-engineering-4395021/airflow/dags/one_task_dag.py for tasks to queue
[2026-01-03T14:57:14.737+0000] {logging_mixin.py:150} INFO - [2026-01-03T14:57:14.737+0000] {dagbag.py:541} INFO - Filling up the DagBag from /workspaces/hands-on-introduction-data-engineering-4395021/airflow/dags/one_task_dag.py
[2026-01-03T14:57:14.744+0000] {logging_mixin.py:150} INFO - [2026-01-03T14:57:14.743+0000] {dagbag.py:350} ERROR - Failed to import: /workspaces/hands-on-introduction-data-engineering-4395021/airflow/dags/one_task_dag.py
Traceback (most recent call last):
  File "/home/vscode/.local/lib/python3.10/site-packages/airflow/models/dagbag.py", line 346, in parse
    loader.exec_module(new_module)
  File "<frozen importlib._bootstrap_external>", line 883, in exec_module
  File "<frozen importlib._bootstrap>", line 241, in _call_with_frames_removed
  File "/workspaces/hands-on-introduction-data-engineering-4395021/airflow/dags/one_task_dag.py", line 19, in <module>
    task1=BaseOperator(task_id='task_one',
  File "/home/vscode/.local/lib/python3.10/site-packages/airflow/models/baseoperator.py", line 429, in apply_defaults
    result = func(self, **kwargs, default_args=default_args)
  File "/home/vscode/.local/lib/python3.10/site-packages/airflow/models/baseoperator.py", line 788, in __init__
    raise AirflowException(
airflow.exceptions.AirflowException: Invalid arguments were passed to BaseOperator (task_id: task_one). Invalid arguments were:
**kwargs: {'bash_command': 'echo "Hello DAG World!!!" > /workspaces/hands-on-introduction-data-engineering-4395021/lab/temp/One_Task.txt'}
[2026-01-03T14:57:14.744+0000] {processor.py:838} WARNING - No viable dags retrieved from /workspaces/hands-on-introduction-data-engineering-4395021/airflow/dags/one_task_dag.py
[2026-01-03T14:57:14.759+0000] {processor.py:179} INFO - Processing /workspaces/hands-on-introduction-data-engineering-4395021/airflow/dags/one_task_dag.py took 0.026 seconds
[2026-01-03T14:57:33.831+0000] {processor.py:157} INFO - Started process (PID=41217) to work on /workspaces/hands-on-introduction-data-engineering-4395021/airflow/dags/one_task_dag.py
[2026-01-03T14:57:33.832+0000] {processor.py:826} INFO - Processing file /workspaces/hands-on-introduction-data-engineering-4395021/airflow/dags/one_task_dag.py for tasks to queue
[2026-01-03T14:57:33.833+0000] {logging_mixin.py:150} INFO - [2026-01-03T14:57:33.833+0000] {dagbag.py:541} INFO - Filling up the DagBag from /workspaces/hands-on-introduction-data-engineering-4395021/airflow/dags/one_task_dag.py
[2026-01-03T14:57:33.839+0000] {logging_mixin.py:150} INFO - [2026-01-03T14:57:33.838+0000] {dagbag.py:350} ERROR - Failed to import: /workspaces/hands-on-introduction-data-engineering-4395021/airflow/dags/one_task_dag.py
Traceback (most recent call last):
  File "/home/vscode/.local/lib/python3.10/site-packages/airflow/models/dagbag.py", line 346, in parse
    loader.exec_module(new_module)
  File "<frozen importlib._bootstrap_external>", line 883, in exec_module
  File "<frozen importlib._bootstrap>", line 241, in _call_with_frames_removed
  File "/workspaces/hands-on-introduction-data-engineering-4395021/airflow/dags/one_task_dag.py", line 19, in <module>
    task1=BaseOperator(task_id='task_one',
  File "/home/vscode/.local/lib/python3.10/site-packages/airflow/models/baseoperator.py", line 429, in apply_defaults
    result = func(self, **kwargs, default_args=default_args)
  File "/home/vscode/.local/lib/python3.10/site-packages/airflow/models/baseoperator.py", line 788, in __init__
    raise AirflowException(
airflow.exceptions.AirflowException: Invalid arguments were passed to BaseOperator (task_id: task_one). Invalid arguments were:
**kwargs: {'bash_command': 'echo "Hello DAG World!!!" > /workspaces/hands-on-introduction-data-engineering-4395021/lab/temp/One_Task.txt'}
[2026-01-03T14:57:33.840+0000] {processor.py:838} WARNING - No viable dags retrieved from /workspaces/hands-on-introduction-data-engineering-4395021/airflow/dags/one_task_dag.py
[2026-01-03T14:57:33.854+0000] {processor.py:179} INFO - Processing /workspaces/hands-on-introduction-data-engineering-4395021/airflow/dags/one_task_dag.py took 0.025 seconds
[2026-01-03T14:58:04.130+0000] {processor.py:157} INFO - Started process (PID=41607) to work on /workspaces/hands-on-introduction-data-engineering-4395021/airflow/dags/one_task_dag.py
[2026-01-03T14:58:04.130+0000] {processor.py:826} INFO - Processing file /workspaces/hands-on-introduction-data-engineering-4395021/airflow/dags/one_task_dag.py for tasks to queue
[2026-01-03T14:58:04.131+0000] {logging_mixin.py:150} INFO - [2026-01-03T14:58:04.131+0000] {dagbag.py:541} INFO - Filling up the DagBag from /workspaces/hands-on-introduction-data-engineering-4395021/airflow/dags/one_task_dag.py
[2026-01-03T14:58:04.137+0000] {logging_mixin.py:150} INFO - [2026-01-03T14:58:04.136+0000] {dagbag.py:350} ERROR - Failed to import: /workspaces/hands-on-introduction-data-engineering-4395021/airflow/dags/one_task_dag.py
Traceback (most recent call last):
  File "/home/vscode/.local/lib/python3.10/site-packages/airflow/models/dagbag.py", line 346, in parse
    loader.exec_module(new_module)
  File "<frozen importlib._bootstrap_external>", line 883, in exec_module
  File "<frozen importlib._bootstrap>", line 241, in _call_with_frames_removed
  File "/workspaces/hands-on-introduction-data-engineering-4395021/airflow/dags/one_task_dag.py", line 19, in <module>
    task1=BaseOperator(task_id='task_one',
  File "/home/vscode/.local/lib/python3.10/site-packages/airflow/models/baseoperator.py", line 429, in apply_defaults
    result = func(self, **kwargs, default_args=default_args)
  File "/home/vscode/.local/lib/python3.10/site-packages/airflow/models/baseoperator.py", line 788, in __init__
    raise AirflowException(
airflow.exceptions.AirflowException: Invalid arguments were passed to BaseOperator (task_id: task_one). Invalid arguments were:
**kwargs: {'bash_command': 'echo "Hello DAG World!!!" > /workspaces/hands-on-introduction-data-engineering-4395021/lab/temp/One_Task.txt'}
[2026-01-03T14:58:04.138+0000] {processor.py:838} WARNING - No viable dags retrieved from /workspaces/hands-on-introduction-data-engineering-4395021/airflow/dags/one_task_dag.py
[2026-01-03T14:58:04.151+0000] {processor.py:179} INFO - Processing /workspaces/hands-on-introduction-data-engineering-4395021/airflow/dags/one_task_dag.py took 0.024 seconds
[2026-01-03T14:58:34.427+0000] {processor.py:157} INFO - Started process (PID=41813) to work on /workspaces/hands-on-introduction-data-engineering-4395021/airflow/dags/one_task_dag.py
[2026-01-03T14:58:34.428+0000] {processor.py:826} INFO - Processing file /workspaces/hands-on-introduction-data-engineering-4395021/airflow/dags/one_task_dag.py for tasks to queue
[2026-01-03T14:58:34.429+0000] {logging_mixin.py:150} INFO - [2026-01-03T14:58:34.428+0000] {dagbag.py:541} INFO - Filling up the DagBag from /workspaces/hands-on-introduction-data-engineering-4395021/airflow/dags/one_task_dag.py
[2026-01-03T14:58:34.434+0000] {logging_mixin.py:150} INFO - [2026-01-03T14:58:34.433+0000] {dagbag.py:350} ERROR - Failed to import: /workspaces/hands-on-introduction-data-engineering-4395021/airflow/dags/one_task_dag.py
Traceback (most recent call last):
  File "/home/vscode/.local/lib/python3.10/site-packages/airflow/models/dagbag.py", line 346, in parse
    loader.exec_module(new_module)
  File "<frozen importlib._bootstrap_external>", line 883, in exec_module
  File "<frozen importlib._bootstrap>", line 241, in _call_with_frames_removed
  File "/workspaces/hands-on-introduction-data-engineering-4395021/airflow/dags/one_task_dag.py", line 19, in <module>
    task1=BaseOperator(task_id='task_one',
  File "/home/vscode/.local/lib/python3.10/site-packages/airflow/models/baseoperator.py", line 429, in apply_defaults
    result = func(self, **kwargs, default_args=default_args)
  File "/home/vscode/.local/lib/python3.10/site-packages/airflow/models/baseoperator.py", line 788, in __init__
    raise AirflowException(
airflow.exceptions.AirflowException: Invalid arguments were passed to BaseOperator (task_id: task_one). Invalid arguments were:
**kwargs: {'bash_command': 'echo "Hello DAG World!!!" > /workspaces/hands-on-introduction-data-engineering-4395021/lab/temp/One_Task.txt'}
[2026-01-03T14:58:34.435+0000] {processor.py:838} WARNING - No viable dags retrieved from /workspaces/hands-on-introduction-data-engineering-4395021/airflow/dags/one_task_dag.py
[2026-01-03T14:58:34.448+0000] {processor.py:179} INFO - Processing /workspaces/hands-on-introduction-data-engineering-4395021/airflow/dags/one_task_dag.py took 0.024 seconds
[2026-01-03T14:59:04.723+0000] {processor.py:157} INFO - Started process (PID=42012) to work on /workspaces/hands-on-introduction-data-engineering-4395021/airflow/dags/one_task_dag.py
[2026-01-03T14:59:04.724+0000] {processor.py:826} INFO - Processing file /workspaces/hands-on-introduction-data-engineering-4395021/airflow/dags/one_task_dag.py for tasks to queue
[2026-01-03T14:59:04.725+0000] {logging_mixin.py:150} INFO - [2026-01-03T14:59:04.724+0000] {dagbag.py:541} INFO - Filling up the DagBag from /workspaces/hands-on-introduction-data-engineering-4395021/airflow/dags/one_task_dag.py
[2026-01-03T14:59:04.730+0000] {logging_mixin.py:150} INFO - [2026-01-03T14:59:04.730+0000] {dagbag.py:350} ERROR - Failed to import: /workspaces/hands-on-introduction-data-engineering-4395021/airflow/dags/one_task_dag.py
Traceback (most recent call last):
  File "/home/vscode/.local/lib/python3.10/site-packages/airflow/models/dagbag.py", line 346, in parse
    loader.exec_module(new_module)
  File "<frozen importlib._bootstrap_external>", line 883, in exec_module
  File "<frozen importlib._bootstrap>", line 241, in _call_with_frames_removed
  File "/workspaces/hands-on-introduction-data-engineering-4395021/airflow/dags/one_task_dag.py", line 19, in <module>
    task1=BaseOperator(task_id='task_one',
  File "/home/vscode/.local/lib/python3.10/site-packages/airflow/models/baseoperator.py", line 429, in apply_defaults
    result = func(self, **kwargs, default_args=default_args)
  File "/home/vscode/.local/lib/python3.10/site-packages/airflow/models/baseoperator.py", line 788, in __init__
    raise AirflowException(
airflow.exceptions.AirflowException: Invalid arguments were passed to BaseOperator (task_id: task_one). Invalid arguments were:
**kwargs: {'bash_command': 'echo "Hello DAG World!!!" > /workspaces/hands-on-introduction-data-engineering-4395021/lab/temp/One_Task.txt'}
[2026-01-03T14:59:04.731+0000] {processor.py:838} WARNING - No viable dags retrieved from /workspaces/hands-on-introduction-data-engineering-4395021/airflow/dags/one_task_dag.py
[2026-01-03T14:59:04.744+0000] {processor.py:179} INFO - Processing /workspaces/hands-on-introduction-data-engineering-4395021/airflow/dags/one_task_dag.py took 0.024 seconds
[2026-01-03T14:59:26.015+0000] {processor.py:157} INFO - Started process (PID=42150) to work on /workspaces/hands-on-introduction-data-engineering-4395021/airflow/dags/one_task_dag.py
[2026-01-03T14:59:26.016+0000] {processor.py:826} INFO - Processing file /workspaces/hands-on-introduction-data-engineering-4395021/airflow/dags/one_task_dag.py for tasks to queue
[2026-01-03T14:59:26.016+0000] {logging_mixin.py:150} INFO - [2026-01-03T14:59:26.016+0000] {dagbag.py:541} INFO - Filling up the DagBag from /workspaces/hands-on-introduction-data-engineering-4395021/airflow/dags/one_task_dag.py
[2026-01-03T14:59:26.022+0000] {logging_mixin.py:150} INFO - [2026-01-03T14:59:26.021+0000] {dagbag.py:350} ERROR - Failed to import: /workspaces/hands-on-introduction-data-engineering-4395021/airflow/dags/one_task_dag.py
Traceback (most recent call last):
  File "/home/vscode/.local/lib/python3.10/site-packages/airflow/models/dagbag.py", line 346, in parse
    loader.exec_module(new_module)
  File "<frozen importlib._bootstrap_external>", line 883, in exec_module
  File "<frozen importlib._bootstrap>", line 241, in _call_with_frames_removed
  File "/workspaces/hands-on-introduction-data-engineering-4395021/airflow/dags/one_task_dag.py", line 19, in <module>
    task1=BaseOperator(task_id='task_one',
  File "/home/vscode/.local/lib/python3.10/site-packages/airflow/models/baseoperator.py", line 429, in apply_defaults
    result = func(self, **kwargs, default_args=default_args)
  File "/home/vscode/.local/lib/python3.10/site-packages/airflow/models/baseoperator.py", line 788, in __init__
    raise AirflowException(
airflow.exceptions.AirflowException: Invalid arguments were passed to BaseOperator (task_id: task_one). Invalid arguments were:
**kwargs: {'bash_command': 'echo "Hello DAG World!!!" '}
[2026-01-03T14:59:26.022+0000] {processor.py:838} WARNING - No viable dags retrieved from /workspaces/hands-on-introduction-data-engineering-4395021/airflow/dags/one_task_dag.py
[2026-01-03T14:59:26.036+0000] {processor.py:179} INFO - Processing /workspaces/hands-on-introduction-data-engineering-4395021/airflow/dags/one_task_dag.py took 0.025 seconds
[2026-01-03T14:59:33.092+0000] {processor.py:157} INFO - Started process (PID=42210) to work on /workspaces/hands-on-introduction-data-engineering-4395021/airflow/dags/one_task_dag.py
[2026-01-03T14:59:33.093+0000] {processor.py:826} INFO - Processing file /workspaces/hands-on-introduction-data-engineering-4395021/airflow/dags/one_task_dag.py for tasks to queue
[2026-01-03T14:59:33.094+0000] {logging_mixin.py:150} INFO - [2026-01-03T14:59:33.094+0000] {dagbag.py:541} INFO - Filling up the DagBag from /workspaces/hands-on-introduction-data-engineering-4395021/airflow/dags/one_task_dag.py
[2026-01-03T14:59:33.101+0000] {logging_mixin.py:150} INFO - [2026-01-03T14:59:33.100+0000] {dagbag.py:350} ERROR - Failed to import: /workspaces/hands-on-introduction-data-engineering-4395021/airflow/dags/one_task_dag.py
Traceback (most recent call last):
  File "/home/vscode/.local/lib/python3.10/site-packages/airflow/models/dagbag.py", line 346, in parse
    loader.exec_module(new_module)
  File "<frozen importlib._bootstrap_external>", line 883, in exec_module
  File "<frozen importlib._bootstrap>", line 241, in _call_with_frames_removed
  File "/workspaces/hands-on-introduction-data-engineering-4395021/airflow/dags/one_task_dag.py", line 19, in <module>
    task1=BaseOperator(task_id='task_one',
  File "/home/vscode/.local/lib/python3.10/site-packages/airflow/models/baseoperator.py", line 429, in apply_defaults
    result = func(self, **kwargs, default_args=default_args)
  File "/home/vscode/.local/lib/python3.10/site-packages/airflow/models/baseoperator.py", line 788, in __init__
    raise AirflowException(
airflow.exceptions.AirflowException: Invalid arguments were passed to BaseOperator (task_id: task_one). Invalid arguments were:
**kwargs: {'bash_command': 'echo "Hello DAG World!!!" '}
[2026-01-03T14:59:33.102+0000] {processor.py:838} WARNING - No viable dags retrieved from /workspaces/hands-on-introduction-data-engineering-4395021/airflow/dags/one_task_dag.py
[2026-01-03T14:59:33.117+0000] {processor.py:179} INFO - Processing /workspaces/hands-on-introduction-data-engineering-4395021/airflow/dags/one_task_dag.py took 0.027 seconds
[2026-01-03T15:00:01.280+0000] {processor.py:157} INFO - Started process (PID=42553) to work on /workspaces/hands-on-introduction-data-engineering-4395021/airflow/dags/one_task_dag.py
[2026-01-03T15:00:01.283+0000] {processor.py:826} INFO - Processing file /workspaces/hands-on-introduction-data-engineering-4395021/airflow/dags/one_task_dag.py for tasks to queue
[2026-01-03T15:00:01.286+0000] {logging_mixin.py:150} INFO - [2026-01-03T15:00:01.286+0000] {dagbag.py:541} INFO - Filling up the DagBag from /workspaces/hands-on-introduction-data-engineering-4395021/airflow/dags/one_task_dag.py
[2026-01-03T15:00:01.296+0000] {logging_mixin.py:150} INFO - [2026-01-03T15:00:01.295+0000] {dagbag.py:350} ERROR - Failed to import: /workspaces/hands-on-introduction-data-engineering-4395021/airflow/dags/one_task_dag.py
Traceback (most recent call last):
  File "/home/vscode/.local/lib/python3.10/site-packages/airflow/models/dagbag.py", line 346, in parse
    loader.exec_module(new_module)
  File "<frozen importlib._bootstrap_external>", line 879, in exec_module
  File "<frozen importlib._bootstrap_external>", line 1017, in get_code
  File "<frozen importlib._bootstrap_external>", line 947, in source_to_code
  File "<frozen importlib._bootstrap>", line 241, in _call_with_frames_removed
  File "/workspaces/hands-on-introduction-data-engineering-4395021/airflow/dags/one_task_dag.py", line 19
    task1=BaseOperator(task_id='task_one'
                               ^^^^
SyntaxError: invalid syntax. Perhaps you forgot a comma?
[2026-01-03T15:00:01.301+0000] {processor.py:838} WARNING - No viable dags retrieved from /workspaces/hands-on-introduction-data-engineering-4395021/airflow/dags/one_task_dag.py
[2026-01-03T15:00:01.377+0000] {processor.py:179} INFO - Processing /workspaces/hands-on-introduction-data-engineering-4395021/airflow/dags/one_task_dag.py took 0.114 seconds
[2026-01-03T15:00:02.563+0000] {processor.py:157} INFO - Started process (PID=42595) to work on /workspaces/hands-on-introduction-data-engineering-4395021/airflow/dags/one_task_dag.py
[2026-01-03T15:00:02.564+0000] {processor.py:826} INFO - Processing file /workspaces/hands-on-introduction-data-engineering-4395021/airflow/dags/one_task_dag.py for tasks to queue
[2026-01-03T15:00:02.564+0000] {logging_mixin.py:150} INFO - [2026-01-03T15:00:02.564+0000] {dagbag.py:541} INFO - Filling up the DagBag from /workspaces/hands-on-introduction-data-engineering-4395021/airflow/dags/one_task_dag.py
[2026-01-03T15:00:02.570+0000] {logging_mixin.py:150} INFO - [2026-01-03T15:00:02.569+0000] {dagbag.py:350} ERROR - Failed to import: /workspaces/hands-on-introduction-data-engineering-4395021/airflow/dags/one_task_dag.py
Traceback (most recent call last):
  File "/home/vscode/.local/lib/python3.10/site-packages/airflow/models/dagbag.py", line 346, in parse
    loader.exec_module(new_module)
  File "<frozen importlib._bootstrap_external>", line 883, in exec_module
  File "<frozen importlib._bootstrap>", line 241, in _call_with_frames_removed
  File "/workspaces/hands-on-introduction-data-engineering-4395021/airflow/dags/one_task_dag.py", line 19, in <module>
    task1=BaseOperator(task_id='task_one',
  File "/home/vscode/.local/lib/python3.10/site-packages/airflow/models/baseoperator.py", line 429, in apply_defaults
    result = func(self, **kwargs, default_args=default_args)
  File "/home/vscode/.local/lib/python3.10/site-packages/airflow/models/baseoperator.py", line 788, in __init__
    raise AirflowException(
airflow.exceptions.AirflowException: Invalid arguments were passed to BaseOperator (task_id: task_one). Invalid arguments were:
**kwargs: {'bash_command': 'echo "Hello DAG World!!!" '}
[2026-01-03T15:00:02.571+0000] {processor.py:838} WARNING - No viable dags retrieved from /workspaces/hands-on-introduction-data-engineering-4395021/airflow/dags/one_task_dag.py
[2026-01-03T15:00:02.586+0000] {processor.py:179} INFO - Processing /workspaces/hands-on-introduction-data-engineering-4395021/airflow/dags/one_task_dag.py took 0.028 seconds
[2026-01-03T15:00:33.474+0000] {processor.py:157} INFO - Started process (PID=42800) to work on /workspaces/hands-on-introduction-data-engineering-4395021/airflow/dags/one_task_dag.py
[2026-01-03T15:00:33.474+0000] {processor.py:826} INFO - Processing file /workspaces/hands-on-introduction-data-engineering-4395021/airflow/dags/one_task_dag.py for tasks to queue
[2026-01-03T15:00:33.475+0000] {logging_mixin.py:150} INFO - [2026-01-03T15:00:33.475+0000] {dagbag.py:541} INFO - Filling up the DagBag from /workspaces/hands-on-introduction-data-engineering-4395021/airflow/dags/one_task_dag.py
[2026-01-03T15:00:33.481+0000] {logging_mixin.py:150} INFO - [2026-01-03T15:00:33.480+0000] {dagbag.py:350} ERROR - Failed to import: /workspaces/hands-on-introduction-data-engineering-4395021/airflow/dags/one_task_dag.py
Traceback (most recent call last):
  File "/home/vscode/.local/lib/python3.10/site-packages/airflow/models/dagbag.py", line 346, in parse
    loader.exec_module(new_module)
  File "<frozen importlib._bootstrap_external>", line 883, in exec_module
  File "<frozen importlib._bootstrap>", line 241, in _call_with_frames_removed
  File "/workspaces/hands-on-introduction-data-engineering-4395021/airflow/dags/one_task_dag.py", line 19, in <module>
    task1=BaseOperator(task_id='task_one',
  File "/home/vscode/.local/lib/python3.10/site-packages/airflow/models/baseoperator.py", line 429, in apply_defaults
    result = func(self, **kwargs, default_args=default_args)
  File "/home/vscode/.local/lib/python3.10/site-packages/airflow/models/baseoperator.py", line 788, in __init__
    raise AirflowException(
airflow.exceptions.AirflowException: Invalid arguments were passed to BaseOperator (task_id: task_one). Invalid arguments were:
**kwargs: {'bash_command': 'echo "Hello DAG World!!!" '}
[2026-01-03T15:00:33.481+0000] {processor.py:838} WARNING - No viable dags retrieved from /workspaces/hands-on-introduction-data-engineering-4395021/airflow/dags/one_task_dag.py
[2026-01-03T15:00:33.504+0000] {processor.py:179} INFO - Processing /workspaces/hands-on-introduction-data-engineering-4395021/airflow/dags/one_task_dag.py took 0.033 seconds
[2026-01-03T15:01:03.737+0000] {processor.py:157} INFO - Started process (PID=43000) to work on /workspaces/hands-on-introduction-data-engineering-4395021/airflow/dags/one_task_dag.py
[2026-01-03T15:01:03.738+0000] {processor.py:826} INFO - Processing file /workspaces/hands-on-introduction-data-engineering-4395021/airflow/dags/one_task_dag.py for tasks to queue
[2026-01-03T15:01:03.739+0000] {logging_mixin.py:150} INFO - [2026-01-03T15:01:03.739+0000] {dagbag.py:541} INFO - Filling up the DagBag from /workspaces/hands-on-introduction-data-engineering-4395021/airflow/dags/one_task_dag.py
[2026-01-03T15:01:03.744+0000] {logging_mixin.py:150} INFO - [2026-01-03T15:01:03.743+0000] {dagbag.py:350} ERROR - Failed to import: /workspaces/hands-on-introduction-data-engineering-4395021/airflow/dags/one_task_dag.py
Traceback (most recent call last):
  File "/home/vscode/.local/lib/python3.10/site-packages/airflow/models/dagbag.py", line 346, in parse
    loader.exec_module(new_module)
  File "<frozen importlib._bootstrap_external>", line 883, in exec_module
  File "<frozen importlib._bootstrap>", line 241, in _call_with_frames_removed
  File "/workspaces/hands-on-introduction-data-engineering-4395021/airflow/dags/one_task_dag.py", line 19, in <module>
    task1=BaseOperator(task_id='task_one',
  File "/home/vscode/.local/lib/python3.10/site-packages/airflow/models/baseoperator.py", line 429, in apply_defaults
    result = func(self, **kwargs, default_args=default_args)
  File "/home/vscode/.local/lib/python3.10/site-packages/airflow/models/baseoperator.py", line 788, in __init__
    raise AirflowException(
airflow.exceptions.AirflowException: Invalid arguments were passed to BaseOperator (task_id: task_one). Invalid arguments were:
**kwargs: {'bash_command': 'echo "Hello DAG World!!!" '}
[2026-01-03T15:01:03.745+0000] {processor.py:838} WARNING - No viable dags retrieved from /workspaces/hands-on-introduction-data-engineering-4395021/airflow/dags/one_task_dag.py
[2026-01-03T15:01:03.758+0000] {processor.py:179} INFO - Processing /workspaces/hands-on-introduction-data-engineering-4395021/airflow/dags/one_task_dag.py took 0.023 seconds
[2026-01-03T15:01:33.937+0000] {processor.py:157} INFO - Started process (PID=43205) to work on /workspaces/hands-on-introduction-data-engineering-4395021/airflow/dags/one_task_dag.py
[2026-01-03T15:01:33.938+0000] {processor.py:826} INFO - Processing file /workspaces/hands-on-introduction-data-engineering-4395021/airflow/dags/one_task_dag.py for tasks to queue
[2026-01-03T15:01:33.939+0000] {logging_mixin.py:150} INFO - [2026-01-03T15:01:33.938+0000] {dagbag.py:541} INFO - Filling up the DagBag from /workspaces/hands-on-introduction-data-engineering-4395021/airflow/dags/one_task_dag.py
[2026-01-03T15:01:33.944+0000] {logging_mixin.py:150} INFO - [2026-01-03T15:01:33.943+0000] {dagbag.py:350} ERROR - Failed to import: /workspaces/hands-on-introduction-data-engineering-4395021/airflow/dags/one_task_dag.py
Traceback (most recent call last):
  File "/home/vscode/.local/lib/python3.10/site-packages/airflow/models/dagbag.py", line 346, in parse
    loader.exec_module(new_module)
  File "<frozen importlib._bootstrap_external>", line 883, in exec_module
  File "<frozen importlib._bootstrap>", line 241, in _call_with_frames_removed
  File "/workspaces/hands-on-introduction-data-engineering-4395021/airflow/dags/one_task_dag.py", line 19, in <module>
    task1=BaseOperator(task_id='task_one',
  File "/home/vscode/.local/lib/python3.10/site-packages/airflow/models/baseoperator.py", line 429, in apply_defaults
    result = func(self, **kwargs, default_args=default_args)
  File "/home/vscode/.local/lib/python3.10/site-packages/airflow/models/baseoperator.py", line 788, in __init__
    raise AirflowException(
airflow.exceptions.AirflowException: Invalid arguments were passed to BaseOperator (task_id: task_one). Invalid arguments were:
**kwargs: {'bash_command': 'echo "Hello DAG World!!!" '}
[2026-01-03T15:01:33.945+0000] {processor.py:838} WARNING - No viable dags retrieved from /workspaces/hands-on-introduction-data-engineering-4395021/airflow/dags/one_task_dag.py
[2026-01-03T15:01:33.958+0000] {processor.py:179} INFO - Processing /workspaces/hands-on-introduction-data-engineering-4395021/airflow/dags/one_task_dag.py took 0.024 seconds
[2026-01-03T15:02:04.134+0000] {processor.py:157} INFO - Started process (PID=43404) to work on /workspaces/hands-on-introduction-data-engineering-4395021/airflow/dags/one_task_dag.py
[2026-01-03T15:02:04.134+0000] {processor.py:826} INFO - Processing file /workspaces/hands-on-introduction-data-engineering-4395021/airflow/dags/one_task_dag.py for tasks to queue
[2026-01-03T15:02:04.135+0000] {logging_mixin.py:150} INFO - [2026-01-03T15:02:04.135+0000] {dagbag.py:541} INFO - Filling up the DagBag from /workspaces/hands-on-introduction-data-engineering-4395021/airflow/dags/one_task_dag.py
[2026-01-03T15:02:04.141+0000] {logging_mixin.py:150} INFO - [2026-01-03T15:02:04.140+0000] {dagbag.py:350} ERROR - Failed to import: /workspaces/hands-on-introduction-data-engineering-4395021/airflow/dags/one_task_dag.py
Traceback (most recent call last):
  File "/home/vscode/.local/lib/python3.10/site-packages/airflow/models/dagbag.py", line 346, in parse
    loader.exec_module(new_module)
  File "<frozen importlib._bootstrap_external>", line 883, in exec_module
  File "<frozen importlib._bootstrap>", line 241, in _call_with_frames_removed
  File "/workspaces/hands-on-introduction-data-engineering-4395021/airflow/dags/one_task_dag.py", line 19, in <module>
    task1=BaseOperator(task_id='task_one',
  File "/home/vscode/.local/lib/python3.10/site-packages/airflow/models/baseoperator.py", line 429, in apply_defaults
    result = func(self, **kwargs, default_args=default_args)
  File "/home/vscode/.local/lib/python3.10/site-packages/airflow/models/baseoperator.py", line 788, in __init__
    raise AirflowException(
airflow.exceptions.AirflowException: Invalid arguments were passed to BaseOperator (task_id: task_one). Invalid arguments were:
**kwargs: {'bash_command': 'echo "Hello DAG World!!!" '}
[2026-01-03T15:02:04.141+0000] {processor.py:838} WARNING - No viable dags retrieved from /workspaces/hands-on-introduction-data-engineering-4395021/airflow/dags/one_task_dag.py
[2026-01-03T15:02:04.154+0000] {processor.py:179} INFO - Processing /workspaces/hands-on-introduction-data-engineering-4395021/airflow/dags/one_task_dag.py took 0.023 seconds
[2026-01-03T15:02:34.328+0000] {processor.py:157} INFO - Started process (PID=43609) to work on /workspaces/hands-on-introduction-data-engineering-4395021/airflow/dags/one_task_dag.py
[2026-01-03T15:02:34.329+0000] {processor.py:826} INFO - Processing file /workspaces/hands-on-introduction-data-engineering-4395021/airflow/dags/one_task_dag.py for tasks to queue
[2026-01-03T15:02:34.329+0000] {logging_mixin.py:150} INFO - [2026-01-03T15:02:34.329+0000] {dagbag.py:541} INFO - Filling up the DagBag from /workspaces/hands-on-introduction-data-engineering-4395021/airflow/dags/one_task_dag.py
[2026-01-03T15:02:34.335+0000] {logging_mixin.py:150} INFO - [2026-01-03T15:02:34.334+0000] {dagbag.py:350} ERROR - Failed to import: /workspaces/hands-on-introduction-data-engineering-4395021/airflow/dags/one_task_dag.py
Traceback (most recent call last):
  File "/home/vscode/.local/lib/python3.10/site-packages/airflow/models/dagbag.py", line 346, in parse
    loader.exec_module(new_module)
  File "<frozen importlib._bootstrap_external>", line 883, in exec_module
  File "<frozen importlib._bootstrap>", line 241, in _call_with_frames_removed
  File "/workspaces/hands-on-introduction-data-engineering-4395021/airflow/dags/one_task_dag.py", line 19, in <module>
    task1=BaseOperator(task_id='task_one',
  File "/home/vscode/.local/lib/python3.10/site-packages/airflow/models/baseoperator.py", line 429, in apply_defaults
    result = func(self, **kwargs, default_args=default_args)
  File "/home/vscode/.local/lib/python3.10/site-packages/airflow/models/baseoperator.py", line 788, in __init__
    raise AirflowException(
airflow.exceptions.AirflowException: Invalid arguments were passed to BaseOperator (task_id: task_one). Invalid arguments were:
**kwargs: {'bash_command': 'echo "Hello DAG World!!!" '}
[2026-01-03T15:02:34.335+0000] {processor.py:838} WARNING - No viable dags retrieved from /workspaces/hands-on-introduction-data-engineering-4395021/airflow/dags/one_task_dag.py
[2026-01-03T15:02:34.348+0000] {processor.py:179} INFO - Processing /workspaces/hands-on-introduction-data-engineering-4395021/airflow/dags/one_task_dag.py took 0.023 seconds
[2026-01-03T15:03:04.515+0000] {processor.py:157} INFO - Started process (PID=43829) to work on /workspaces/hands-on-introduction-data-engineering-4395021/airflow/dags/one_task_dag.py
[2026-01-03T15:03:04.515+0000] {processor.py:826} INFO - Processing file /workspaces/hands-on-introduction-data-engineering-4395021/airflow/dags/one_task_dag.py for tasks to queue
[2026-01-03T15:03:04.516+0000] {logging_mixin.py:150} INFO - [2026-01-03T15:03:04.516+0000] {dagbag.py:541} INFO - Filling up the DagBag from /workspaces/hands-on-introduction-data-engineering-4395021/airflow/dags/one_task_dag.py
[2026-01-03T15:03:04.522+0000] {logging_mixin.py:150} INFO - [2026-01-03T15:03:04.521+0000] {dagbag.py:350} ERROR - Failed to import: /workspaces/hands-on-introduction-data-engineering-4395021/airflow/dags/one_task_dag.py
Traceback (most recent call last):
  File "/home/vscode/.local/lib/python3.10/site-packages/airflow/models/dagbag.py", line 346, in parse
    loader.exec_module(new_module)
  File "<frozen importlib._bootstrap_external>", line 883, in exec_module
  File "<frozen importlib._bootstrap>", line 241, in _call_with_frames_removed
  File "/workspaces/hands-on-introduction-data-engineering-4395021/airflow/dags/one_task_dag.py", line 19, in <module>
    task1=BaseOperator(task_id='task_one',
  File "/home/vscode/.local/lib/python3.10/site-packages/airflow/models/baseoperator.py", line 429, in apply_defaults
    result = func(self, **kwargs, default_args=default_args)
  File "/home/vscode/.local/lib/python3.10/site-packages/airflow/models/baseoperator.py", line 788, in __init__
    raise AirflowException(
airflow.exceptions.AirflowException: Invalid arguments were passed to BaseOperator (task_id: task_one). Invalid arguments were:
**kwargs: {'bash_command': 'echo "Hello DAG World!!!" '}
[2026-01-03T15:03:04.523+0000] {processor.py:838} WARNING - No viable dags retrieved from /workspaces/hands-on-introduction-data-engineering-4395021/airflow/dags/one_task_dag.py
[2026-01-03T15:03:04.537+0000] {processor.py:179} INFO - Processing /workspaces/hands-on-introduction-data-engineering-4395021/airflow/dags/one_task_dag.py took 0.025 seconds
[2026-01-03T15:03:34.686+0000] {processor.py:157} INFO - Started process (PID=44034) to work on /workspaces/hands-on-introduction-data-engineering-4395021/airflow/dags/one_task_dag.py
[2026-01-03T15:03:34.687+0000] {processor.py:826} INFO - Processing file /workspaces/hands-on-introduction-data-engineering-4395021/airflow/dags/one_task_dag.py for tasks to queue
[2026-01-03T15:03:34.688+0000] {logging_mixin.py:150} INFO - [2026-01-03T15:03:34.687+0000] {dagbag.py:541} INFO - Filling up the DagBag from /workspaces/hands-on-introduction-data-engineering-4395021/airflow/dags/one_task_dag.py
[2026-01-03T15:03:34.693+0000] {logging_mixin.py:150} INFO - [2026-01-03T15:03:34.692+0000] {dagbag.py:350} ERROR - Failed to import: /workspaces/hands-on-introduction-data-engineering-4395021/airflow/dags/one_task_dag.py
Traceback (most recent call last):
  File "/home/vscode/.local/lib/python3.10/site-packages/airflow/models/dagbag.py", line 346, in parse
    loader.exec_module(new_module)
  File "<frozen importlib._bootstrap_external>", line 883, in exec_module
  File "<frozen importlib._bootstrap>", line 241, in _call_with_frames_removed
  File "/workspaces/hands-on-introduction-data-engineering-4395021/airflow/dags/one_task_dag.py", line 19, in <module>
    task1=BaseOperator(task_id='task_one',
  File "/home/vscode/.local/lib/python3.10/site-packages/airflow/models/baseoperator.py", line 429, in apply_defaults
    result = func(self, **kwargs, default_args=default_args)
  File "/home/vscode/.local/lib/python3.10/site-packages/airflow/models/baseoperator.py", line 788, in __init__
    raise AirflowException(
airflow.exceptions.AirflowException: Invalid arguments were passed to BaseOperator (task_id: task_one). Invalid arguments were:
**kwargs: {'bash_command': 'echo "Hello DAG World!!!" '}
[2026-01-03T15:03:34.693+0000] {processor.py:838} WARNING - No viable dags retrieved from /workspaces/hands-on-introduction-data-engineering-4395021/airflow/dags/one_task_dag.py
[2026-01-03T15:03:34.707+0000] {processor.py:179} INFO - Processing /workspaces/hands-on-introduction-data-engineering-4395021/airflow/dags/one_task_dag.py took 0.024 seconds
[2026-01-03T15:04:04.879+0000] {processor.py:157} INFO - Started process (PID=44234) to work on /workspaces/hands-on-introduction-data-engineering-4395021/airflow/dags/one_task_dag.py
[2026-01-03T15:04:04.880+0000] {processor.py:826} INFO - Processing file /workspaces/hands-on-introduction-data-engineering-4395021/airflow/dags/one_task_dag.py for tasks to queue
[2026-01-03T15:04:04.881+0000] {logging_mixin.py:150} INFO - [2026-01-03T15:04:04.880+0000] {dagbag.py:541} INFO - Filling up the DagBag from /workspaces/hands-on-introduction-data-engineering-4395021/airflow/dags/one_task_dag.py
[2026-01-03T15:04:04.886+0000] {logging_mixin.py:150} INFO - [2026-01-03T15:04:04.886+0000] {dagbag.py:350} ERROR - Failed to import: /workspaces/hands-on-introduction-data-engineering-4395021/airflow/dags/one_task_dag.py
Traceback (most recent call last):
  File "/home/vscode/.local/lib/python3.10/site-packages/airflow/models/dagbag.py", line 346, in parse
    loader.exec_module(new_module)
  File "<frozen importlib._bootstrap_external>", line 883, in exec_module
  File "<frozen importlib._bootstrap>", line 241, in _call_with_frames_removed
  File "/workspaces/hands-on-introduction-data-engineering-4395021/airflow/dags/one_task_dag.py", line 19, in <module>
    task1=BaseOperator(task_id='task_one',
  File "/home/vscode/.local/lib/python3.10/site-packages/airflow/models/baseoperator.py", line 429, in apply_defaults
    result = func(self, **kwargs, default_args=default_args)
  File "/home/vscode/.local/lib/python3.10/site-packages/airflow/models/baseoperator.py", line 788, in __init__
    raise AirflowException(
airflow.exceptions.AirflowException: Invalid arguments were passed to BaseOperator (task_id: task_one). Invalid arguments were:
**kwargs: {'bash_command': 'echo "Hello DAG World!!!" '}
[2026-01-03T15:04:04.887+0000] {processor.py:838} WARNING - No viable dags retrieved from /workspaces/hands-on-introduction-data-engineering-4395021/airflow/dags/one_task_dag.py
[2026-01-03T15:04:04.900+0000] {processor.py:179} INFO - Processing /workspaces/hands-on-introduction-data-engineering-4395021/airflow/dags/one_task_dag.py took 0.023 seconds
[2026-01-03T15:04:35.099+0000] {processor.py:157} INFO - Started process (PID=44439) to work on /workspaces/hands-on-introduction-data-engineering-4395021/airflow/dags/one_task_dag.py
[2026-01-03T15:04:35.100+0000] {processor.py:826} INFO - Processing file /workspaces/hands-on-introduction-data-engineering-4395021/airflow/dags/one_task_dag.py for tasks to queue
[2026-01-03T15:04:35.101+0000] {logging_mixin.py:150} INFO - [2026-01-03T15:04:35.100+0000] {dagbag.py:541} INFO - Filling up the DagBag from /workspaces/hands-on-introduction-data-engineering-4395021/airflow/dags/one_task_dag.py
[2026-01-03T15:04:35.106+0000] {logging_mixin.py:150} INFO - [2026-01-03T15:04:35.105+0000] {dagbag.py:350} ERROR - Failed to import: /workspaces/hands-on-introduction-data-engineering-4395021/airflow/dags/one_task_dag.py
Traceback (most recent call last):
  File "/home/vscode/.local/lib/python3.10/site-packages/airflow/models/dagbag.py", line 346, in parse
    loader.exec_module(new_module)
  File "<frozen importlib._bootstrap_external>", line 883, in exec_module
  File "<frozen importlib._bootstrap>", line 241, in _call_with_frames_removed
  File "/workspaces/hands-on-introduction-data-engineering-4395021/airflow/dags/one_task_dag.py", line 19, in <module>
    task1=BaseOperator(task_id='task_one',
  File "/home/vscode/.local/lib/python3.10/site-packages/airflow/models/baseoperator.py", line 429, in apply_defaults
    result = func(self, **kwargs, default_args=default_args)
  File "/home/vscode/.local/lib/python3.10/site-packages/airflow/models/baseoperator.py", line 788, in __init__
    raise AirflowException(
airflow.exceptions.AirflowException: Invalid arguments were passed to BaseOperator (task_id: task_one). Invalid arguments were:
**kwargs: {'bash_command': 'echo "Hello DAG World!!!" '}
[2026-01-03T15:04:35.106+0000] {processor.py:838} WARNING - No viable dags retrieved from /workspaces/hands-on-introduction-data-engineering-4395021/airflow/dags/one_task_dag.py
[2026-01-03T15:04:35.120+0000] {processor.py:179} INFO - Processing /workspaces/hands-on-introduction-data-engineering-4395021/airflow/dags/one_task_dag.py took 0.024 seconds
[2026-01-03T15:04:36.230+0000] {processor.py:157} INFO - Started process (PID=44441) to work on /workspaces/hands-on-introduction-data-engineering-4395021/airflow/dags/one_task_dag.py
[2026-01-03T15:04:36.230+0000] {processor.py:826} INFO - Processing file /workspaces/hands-on-introduction-data-engineering-4395021/airflow/dags/one_task_dag.py for tasks to queue
[2026-01-03T15:04:36.231+0000] {logging_mixin.py:150} INFO - [2026-01-03T15:04:36.231+0000] {dagbag.py:541} INFO - Filling up the DagBag from /workspaces/hands-on-introduction-data-engineering-4395021/airflow/dags/one_task_dag.py
[2026-01-03T15:04:36.237+0000] {logging_mixin.py:150} INFO - [2026-01-03T15:04:36.236+0000] {dagbag.py:350} ERROR - Failed to import: /workspaces/hands-on-introduction-data-engineering-4395021/airflow/dags/one_task_dag.py
Traceback (most recent call last):
  File "/home/vscode/.local/lib/python3.10/site-packages/airflow/models/dagbag.py", line 346, in parse
    loader.exec_module(new_module)
  File "<frozen importlib._bootstrap_external>", line 883, in exec_module
  File "<frozen importlib._bootstrap>", line 241, in _call_with_frames_removed
  File "/workspaces/hands-on-introduction-data-engineering-4395021/airflow/dags/one_task_dag.py", line 19, in <module>
    task1=BaseOperator(task_id='task_one',
  File "/home/vscode/.local/lib/python3.10/site-packages/airflow/models/baseoperator.py", line 429, in apply_defaults
    result = func(self, **kwargs, default_args=default_args)
  File "/home/vscode/.local/lib/python3.10/site-packages/airflow/models/baseoperator.py", line 788, in __init__
    raise AirflowException(
airflow.exceptions.AirflowException: Invalid arguments were passed to BaseOperator (task_id: task_one). Invalid arguments were:
**kwargs: {'bash_command': 'echo "Hello DAG World!!!" '}
[2026-01-03T15:04:36.237+0000] {processor.py:838} WARNING - No viable dags retrieved from /workspaces/hands-on-introduction-data-engineering-4395021/airflow/dags/one_task_dag.py
[2026-01-03T15:04:36.251+0000] {processor.py:179} INFO - Processing /workspaces/hands-on-introduction-data-engineering-4395021/airflow/dags/one_task_dag.py took 0.024 seconds
[2026-01-03T15:04:40.770+0000] {processor.py:157} INFO - Started process (PID=44481) to work on /workspaces/hands-on-introduction-data-engineering-4395021/airflow/dags/one_task_dag.py
[2026-01-03T15:04:40.771+0000] {processor.py:826} INFO - Processing file /workspaces/hands-on-introduction-data-engineering-4395021/airflow/dags/one_task_dag.py for tasks to queue
[2026-01-03T15:04:40.772+0000] {logging_mixin.py:150} INFO - [2026-01-03T15:04:40.771+0000] {dagbag.py:541} INFO - Filling up the DagBag from /workspaces/hands-on-introduction-data-engineering-4395021/airflow/dags/one_task_dag.py
[2026-01-03T15:04:40.781+0000] {processor.py:836} INFO - DAG(s) dict_keys(['One_Task_DAG']) retrieved from /workspaces/hands-on-introduction-data-engineering-4395021/airflow/dags/one_task_dag.py
[2026-01-03T15:04:40.864+0000] {logging_mixin.py:150} INFO - [2026-01-03T15:04:40.864+0000] {manager.py:504} INFO - Created Permission View: can delete on DAG:One_Task_DAG
[2026-01-03T15:04:40.872+0000] {logging_mixin.py:150} INFO - [2026-01-03T15:04:40.872+0000] {manager.py:504} INFO - Created Permission View: can read on DAG:One_Task_DAG
[2026-01-03T15:04:40.878+0000] {logging_mixin.py:150} INFO - [2026-01-03T15:04:40.878+0000] {manager.py:504} INFO - Created Permission View: can edit on DAG:One_Task_DAG
[2026-01-03T15:04:40.886+0000] {logging_mixin.py:150} INFO - [2026-01-03T15:04:40.886+0000] {dag.py:2742} INFO - Sync 1 DAGs
[2026-01-03T15:04:40.893+0000] {logging_mixin.py:150} INFO - [2026-01-03T15:04:40.893+0000] {dag.py:2763} INFO - Creating ORM DAG for One_Task_DAG
[2026-01-03T15:04:40.901+0000] {logging_mixin.py:150} INFO - [2026-01-03T15:04:40.901+0000] {dag.py:3504} INFO - Setting next_dagrun for One_Task_DAG to None, run_after=None
[2026-01-03T15:04:40.917+0000] {processor.py:179} INFO - Processing /workspaces/hands-on-introduction-data-engineering-4395021/airflow/dags/one_task_dag.py took 0.149 seconds
[2026-01-03T15:04:55.144+0000] {processor.py:157} INFO - Started process (PID=44572) to work on /workspaces/hands-on-introduction-data-engineering-4395021/airflow/dags/one_task_dag.py
[2026-01-03T15:04:55.144+0000] {processor.py:826} INFO - Processing file /workspaces/hands-on-introduction-data-engineering-4395021/airflow/dags/one_task_dag.py for tasks to queue
[2026-01-03T15:04:55.145+0000] {logging_mixin.py:150} INFO - [2026-01-03T15:04:55.145+0000] {dagbag.py:541} INFO - Filling up the DagBag from /workspaces/hands-on-introduction-data-engineering-4395021/airflow/dags/one_task_dag.py
[2026-01-03T15:04:55.154+0000] {processor.py:836} INFO - DAG(s) dict_keys(['One_Task_DAG']) retrieved from /workspaces/hands-on-introduction-data-engineering-4395021/airflow/dags/one_task_dag.py
[2026-01-03T15:04:55.161+0000] {logging_mixin.py:150} INFO - [2026-01-03T15:04:55.161+0000] {dag.py:2742} INFO - Sync 1 DAGs
[2026-01-03T15:04:55.177+0000] {logging_mixin.py:150} INFO - [2026-01-03T15:04:55.177+0000] {dag.py:3504} INFO - Setting next_dagrun for One_Task_DAG to None, run_after=None
[2026-01-03T15:04:55.193+0000] {processor.py:179} INFO - Processing /workspaces/hands-on-introduction-data-engineering-4395021/airflow/dags/one_task_dag.py took 0.052 seconds
[2026-01-03T15:05:25.408+0000] {processor.py:157} INFO - Started process (PID=44775) to work on /workspaces/hands-on-introduction-data-engineering-4395021/airflow/dags/one_task_dag.py
[2026-01-03T15:05:25.409+0000] {processor.py:826} INFO - Processing file /workspaces/hands-on-introduction-data-engineering-4395021/airflow/dags/one_task_dag.py for tasks to queue
[2026-01-03T15:05:25.410+0000] {logging_mixin.py:150} INFO - [2026-01-03T15:05:25.410+0000] {dagbag.py:541} INFO - Filling up the DagBag from /workspaces/hands-on-introduction-data-engineering-4395021/airflow/dags/one_task_dag.py
[2026-01-03T15:05:25.420+0000] {processor.py:836} INFO - DAG(s) dict_keys(['One_Task_DAG']) retrieved from /workspaces/hands-on-introduction-data-engineering-4395021/airflow/dags/one_task_dag.py
[2026-01-03T15:05:25.438+0000] {logging_mixin.py:150} INFO - [2026-01-03T15:05:25.438+0000] {dag.py:2742} INFO - Sync 1 DAGs
[2026-01-03T15:05:25.454+0000] {logging_mixin.py:150} INFO - [2026-01-03T15:05:25.454+0000] {dag.py:3504} INFO - Setting next_dagrun for One_Task_DAG to None, run_after=None
[2026-01-03T15:05:25.469+0000] {processor.py:179} INFO - Processing /workspaces/hands-on-introduction-data-engineering-4395021/airflow/dags/one_task_dag.py took 0.064 seconds
[2026-01-03T15:05:48.507+0000] {processor.py:157} INFO - Started process (PID=44924) to work on /workspaces/hands-on-introduction-data-engineering-4395021/airflow/dags/one_task_dag.py
[2026-01-03T15:05:48.508+0000] {processor.py:826} INFO - Processing file /workspaces/hands-on-introduction-data-engineering-4395021/airflow/dags/one_task_dag.py for tasks to queue
[2026-01-03T15:05:48.509+0000] {logging_mixin.py:150} INFO - [2026-01-03T15:05:48.508+0000] {dagbag.py:541} INFO - Filling up the DagBag from /workspaces/hands-on-introduction-data-engineering-4395021/airflow/dags/one_task_dag.py
[2026-01-03T15:05:48.517+0000] {processor.py:836} INFO - DAG(s) dict_keys(['One_Task_DAG']) retrieved from /workspaces/hands-on-introduction-data-engineering-4395021/airflow/dags/one_task_dag.py
[2026-01-03T15:05:48.536+0000] {logging_mixin.py:150} INFO - [2026-01-03T15:05:48.536+0000] {dag.py:2742} INFO - Sync 1 DAGs
[2026-01-03T15:05:48.552+0000] {logging_mixin.py:150} INFO - [2026-01-03T15:05:48.552+0000] {dag.py:3504} INFO - Setting next_dagrun for One_Task_DAG to None, run_after=None
[2026-01-03T15:05:48.568+0000] {processor.py:179} INFO - Processing /workspaces/hands-on-introduction-data-engineering-4395021/airflow/dags/one_task_dag.py took 0.063 seconds
[2026-01-03T15:06:18.772+0000] {processor.py:157} INFO - Started process (PID=45183) to work on /workspaces/hands-on-introduction-data-engineering-4395021/airflow/dags/one_task_dag.py
[2026-01-03T15:06:18.773+0000] {processor.py:826} INFO - Processing file /workspaces/hands-on-introduction-data-engineering-4395021/airflow/dags/one_task_dag.py for tasks to queue
[2026-01-03T15:06:18.774+0000] {logging_mixin.py:150} INFO - [2026-01-03T15:06:18.774+0000] {dagbag.py:541} INFO - Filling up the DagBag from /workspaces/hands-on-introduction-data-engineering-4395021/airflow/dags/one_task_dag.py
[2026-01-03T15:06:18.782+0000] {processor.py:836} INFO - DAG(s) dict_keys(['One_Task_DAG']) retrieved from /workspaces/hands-on-introduction-data-engineering-4395021/airflow/dags/one_task_dag.py
[2026-01-03T15:06:18.801+0000] {logging_mixin.py:150} INFO - [2026-01-03T15:06:18.801+0000] {dag.py:2742} INFO - Sync 1 DAGs
[2026-01-03T15:06:18.815+0000] {logging_mixin.py:150} INFO - [2026-01-03T15:06:18.815+0000] {dag.py:3504} INFO - Setting next_dagrun for One_Task_DAG to None, run_after=None
[2026-01-03T15:06:18.829+0000] {processor.py:179} INFO - Processing /workspaces/hands-on-introduction-data-engineering-4395021/airflow/dags/one_task_dag.py took 0.059 seconds
[2026-01-03T15:06:48.963+0000] {processor.py:157} INFO - Started process (PID=45382) to work on /workspaces/hands-on-introduction-data-engineering-4395021/airflow/dags/one_task_dag.py
[2026-01-03T15:06:48.964+0000] {processor.py:826} INFO - Processing file /workspaces/hands-on-introduction-data-engineering-4395021/airflow/dags/one_task_dag.py for tasks to queue
[2026-01-03T15:06:48.964+0000] {logging_mixin.py:150} INFO - [2026-01-03T15:06:48.964+0000] {dagbag.py:541} INFO - Filling up the DagBag from /workspaces/hands-on-introduction-data-engineering-4395021/airflow/dags/one_task_dag.py
[2026-01-03T15:06:48.973+0000] {processor.py:836} INFO - DAG(s) dict_keys(['One_Task_DAG']) retrieved from /workspaces/hands-on-introduction-data-engineering-4395021/airflow/dags/one_task_dag.py
[2026-01-03T15:06:48.990+0000] {logging_mixin.py:150} INFO - [2026-01-03T15:06:48.990+0000] {dag.py:2742} INFO - Sync 1 DAGs
[2026-01-03T15:06:49.004+0000] {logging_mixin.py:150} INFO - [2026-01-03T15:06:49.004+0000] {dag.py:3504} INFO - Setting next_dagrun for One_Task_DAG to None, run_after=None
[2026-01-03T15:06:49.019+0000] {processor.py:179} INFO - Processing /workspaces/hands-on-introduction-data-engineering-4395021/airflow/dags/one_task_dag.py took 0.059 seconds
[2026-01-03T15:07:19.158+0000] {processor.py:157} INFO - Started process (PID=45582) to work on /workspaces/hands-on-introduction-data-engineering-4395021/airflow/dags/one_task_dag.py
[2026-01-03T15:07:19.159+0000] {processor.py:826} INFO - Processing file /workspaces/hands-on-introduction-data-engineering-4395021/airflow/dags/one_task_dag.py for tasks to queue
[2026-01-03T15:07:19.160+0000] {logging_mixin.py:150} INFO - [2026-01-03T15:07:19.159+0000] {dagbag.py:541} INFO - Filling up the DagBag from /workspaces/hands-on-introduction-data-engineering-4395021/airflow/dags/one_task_dag.py
[2026-01-03T15:07:19.168+0000] {processor.py:836} INFO - DAG(s) dict_keys(['One_Task_DAG']) retrieved from /workspaces/hands-on-introduction-data-engineering-4395021/airflow/dags/one_task_dag.py
[2026-01-03T15:07:19.185+0000] {logging_mixin.py:150} INFO - [2026-01-03T15:07:19.185+0000] {dag.py:2742} INFO - Sync 1 DAGs
[2026-01-03T15:07:19.199+0000] {logging_mixin.py:150} INFO - [2026-01-03T15:07:19.199+0000] {dag.py:3504} INFO - Setting next_dagrun for One_Task_DAG to None, run_after=None
[2026-01-03T15:07:19.213+0000] {processor.py:179} INFO - Processing /workspaces/hands-on-introduction-data-engineering-4395021/airflow/dags/one_task_dag.py took 0.057 seconds
[2026-01-03T15:07:49.331+0000] {processor.py:157} INFO - Started process (PID=45781) to work on /workspaces/hands-on-introduction-data-engineering-4395021/airflow/dags/one_task_dag.py
[2026-01-03T15:07:49.331+0000] {processor.py:826} INFO - Processing file /workspaces/hands-on-introduction-data-engineering-4395021/airflow/dags/one_task_dag.py for tasks to queue
[2026-01-03T15:07:49.332+0000] {logging_mixin.py:150} INFO - [2026-01-03T15:07:49.332+0000] {dagbag.py:541} INFO - Filling up the DagBag from /workspaces/hands-on-introduction-data-engineering-4395021/airflow/dags/one_task_dag.py
[2026-01-03T15:07:49.340+0000] {processor.py:836} INFO - DAG(s) dict_keys(['One_Task_DAG']) retrieved from /workspaces/hands-on-introduction-data-engineering-4395021/airflow/dags/one_task_dag.py
[2026-01-03T15:07:49.357+0000] {logging_mixin.py:150} INFO - [2026-01-03T15:07:49.357+0000] {dag.py:2742} INFO - Sync 1 DAGs
[2026-01-03T15:07:49.371+0000] {logging_mixin.py:150} INFO - [2026-01-03T15:07:49.371+0000] {dag.py:3504} INFO - Setting next_dagrun for One_Task_DAG to None, run_after=None
[2026-01-03T15:07:49.386+0000] {processor.py:179} INFO - Processing /workspaces/hands-on-introduction-data-engineering-4395021/airflow/dags/one_task_dag.py took 0.058 seconds
[2026-01-03T15:08:19.515+0000] {processor.py:157} INFO - Started process (PID=46013) to work on /workspaces/hands-on-introduction-data-engineering-4395021/airflow/dags/one_task_dag.py
[2026-01-03T15:08:19.516+0000] {processor.py:826} INFO - Processing file /workspaces/hands-on-introduction-data-engineering-4395021/airflow/dags/one_task_dag.py for tasks to queue
[2026-01-03T15:08:19.517+0000] {logging_mixin.py:150} INFO - [2026-01-03T15:08:19.516+0000] {dagbag.py:541} INFO - Filling up the DagBag from /workspaces/hands-on-introduction-data-engineering-4395021/airflow/dags/one_task_dag.py
[2026-01-03T15:08:19.525+0000] {processor.py:836} INFO - DAG(s) dict_keys(['One_Task_DAG']) retrieved from /workspaces/hands-on-introduction-data-engineering-4395021/airflow/dags/one_task_dag.py
[2026-01-03T15:08:19.542+0000] {logging_mixin.py:150} INFO - [2026-01-03T15:08:19.542+0000] {dag.py:2742} INFO - Sync 1 DAGs
[2026-01-03T15:08:19.557+0000] {logging_mixin.py:150} INFO - [2026-01-03T15:08:19.557+0000] {dag.py:3504} INFO - Setting next_dagrun for One_Task_DAG to None, run_after=None
[2026-01-03T15:08:19.571+0000] {processor.py:179} INFO - Processing /workspaces/hands-on-introduction-data-engineering-4395021/airflow/dags/one_task_dag.py took 0.058 seconds
[2026-01-03T15:08:49.703+0000] {processor.py:157} INFO - Started process (PID=46192) to work on /workspaces/hands-on-introduction-data-engineering-4395021/airflow/dags/one_task_dag.py
[2026-01-03T15:08:49.704+0000] {processor.py:826} INFO - Processing file /workspaces/hands-on-introduction-data-engineering-4395021/airflow/dags/one_task_dag.py for tasks to queue
[2026-01-03T15:08:49.705+0000] {logging_mixin.py:150} INFO - [2026-01-03T15:08:49.704+0000] {dagbag.py:541} INFO - Filling up the DagBag from /workspaces/hands-on-introduction-data-engineering-4395021/airflow/dags/one_task_dag.py
[2026-01-03T15:08:49.713+0000] {processor.py:836} INFO - DAG(s) dict_keys(['One_Task_DAG']) retrieved from /workspaces/hands-on-introduction-data-engineering-4395021/airflow/dags/one_task_dag.py
[2026-01-03T15:08:49.730+0000] {logging_mixin.py:150} INFO - [2026-01-03T15:08:49.730+0000] {dag.py:2742} INFO - Sync 1 DAGs
[2026-01-03T15:08:49.745+0000] {logging_mixin.py:150} INFO - [2026-01-03T15:08:49.745+0000] {dag.py:3504} INFO - Setting next_dagrun for One_Task_DAG to None, run_after=None
[2026-01-03T15:08:49.759+0000] {processor.py:179} INFO - Processing /workspaces/hands-on-introduction-data-engineering-4395021/airflow/dags/one_task_dag.py took 0.059 seconds
[2026-01-03T15:09:19.890+0000] {processor.py:157} INFO - Started process (PID=46396) to work on /workspaces/hands-on-introduction-data-engineering-4395021/airflow/dags/one_task_dag.py
[2026-01-03T15:09:19.891+0000] {processor.py:826} INFO - Processing file /workspaces/hands-on-introduction-data-engineering-4395021/airflow/dags/one_task_dag.py for tasks to queue
[2026-01-03T15:09:19.892+0000] {logging_mixin.py:150} INFO - [2026-01-03T15:09:19.891+0000] {dagbag.py:541} INFO - Filling up the DagBag from /workspaces/hands-on-introduction-data-engineering-4395021/airflow/dags/one_task_dag.py
[2026-01-03T15:09:19.900+0000] {processor.py:836} INFO - DAG(s) dict_keys(['One_Task_DAG']) retrieved from /workspaces/hands-on-introduction-data-engineering-4395021/airflow/dags/one_task_dag.py
[2026-01-03T15:09:19.918+0000] {logging_mixin.py:150} INFO - [2026-01-03T15:09:19.918+0000] {dag.py:2742} INFO - Sync 1 DAGs
[2026-01-03T15:09:19.934+0000] {logging_mixin.py:150} INFO - [2026-01-03T15:09:19.933+0000] {dag.py:3504} INFO - Setting next_dagrun for One_Task_DAG to None, run_after=None
[2026-01-03T15:09:19.948+0000] {processor.py:179} INFO - Processing /workspaces/hands-on-introduction-data-engineering-4395021/airflow/dags/one_task_dag.py took 0.061 seconds
[2026-01-03T15:09:50.078+0000] {processor.py:157} INFO - Started process (PID=46569) to work on /workspaces/hands-on-introduction-data-engineering-4395021/airflow/dags/one_task_dag.py
[2026-01-03T15:09:50.079+0000] {processor.py:826} INFO - Processing file /workspaces/hands-on-introduction-data-engineering-4395021/airflow/dags/one_task_dag.py for tasks to queue
[2026-01-03T15:09:50.079+0000] {logging_mixin.py:150} INFO - [2026-01-03T15:09:50.079+0000] {dagbag.py:541} INFO - Filling up the DagBag from /workspaces/hands-on-introduction-data-engineering-4395021/airflow/dags/one_task_dag.py
[2026-01-03T15:09:50.088+0000] {processor.py:836} INFO - DAG(s) dict_keys(['One_Task_DAG']) retrieved from /workspaces/hands-on-introduction-data-engineering-4395021/airflow/dags/one_task_dag.py
[2026-01-03T15:09:50.105+0000] {logging_mixin.py:150} INFO - [2026-01-03T15:09:50.105+0000] {dag.py:2742} INFO - Sync 1 DAGs
[2026-01-03T15:09:50.120+0000] {logging_mixin.py:150} INFO - [2026-01-03T15:09:50.119+0000] {dag.py:3504} INFO - Setting next_dagrun for One_Task_DAG to None, run_after=None
[2026-01-03T15:09:50.134+0000] {processor.py:179} INFO - Processing /workspaces/hands-on-introduction-data-engineering-4395021/airflow/dags/one_task_dag.py took 0.058 seconds
[2026-01-03T15:10:20.269+0000] {processor.py:157} INFO - Started process (PID=46749) to work on /workspaces/hands-on-introduction-data-engineering-4395021/airflow/dags/one_task_dag.py
[2026-01-03T15:10:20.270+0000] {processor.py:826} INFO - Processing file /workspaces/hands-on-introduction-data-engineering-4395021/airflow/dags/one_task_dag.py for tasks to queue
[2026-01-03T15:10:20.271+0000] {logging_mixin.py:150} INFO - [2026-01-03T15:10:20.270+0000] {dagbag.py:541} INFO - Filling up the DagBag from /workspaces/hands-on-introduction-data-engineering-4395021/airflow/dags/one_task_dag.py
[2026-01-03T15:10:20.279+0000] {processor.py:836} INFO - DAG(s) dict_keys(['One_Task_DAG']) retrieved from /workspaces/hands-on-introduction-data-engineering-4395021/airflow/dags/one_task_dag.py
[2026-01-03T15:10:20.296+0000] {logging_mixin.py:150} INFO - [2026-01-03T15:10:20.296+0000] {dag.py:2742} INFO - Sync 1 DAGs
[2026-01-03T15:10:20.310+0000] {logging_mixin.py:150} INFO - [2026-01-03T15:10:20.310+0000] {dag.py:3504} INFO - Setting next_dagrun for One_Task_DAG to None, run_after=None
[2026-01-03T15:10:20.325+0000] {processor.py:179} INFO - Processing /workspaces/hands-on-introduction-data-engineering-4395021/airflow/dags/one_task_dag.py took 0.058 seconds
[2026-01-03T15:10:26.472+0000] {processor.py:157} INFO - Started process (PID=46792) to work on /workspaces/hands-on-introduction-data-engineering-4395021/airflow/dags/one_task_dag.py
[2026-01-03T15:10:26.473+0000] {processor.py:826} INFO - Processing file /workspaces/hands-on-introduction-data-engineering-4395021/airflow/dags/one_task_dag.py for tasks to queue
[2026-01-03T15:10:26.474+0000] {logging_mixin.py:150} INFO - [2026-01-03T15:10:26.473+0000] {dagbag.py:541} INFO - Filling up the DagBag from /workspaces/hands-on-introduction-data-engineering-4395021/airflow/dags/one_task_dag.py
[2026-01-03T15:10:26.476+0000] {logging_mixin.py:150} INFO - [2026-01-03T15:10:26.476+0000] {dagbag.py:350} ERROR - Failed to import: /workspaces/hands-on-introduction-data-engineering-4395021/airflow/dags/one_task_dag.py
Traceback (most recent call last):
  File "/home/vscode/.local/lib/python3.10/site-packages/airflow/models/dagbag.py", line 346, in parse
    loader.exec_module(new_module)
  File "<frozen importlib._bootstrap_external>", line 879, in exec_module
  File "<frozen importlib._bootstrap_external>", line 1017, in get_code
  File "<frozen importlib._bootstrap_external>", line 947, in source_to_code
  File "<frozen importlib._bootstrap>", line 241, in _call_with_frames_removed
  File "/workspaces/hands-on-introduction-data-engineering-4395021/airflow/dags/one_task_dag.py", line 20
    bas
    ^^^
SyntaxError: invalid syntax. Perhaps you forgot a comma?
[2026-01-03T15:10:26.477+0000] {processor.py:838} WARNING - No viable dags retrieved from /workspaces/hands-on-introduction-data-engineering-4395021/airflow/dags/one_task_dag.py
[2026-01-03T15:10:26.491+0000] {processor.py:179} INFO - Processing /workspaces/hands-on-introduction-data-engineering-4395021/airflow/dags/one_task_dag.py took 0.022 seconds
[2026-01-03T15:10:37.532+0000] {processor.py:157} INFO - Started process (PID=46868) to work on /workspaces/hands-on-introduction-data-engineering-4395021/airflow/dags/one_task_dag.py
[2026-01-03T15:10:37.533+0000] {processor.py:826} INFO - Processing file /workspaces/hands-on-introduction-data-engineering-4395021/airflow/dags/one_task_dag.py for tasks to queue
[2026-01-03T15:10:37.535+0000] {logging_mixin.py:150} INFO - [2026-01-03T15:10:37.534+0000] {dagbag.py:541} INFO - Filling up the DagBag from /workspaces/hands-on-introduction-data-engineering-4395021/airflow/dags/one_task_dag.py
[2026-01-03T15:10:37.554+0000] {processor.py:836} INFO - DAG(s) dict_keys(['One_Task_DAG']) retrieved from /workspaces/hands-on-introduction-data-engineering-4395021/airflow/dags/one_task_dag.py
[2026-01-03T15:10:37.627+0000] {logging_mixin.py:150} INFO - [2026-01-03T15:10:37.627+0000] {dag.py:2742} INFO - Sync 1 DAGs
[2026-01-03T15:10:37.681+0000] {logging_mixin.py:150} INFO - [2026-01-03T15:10:37.681+0000] {dag.py:3504} INFO - Setting next_dagrun for One_Task_DAG to None, run_after=None
[2026-01-03T15:10:37.731+0000] {processor.py:179} INFO - Processing /workspaces/hands-on-introduction-data-engineering-4395021/airflow/dags/one_task_dag.py took 0.202 seconds
[2026-01-03T15:10:38.780+0000] {processor.py:157} INFO - Started process (PID=46870) to work on /workspaces/hands-on-introduction-data-engineering-4395021/airflow/dags/one_task_dag.py
[2026-01-03T15:10:38.780+0000] {processor.py:826} INFO - Processing file /workspaces/hands-on-introduction-data-engineering-4395021/airflow/dags/one_task_dag.py for tasks to queue
[2026-01-03T15:10:38.781+0000] {logging_mixin.py:150} INFO - [2026-01-03T15:10:38.781+0000] {dagbag.py:541} INFO - Filling up the DagBag from /workspaces/hands-on-introduction-data-engineering-4395021/airflow/dags/one_task_dag.py
[2026-01-03T15:10:38.784+0000] {logging_mixin.py:150} INFO - [2026-01-03T15:10:38.783+0000] {dagbag.py:350} ERROR - Failed to import: /workspaces/hands-on-introduction-data-engineering-4395021/airflow/dags/one_task_dag.py
Traceback (most recent call last):
  File "/home/vscode/.local/lib/python3.10/site-packages/airflow/models/dagbag.py", line 346, in parse
    loader.exec_module(new_module)
  File "<frozen importlib._bootstrap_external>", line 879, in exec_module
  File "<frozen importlib._bootstrap_external>", line 1017, in get_code
  File "<frozen importlib._bootstrap_external>", line 947, in source_to_code
  File "<frozen importlib._bootstrap>", line 241, in _call_with_frames_removed
  File "/workspaces/hands-on-introduction-data-engineering-4395021/airflow/dags/one_task_dag.py", line 20
    em
    ^^^
SyntaxError: invalid syntax. Perhaps you forgot a comma?
[2026-01-03T15:10:38.784+0000] {processor.py:838} WARNING - No viable dags retrieved from /workspaces/hands-on-introduction-data-engineering-4395021/airflow/dags/one_task_dag.py
[2026-01-03T15:10:38.799+0000] {processor.py:179} INFO - Processing /workspaces/hands-on-introduction-data-engineering-4395021/airflow/dags/one_task_dag.py took 0.022 seconds
[2026-01-03T15:10:42.489+0000] {processor.py:157} INFO - Started process (PID=46904) to work on /workspaces/hands-on-introduction-data-engineering-4395021/airflow/dags/one_task_dag.py
[2026-01-03T15:10:42.489+0000] {processor.py:826} INFO - Processing file /workspaces/hands-on-introduction-data-engineering-4395021/airflow/dags/one_task_dag.py for tasks to queue
[2026-01-03T15:10:42.490+0000] {logging_mixin.py:150} INFO - [2026-01-03T15:10:42.490+0000] {dagbag.py:541} INFO - Filling up the DagBag from /workspaces/hands-on-introduction-data-engineering-4395021/airflow/dags/one_task_dag.py
[2026-01-03T15:10:42.499+0000] {processor.py:836} INFO - DAG(s) dict_keys(['One_Task_DAG']) retrieved from /workspaces/hands-on-introduction-data-engineering-4395021/airflow/dags/one_task_dag.py
[2026-01-03T15:10:42.525+0000] {logging_mixin.py:150} INFO - [2026-01-03T15:10:42.525+0000] {dag.py:2742} INFO - Sync 1 DAGs
[2026-01-03T15:10:42.556+0000] {logging_mixin.py:150} INFO - [2026-01-03T15:10:42.556+0000] {dag.py:3504} INFO - Setting next_dagrun for One_Task_DAG to None, run_after=None
[2026-01-03T15:10:42.638+0000] {processor.py:179} INFO - Processing /workspaces/hands-on-introduction-data-engineering-4395021/airflow/dags/one_task_dag.py took 0.153 seconds
[2026-01-03T15:10:44.496+0000] {processor.py:157} INFO - Started process (PID=46913) to work on /workspaces/hands-on-introduction-data-engineering-4395021/airflow/dags/one_task_dag.py
[2026-01-03T15:10:44.497+0000] {processor.py:826} INFO - Processing file /workspaces/hands-on-introduction-data-engineering-4395021/airflow/dags/one_task_dag.py for tasks to queue
[2026-01-03T15:10:44.498+0000] {logging_mixin.py:150} INFO - [2026-01-03T15:10:44.498+0000] {dagbag.py:541} INFO - Filling up the DagBag from /workspaces/hands-on-introduction-data-engineering-4395021/airflow/dags/one_task_dag.py
[2026-01-03T15:10:44.501+0000] {logging_mixin.py:150} INFO - [2026-01-03T15:10:44.501+0000] {dagbag.py:350} ERROR - Failed to import: /workspaces/hands-on-introduction-data-engineering-4395021/airflow/dags/one_task_dag.py
Traceback (most recent call last):
  File "/home/vscode/.local/lib/python3.10/site-packages/airflow/models/dagbag.py", line 346, in parse
    loader.exec_module(new_module)
  File "<frozen importlib._bootstrap_external>", line 879, in exec_module
  File "<frozen importlib._bootstrap_external>", line 1017, in get_code
  File "<frozen importlib._bootstrap_external>", line 947, in source_to_code
  File "<frozen importlib._bootstrap>", line 241, in _call_with_frames_removed
  File "/workspaces/hands-on-introduction-data-engineering-4395021/airflow/dags/one_task_dag.py", line 20
    bash
    ^^^
SyntaxError: invalid syntax. Perhaps you forgot a comma?
[2026-01-03T15:10:44.502+0000] {processor.py:838} WARNING - No viable dags retrieved from /workspaces/hands-on-introduction-data-engineering-4395021/airflow/dags/one_task_dag.py
[2026-01-03T15:10:44.517+0000] {processor.py:179} INFO - Processing /workspaces/hands-on-introduction-data-engineering-4395021/airflow/dags/one_task_dag.py took 0.024 seconds
[2026-01-03T15:10:48.744+0000] {processor.py:157} INFO - Started process (PID=46941) to work on /workspaces/hands-on-introduction-data-engineering-4395021/airflow/dags/one_task_dag.py
[2026-01-03T15:10:48.747+0000] {processor.py:826} INFO - Processing file /workspaces/hands-on-introduction-data-engineering-4395021/airflow/dags/one_task_dag.py for tasks to queue
[2026-01-03T15:10:48.749+0000] {logging_mixin.py:150} INFO - [2026-01-03T15:10:48.748+0000] {dagbag.py:541} INFO - Filling up the DagBag from /workspaces/hands-on-introduction-data-engineering-4395021/airflow/dags/one_task_dag.py
[2026-01-03T15:10:48.755+0000] {logging_mixin.py:150} INFO - [2026-01-03T15:10:48.754+0000] {dagbag.py:350} ERROR - Failed to import: /workspaces/hands-on-introduction-data-engineering-4395021/airflow/dags/one_task_dag.py
Traceback (most recent call last):
  File "/home/vscode/.local/lib/python3.10/site-packages/airflow/models/dagbag.py", line 346, in parse
    loader.exec_module(new_module)
  File "<frozen importlib._bootstrap_external>", line 879, in exec_module
  File "<frozen importlib._bootstrap_external>", line 1017, in get_code
  File "<frozen importlib._bootstrap_external>", line 947, in source_to_code
  File "<frozen importlib._bootstrap>", line 241, in _call_with_frames_removed
  File "/workspaces/hands-on-introduction-data-engineering-4395021/airflow/dags/one_task_dag.py", line 20
    bash_
    ^^^
SyntaxError: invalid syntax. Perhaps you forgot a comma?
[2026-01-03T15:10:48.758+0000] {processor.py:838} WARNING - No viable dags retrieved from /workspaces/hands-on-introduction-data-engineering-4395021/airflow/dags/one_task_dag.py
[2026-01-03T15:10:48.801+0000] {processor.py:179} INFO - Processing /workspaces/hands-on-introduction-data-engineering-4395021/airflow/dags/one_task_dag.py took 0.069 seconds
[2026-01-03T15:10:51.485+0000] {processor.py:157} INFO - Started process (PID=46968) to work on /workspaces/hands-on-introduction-data-engineering-4395021/airflow/dags/one_task_dag.py
[2026-01-03T15:10:51.485+0000] {processor.py:826} INFO - Processing file /workspaces/hands-on-introduction-data-engineering-4395021/airflow/dags/one_task_dag.py for tasks to queue
[2026-01-03T15:10:51.486+0000] {logging_mixin.py:150} INFO - [2026-01-03T15:10:51.486+0000] {dagbag.py:541} INFO - Filling up the DagBag from /workspaces/hands-on-introduction-data-engineering-4395021/airflow/dags/one_task_dag.py
[2026-01-03T15:10:51.491+0000] {logging_mixin.py:150} INFO - [2026-01-03T15:10:51.490+0000] {dagbag.py:350} ERROR - Failed to import: /workspaces/hands-on-introduction-data-engineering-4395021/airflow/dags/one_task_dag.py
Traceback (most recent call last):
  File "/home/vscode/.local/lib/python3.10/site-packages/airflow/models/dagbag.py", line 346, in parse
    loader.exec_module(new_module)
  File "<frozen importlib._bootstrap_external>", line 879, in exec_module
  File "<frozen importlib._bootstrap_external>", line 1017, in get_code
  File "<frozen importlib._bootstrap_external>", line 947, in source_to_code
  File "<frozen importlib._bootstrap>", line 241, in _call_with_frames_removed
  File "/workspaces/hands-on-introduction-data-engineering-4395021/airflow/dags/one_task_dag.py", line 20
    bash_command
    ^^^
SyntaxError: invalid syntax. Perhaps you forgot a comma?
[2026-01-03T15:10:51.491+0000] {processor.py:838} WARNING - No viable dags retrieved from /workspaces/hands-on-introduction-data-engineering-4395021/airflow/dags/one_task_dag.py
[2026-01-03T15:10:51.508+0000] {processor.py:179} INFO - Processing /workspaces/hands-on-introduction-data-engineering-4395021/airflow/dags/one_task_dag.py took 0.026 seconds
[2026-01-03T15:10:56.748+0000] {processor.py:157} INFO - Started process (PID=47003) to work on /workspaces/hands-on-introduction-data-engineering-4395021/airflow/dags/one_task_dag.py
[2026-01-03T15:10:56.749+0000] {processor.py:826} INFO - Processing file /workspaces/hands-on-introduction-data-engineering-4395021/airflow/dags/one_task_dag.py for tasks to queue
[2026-01-03T15:10:56.750+0000] {logging_mixin.py:150} INFO - [2026-01-03T15:10:56.750+0000] {dagbag.py:541} INFO - Filling up the DagBag from /workspaces/hands-on-introduction-data-engineering-4395021/airflow/dags/one_task_dag.py
[2026-01-03T15:10:56.753+0000] {logging_mixin.py:150} INFO - [2026-01-03T15:10:56.752+0000] {dagbag.py:350} ERROR - Failed to import: /workspaces/hands-on-introduction-data-engineering-4395021/airflow/dags/one_task_dag.py
Traceback (most recent call last):
  File "/home/vscode/.local/lib/python3.10/site-packages/airflow/models/dagbag.py", line 346, in parse
    loader.exec_module(new_module)
  File "<frozen importlib._bootstrap_external>", line 879, in exec_module
  File "<frozen importlib._bootstrap_external>", line 1017, in get_code
  File "<frozen importlib._bootstrap_external>", line 947, in source_to_code
  File "<frozen importlib._bootstrap>", line 241, in _call_with_frames_removed
  File "/workspaces/hands-on-introduction-data-engineering-4395021/airflow/dags/one_task_dag.py", line 21
    dag=dag)
       ^
SyntaxError: invalid syntax
[2026-01-03T15:10:56.753+0000] {processor.py:838} WARNING - No viable dags retrieved from /workspaces/hands-on-introduction-data-engineering-4395021/airflow/dags/one_task_dag.py
[2026-01-03T15:10:56.767+0000] {processor.py:179} INFO - Processing /workspaces/hands-on-introduction-data-engineering-4395021/airflow/dags/one_task_dag.py took 0.022 seconds
[2026-01-03T15:10:59.722+0000] {processor.py:157} INFO - Started process (PID=47013) to work on /workspaces/hands-on-introduction-data-engineering-4395021/airflow/dags/one_task_dag.py
[2026-01-03T15:10:59.723+0000] {processor.py:826} INFO - Processing file /workspaces/hands-on-introduction-data-engineering-4395021/airflow/dags/one_task_dag.py for tasks to queue
[2026-01-03T15:10:59.724+0000] {logging_mixin.py:150} INFO - [2026-01-03T15:10:59.724+0000] {dagbag.py:541} INFO - Filling up the DagBag from /workspaces/hands-on-introduction-data-engineering-4395021/airflow/dags/one_task_dag.py
[2026-01-03T15:10:59.727+0000] {logging_mixin.py:150} INFO - [2026-01-03T15:10:59.726+0000] {dagbag.py:350} ERROR - Failed to import: /workspaces/hands-on-introduction-data-engineering-4395021/airflow/dags/one_task_dag.py
Traceback (most recent call last):
  File "/home/vscode/.local/lib/python3.10/site-packages/airflow/models/dagbag.py", line 346, in parse
    loader.exec_module(new_module)
  File "<frozen importlib._bootstrap_external>", line 879, in exec_module
  File "<frozen importlib._bootstrap_external>", line 1017, in get_code
  File "<frozen importlib._bootstrap_external>", line 947, in source_to_code
  File "<frozen importlib._bootstrap>", line 241, in _call_with_frames_removed
  File "/workspaces/hands-on-introduction-data-engineering-4395021/airflow/dags/one_task_dag.py", line 20
    bash_command=,
                 ^
SyntaxError: invalid syntax
[2026-01-03T15:10:59.727+0000] {processor.py:838} WARNING - No viable dags retrieved from /workspaces/hands-on-introduction-data-engineering-4395021/airflow/dags/one_task_dag.py
[2026-01-03T15:10:59.741+0000] {processor.py:179} INFO - Processing /workspaces/hands-on-introduction-data-engineering-4395021/airflow/dags/one_task_dag.py took 0.021 seconds
[2026-01-03T15:11:04.634+0000] {processor.py:157} INFO - Started process (PID=47054) to work on /workspaces/hands-on-introduction-data-engineering-4395021/airflow/dags/one_task_dag.py
[2026-01-03T15:11:04.635+0000] {processor.py:826} INFO - Processing file /workspaces/hands-on-introduction-data-engineering-4395021/airflow/dags/one_task_dag.py for tasks to queue
[2026-01-03T15:11:04.635+0000] {logging_mixin.py:150} INFO - [2026-01-03T15:11:04.635+0000] {dagbag.py:541} INFO - Filling up the DagBag from /workspaces/hands-on-introduction-data-engineering-4395021/airflow/dags/one_task_dag.py
[2026-01-03T15:11:04.642+0000] {logging_mixin.py:150} INFO - [2026-01-03T15:11:04.641+0000] {dagbag.py:350} ERROR - Failed to import: /workspaces/hands-on-introduction-data-engineering-4395021/airflow/dags/one_task_dag.py
Traceback (most recent call last):
  File "/home/vscode/.local/lib/python3.10/site-packages/airflow/models/dagbag.py", line 346, in parse
    loader.exec_module(new_module)
  File "<frozen importlib._bootstrap_external>", line 883, in exec_module
  File "<frozen importlib._bootstrap>", line 241, in _call_with_frames_removed
  File "/workspaces/hands-on-introduction-data-engineering-4395021/airflow/dags/one_task_dag.py", line 19, in <module>
    task1=BaseOperator(task_id='task_one',
  File "/home/vscode/.local/lib/python3.10/site-packages/airflow/models/baseoperator.py", line 429, in apply_defaults
    result = func(self, **kwargs, default_args=default_args)
  File "/home/vscode/.local/lib/python3.10/site-packages/airflow/models/baseoperator.py", line 788, in __init__
    raise AirflowException(
airflow.exceptions.AirflowException: Invalid arguments were passed to BaseOperator (task_id: task_one). Invalid arguments were:
**kwargs: {'bash_command': ''}
[2026-01-03T15:11:04.643+0000] {processor.py:838} WARNING - No viable dags retrieved from /workspaces/hands-on-introduction-data-engineering-4395021/airflow/dags/one_task_dag.py
[2026-01-03T15:11:04.656+0000] {processor.py:179} INFO - Processing /workspaces/hands-on-introduction-data-engineering-4395021/airflow/dags/one_task_dag.py took 0.024 seconds
[2026-01-03T15:11:35.048+0000] {processor.py:157} INFO - Started process (PID=47244) to work on /workspaces/hands-on-introduction-data-engineering-4395021/airflow/dags/one_task_dag.py
[2026-01-03T15:11:35.049+0000] {processor.py:826} INFO - Processing file /workspaces/hands-on-introduction-data-engineering-4395021/airflow/dags/one_task_dag.py for tasks to queue
[2026-01-03T15:11:35.049+0000] {logging_mixin.py:150} INFO - [2026-01-03T15:11:35.049+0000] {dagbag.py:541} INFO - Filling up the DagBag from /workspaces/hands-on-introduction-data-engineering-4395021/airflow/dags/one_task_dag.py
[2026-01-03T15:11:35.055+0000] {logging_mixin.py:150} INFO - [2026-01-03T15:11:35.054+0000] {dagbag.py:350} ERROR - Failed to import: /workspaces/hands-on-introduction-data-engineering-4395021/airflow/dags/one_task_dag.py
Traceback (most recent call last):
  File "/home/vscode/.local/lib/python3.10/site-packages/airflow/models/dagbag.py", line 346, in parse
    loader.exec_module(new_module)
  File "<frozen importlib._bootstrap_external>", line 883, in exec_module
  File "<frozen importlib._bootstrap>", line 241, in _call_with_frames_removed
  File "/workspaces/hands-on-introduction-data-engineering-4395021/airflow/dags/one_task_dag.py", line 19, in <module>
    task1=BaseOperator(task_id='task_one',
  File "/home/vscode/.local/lib/python3.10/site-packages/airflow/models/baseoperator.py", line 429, in apply_defaults
    result = func(self, **kwargs, default_args=default_args)
  File "/home/vscode/.local/lib/python3.10/site-packages/airflow/models/baseoperator.py", line 788, in __init__
    raise AirflowException(
airflow.exceptions.AirflowException: Invalid arguments were passed to BaseOperator (task_id: task_one). Invalid arguments were:
**kwargs: {'bash_command': ''}
[2026-01-03T15:11:35.056+0000] {processor.py:838} WARNING - No viable dags retrieved from /workspaces/hands-on-introduction-data-engineering-4395021/airflow/dags/one_task_dag.py
[2026-01-03T15:11:35.069+0000] {processor.py:179} INFO - Processing /workspaces/hands-on-introduction-data-engineering-4395021/airflow/dags/one_task_dag.py took 0.024 seconds
[2026-01-03T15:11:55.280+0000] {processor.py:157} INFO - Started process (PID=47365) to work on /workspaces/hands-on-introduction-data-engineering-4395021/airflow/dags/one_task_dag.py
[2026-01-03T15:11:55.281+0000] {processor.py:826} INFO - Processing file /workspaces/hands-on-introduction-data-engineering-4395021/airflow/dags/one_task_dag.py for tasks to queue
[2026-01-03T15:11:55.282+0000] {logging_mixin.py:150} INFO - [2026-01-03T15:11:55.282+0000] {dagbag.py:541} INFO - Filling up the DagBag from /workspaces/hands-on-introduction-data-engineering-4395021/airflow/dags/one_task_dag.py
[2026-01-03T15:11:55.289+0000] {logging_mixin.py:150} INFO - [2026-01-03T15:11:55.285+0000] {dagbag.py:350} ERROR - Failed to import: /workspaces/hands-on-introduction-data-engineering-4395021/airflow/dags/one_task_dag.py
Traceback (most recent call last):
  File "/home/vscode/.local/lib/python3.10/site-packages/airflow/models/dagbag.py", line 346, in parse
    loader.exec_module(new_module)
  File "<frozen importlib._bootstrap_external>", line 883, in exec_module
  File "<frozen importlib._bootstrap>", line 241, in _call_with_frames_removed
  File "/workspaces/hands-on-introduction-data-engineering-4395021/airflow/dags/one_task_dag.py", line 2, in <module>
    from airflow.operators.bash_ import BaseOperator
ModuleNotFoundError: No module named 'airflow.operators.bash_'
[2026-01-03T15:11:55.289+0000] {processor.py:838} WARNING - No viable dags retrieved from /workspaces/hands-on-introduction-data-engineering-4395021/airflow/dags/one_task_dag.py
[2026-01-03T15:11:55.309+0000] {processor.py:179} INFO - Processing /workspaces/hands-on-introduction-data-engineering-4395021/airflow/dags/one_task_dag.py took 0.032 seconds
[2026-01-03T15:11:58.985+0000] {processor.py:157} INFO - Started process (PID=47415) to work on /workspaces/hands-on-introduction-data-engineering-4395021/airflow/dags/one_task_dag.py
[2026-01-03T15:11:58.986+0000] {processor.py:826} INFO - Processing file /workspaces/hands-on-introduction-data-engineering-4395021/airflow/dags/one_task_dag.py for tasks to queue
[2026-01-03T15:11:58.987+0000] {logging_mixin.py:150} INFO - [2026-01-03T15:11:58.986+0000] {dagbag.py:541} INFO - Filling up the DagBag from /workspaces/hands-on-introduction-data-engineering-4395021/airflow/dags/one_task_dag.py
[2026-01-03T15:11:58.990+0000] {logging_mixin.py:150} INFO - [2026-01-03T15:11:58.989+0000] {dagbag.py:350} ERROR - Failed to import: /workspaces/hands-on-introduction-data-engineering-4395021/airflow/dags/one_task_dag.py
Traceback (most recent call last):
  File "/home/vscode/.local/lib/python3.10/site-packages/airflow/models/dagbag.py", line 346, in parse
    loader.exec_module(new_module)
  File "<frozen importlib._bootstrap_external>", line 883, in exec_module
  File "<frozen importlib._bootstrap>", line 241, in _call_with_frames_removed
  File "/workspaces/hands-on-introduction-data-engineering-4395021/airflow/dags/one_task_dag.py", line 2, in <module>
    from airflow.operators import BaseOperator
ImportError: cannot import name 'BaseOperator' from 'airflow.operators' (/home/vscode/.local/lib/python3.10/site-packages/airflow/operators/__init__.py)
[2026-01-03T15:11:58.990+0000] {processor.py:838} WARNING - No viable dags retrieved from /workspaces/hands-on-introduction-data-engineering-4395021/airflow/dags/one_task_dag.py
[2026-01-03T15:11:59.004+0000] {processor.py:179} INFO - Processing /workspaces/hands-on-introduction-data-engineering-4395021/airflow/dags/one_task_dag.py took 0.022 seconds
[2026-01-03T15:12:00.116+0000] {processor.py:157} INFO - Started process (PID=47422) to work on /workspaces/hands-on-introduction-data-engineering-4395021/airflow/dags/one_task_dag.py
[2026-01-03T15:12:00.117+0000] {processor.py:826} INFO - Processing file /workspaces/hands-on-introduction-data-engineering-4395021/airflow/dags/one_task_dag.py for tasks to queue
[2026-01-03T15:12:00.118+0000] {logging_mixin.py:150} INFO - [2026-01-03T15:12:00.117+0000] {dagbag.py:541} INFO - Filling up the DagBag from /workspaces/hands-on-introduction-data-engineering-4395021/airflow/dags/one_task_dag.py
[2026-01-03T15:12:00.121+0000] {logging_mixin.py:150} INFO - [2026-01-03T15:12:00.120+0000] {dagbag.py:350} ERROR - Failed to import: /workspaces/hands-on-introduction-data-engineering-4395021/airflow/dags/one_task_dag.py
Traceback (most recent call last):
  File "/home/vscode/.local/lib/python3.10/site-packages/airflow/models/dagbag.py", line 346, in parse
    loader.exec_module(new_module)
  File "<frozen importlib._bootstrap_external>", line 879, in exec_module
  File "<frozen importlib._bootstrap_external>", line 1017, in get_code
  File "<frozen importlib._bootstrap_external>", line 947, in source_to_code
  File "<frozen importlib._bootstrap>", line 241, in _call_with_frames_removed
  File "/workspaces/hands-on-introduction-data-engineering-4395021/airflow/dags/one_task_dag.py", line 2
    from airflow.operators. import BaseOperator
                            ^^^^^^
SyntaxError: invalid syntax
[2026-01-03T15:12:00.122+0000] {processor.py:838} WARNING - No viable dags retrieved from /workspaces/hands-on-introduction-data-engineering-4395021/airflow/dags/one_task_dag.py
[2026-01-03T15:12:00.135+0000] {processor.py:179} INFO - Processing /workspaces/hands-on-introduction-data-engineering-4395021/airflow/dags/one_task_dag.py took 0.022 seconds
[2026-01-03T15:12:12.756+0000] {processor.py:157} INFO - Started process (PID=47538) to work on /workspaces/hands-on-introduction-data-engineering-4395021/airflow/dags/one_task_dag.py
[2026-01-03T15:12:12.757+0000] {processor.py:826} INFO - Processing file /workspaces/hands-on-introduction-data-engineering-4395021/airflow/dags/one_task_dag.py for tasks to queue
[2026-01-03T15:12:12.758+0000] {logging_mixin.py:150} INFO - [2026-01-03T15:12:12.757+0000] {dagbag.py:541} INFO - Filling up the DagBag from /workspaces/hands-on-introduction-data-engineering-4395021/airflow/dags/one_task_dag.py
[2026-01-03T15:12:12.764+0000] {logging_mixin.py:150} INFO - [2026-01-03T15:12:12.763+0000] {dagbag.py:350} ERROR - Failed to import: /workspaces/hands-on-introduction-data-engineering-4395021/airflow/dags/one_task_dag.py
Traceback (most recent call last):
  File "/home/vscode/.local/lib/python3.10/site-packages/airflow/models/dagbag.py", line 346, in parse
    loader.exec_module(new_module)
  File "<frozen importlib._bootstrap_external>", line 883, in exec_module
  File "<frozen importlib._bootstrap>", line 241, in _call_with_frames_removed
  File "/workspaces/hands-on-introduction-data-engineering-4395021/airflow/dags/one_task_dag.py", line 19, in <module>
    task1=BaseOperator(task_id='task_one',
  File "/home/vscode/.local/lib/python3.10/site-packages/airflow/models/baseoperator.py", line 429, in apply_defaults
    result = func(self, **kwargs, default_args=default_args)
  File "/home/vscode/.local/lib/python3.10/site-packages/airflow/models/baseoperator.py", line 788, in __init__
    raise AirflowException(
airflow.exceptions.AirflowException: Invalid arguments were passed to BaseOperator (task_id: task_one). Invalid arguments were:
**kwargs: {'bash_command': ''}
[2026-01-03T15:12:12.764+0000] {processor.py:838} WARNING - No viable dags retrieved from /workspaces/hands-on-introduction-data-engineering-4395021/airflow/dags/one_task_dag.py
[2026-01-03T15:12:12.788+0000] {processor.py:179} INFO - Processing /workspaces/hands-on-introduction-data-engineering-4395021/airflow/dags/one_task_dag.py took 0.035 seconds
[2026-01-03T15:12:18.638+0000] {processor.py:157} INFO - Started process (PID=47574) to work on /workspaces/hands-on-introduction-data-engineering-4395021/airflow/dags/one_task_dag.py
[2026-01-03T15:12:18.639+0000] {processor.py:826} INFO - Processing file /workspaces/hands-on-introduction-data-engineering-4395021/airflow/dags/one_task_dag.py for tasks to queue
[2026-01-03T15:12:18.639+0000] {logging_mixin.py:150} INFO - [2026-01-03T15:12:18.639+0000] {dagbag.py:541} INFO - Filling up the DagBag from /workspaces/hands-on-introduction-data-engineering-4395021/airflow/dags/one_task_dag.py
[2026-01-03T15:12:18.643+0000] {logging_mixin.py:150} INFO - [2026-01-03T15:12:18.642+0000] {dagbag.py:350} ERROR - Failed to import: /workspaces/hands-on-introduction-data-engineering-4395021/airflow/dags/one_task_dag.py
Traceback (most recent call last):
  File "/home/vscode/.local/lib/python3.10/site-packages/airflow/models/dagbag.py", line 346, in parse
    loader.exec_module(new_module)
  File "<frozen importlib._bootstrap_external>", line 883, in exec_module
  File "<frozen importlib._bootstrap>", line 241, in _call_with_frames_removed
  File "/workspaces/hands-on-introduction-data-engineering-4395021/airflow/dags/one_task_dag.py", line 2, in <module>
    from airflow.operators.bash import bash
ImportError: cannot import name 'bash' from 'airflow.operators.bash' (/home/vscode/.local/lib/python3.10/site-packages/airflow/operators/bash.py)
[2026-01-03T15:12:18.643+0000] {processor.py:838} WARNING - No viable dags retrieved from /workspaces/hands-on-introduction-data-engineering-4395021/airflow/dags/one_task_dag.py
[2026-01-03T15:12:18.657+0000] {processor.py:179} INFO - Processing /workspaces/hands-on-introduction-data-engineering-4395021/airflow/dags/one_task_dag.py took 0.021 seconds
[2026-01-03T15:12:19.768+0000] {processor.py:157} INFO - Started process (PID=47587) to work on /workspaces/hands-on-introduction-data-engineering-4395021/airflow/dags/one_task_dag.py
[2026-01-03T15:12:19.769+0000] {processor.py:826} INFO - Processing file /workspaces/hands-on-introduction-data-engineering-4395021/airflow/dags/one_task_dag.py for tasks to queue
[2026-01-03T15:12:19.770+0000] {logging_mixin.py:150} INFO - [2026-01-03T15:12:19.769+0000] {dagbag.py:541} INFO - Filling up the DagBag from /workspaces/hands-on-introduction-data-engineering-4395021/airflow/dags/one_task_dag.py
[2026-01-03T15:12:19.776+0000] {logging_mixin.py:150} INFO - [2026-01-03T15:12:19.775+0000] {dagbag.py:350} ERROR - Failed to import: /workspaces/hands-on-introduction-data-engineering-4395021/airflow/dags/one_task_dag.py
Traceback (most recent call last):
  File "/home/vscode/.local/lib/python3.10/site-packages/airflow/models/dagbag.py", line 346, in parse
    loader.exec_module(new_module)
  File "<frozen importlib._bootstrap_external>", line 883, in exec_module
  File "<frozen importlib._bootstrap>", line 241, in _call_with_frames_removed
  File "/workspaces/hands-on-introduction-data-engineering-4395021/airflow/dags/one_task_dag.py", line 19, in <module>
    task1=BaseOperator(task_id='task_one',
NameError: name 'BaseOperator' is not defined. Did you mean: 'BashOperator'?
[2026-01-03T15:12:19.777+0000] {processor.py:838} WARNING - No viable dags retrieved from /workspaces/hands-on-introduction-data-engineering-4395021/airflow/dags/one_task_dag.py
[2026-01-03T15:12:19.789+0000] {processor.py:179} INFO - Processing /workspaces/hands-on-introduction-data-engineering-4395021/airflow/dags/one_task_dag.py took 0.024 seconds
[2026-01-03T15:12:26.743+0000] {processor.py:157} INFO - Started process (PID=47630) to work on /workspaces/hands-on-introduction-data-engineering-4395021/airflow/dags/one_task_dag.py
[2026-01-03T15:12:26.744+0000] {processor.py:826} INFO - Processing file /workspaces/hands-on-introduction-data-engineering-4395021/airflow/dags/one_task_dag.py for tasks to queue
[2026-01-03T15:12:26.745+0000] {logging_mixin.py:150} INFO - [2026-01-03T15:12:26.744+0000] {dagbag.py:541} INFO - Filling up the DagBag from /workspaces/hands-on-introduction-data-engineering-4395021/airflow/dags/one_task_dag.py
[2026-01-03T15:12:26.750+0000] {logging_mixin.py:150} INFO - [2026-01-03T15:12:26.749+0000] {dagbag.py:350} ERROR - Failed to import: /workspaces/hands-on-introduction-data-engineering-4395021/airflow/dags/one_task_dag.py
Traceback (most recent call last):
  File "/home/vscode/.local/lib/python3.10/site-packages/airflow/models/dagbag.py", line 346, in parse
    loader.exec_module(new_module)
  File "<frozen importlib._bootstrap_external>", line 883, in exec_module
  File "<frozen importlib._bootstrap>", line 241, in _call_with_frames_removed
  File "/workspaces/hands-on-introduction-data-engineering-4395021/airflow/dags/one_task_dag.py", line 19, in <module>
    task1=bash(task_id='task_one',
NameError: name 'bash' is not defined. Did you mean: 'hash'?
[2026-01-03T15:12:26.751+0000] {processor.py:838} WARNING - No viable dags retrieved from /workspaces/hands-on-introduction-data-engineering-4395021/airflow/dags/one_task_dag.py
[2026-01-03T15:12:26.764+0000] {processor.py:179} INFO - Processing /workspaces/hands-on-introduction-data-engineering-4395021/airflow/dags/one_task_dag.py took 0.023 seconds
[2026-01-03T15:12:29.048+0000] {processor.py:157} INFO - Started process (PID=47645) to work on /workspaces/hands-on-introduction-data-engineering-4395021/airflow/dags/one_task_dag.py
[2026-01-03T15:12:29.048+0000] {processor.py:826} INFO - Processing file /workspaces/hands-on-introduction-data-engineering-4395021/airflow/dags/one_task_dag.py for tasks to queue
[2026-01-03T15:12:29.049+0000] {logging_mixin.py:150} INFO - [2026-01-03T15:12:29.049+0000] {dagbag.py:541} INFO - Filling up the DagBag from /workspaces/hands-on-introduction-data-engineering-4395021/airflow/dags/one_task_dag.py
[2026-01-03T15:12:29.058+0000] {processor.py:836} INFO - DAG(s) dict_keys(['One_Task_DAG']) retrieved from /workspaces/hands-on-introduction-data-engineering-4395021/airflow/dags/one_task_dag.py
[2026-01-03T15:12:29.133+0000] {logging_mixin.py:150} INFO - [2026-01-03T15:12:29.133+0000] {dag.py:2742} INFO - Sync 1 DAGs
[2026-01-03T15:12:29.147+0000] {logging_mixin.py:150} INFO - [2026-01-03T15:12:29.146+0000] {dag.py:3504} INFO - Setting next_dagrun for One_Task_DAG to None, run_after=None
[2026-01-03T15:12:29.164+0000] {processor.py:179} INFO - Processing /workspaces/hands-on-introduction-data-engineering-4395021/airflow/dags/one_task_dag.py took 0.119 seconds
[2026-01-03T15:12:37.861+0000] {processor.py:157} INFO - Started process (PID=47707) to work on /workspaces/hands-on-introduction-data-engineering-4395021/airflow/dags/one_task_dag.py
[2026-01-03T15:12:37.862+0000] {processor.py:826} INFO - Processing file /workspaces/hands-on-introduction-data-engineering-4395021/airflow/dags/one_task_dag.py for tasks to queue
[2026-01-03T15:12:37.862+0000] {logging_mixin.py:150} INFO - [2026-01-03T15:12:37.862+0000] {dagbag.py:541} INFO - Filling up the DagBag from /workspaces/hands-on-introduction-data-engineering-4395021/airflow/dags/one_task_dag.py
[2026-01-03T15:12:37.872+0000] {processor.py:836} INFO - DAG(s) dict_keys(['One_Task_DAG']) retrieved from /workspaces/hands-on-introduction-data-engineering-4395021/airflow/dags/one_task_dag.py
[2026-01-03T15:12:37.878+0000] {logging_mixin.py:150} INFO - [2026-01-03T15:12:37.878+0000] {dag.py:2742} INFO - Sync 1 DAGs
[2026-01-03T15:12:37.894+0000] {logging_mixin.py:150} INFO - [2026-01-03T15:12:37.894+0000] {dag.py:3504} INFO - Setting next_dagrun for One_Task_DAG to None, run_after=None
[2026-01-03T15:12:37.911+0000] {processor.py:179} INFO - Processing /workspaces/hands-on-introduction-data-engineering-4395021/airflow/dags/one_task_dag.py took 0.052 seconds
[2026-01-03T15:12:40.025+0000] {processor.py:157} INFO - Started process (PID=47727) to work on /workspaces/hands-on-introduction-data-engineering-4395021/airflow/dags/one_task_dag.py
[2026-01-03T15:12:40.029+0000] {processor.py:826} INFO - Processing file /workspaces/hands-on-introduction-data-engineering-4395021/airflow/dags/one_task_dag.py for tasks to queue
[2026-01-03T15:12:40.030+0000] {logging_mixin.py:150} INFO - [2026-01-03T15:12:40.030+0000] {dagbag.py:541} INFO - Filling up the DagBag from /workspaces/hands-on-introduction-data-engineering-4395021/airflow/dags/one_task_dag.py
[2026-01-03T15:12:40.045+0000] {processor.py:836} INFO - DAG(s) dict_keys(['One_Task_DAG']) retrieved from /workspaces/hands-on-introduction-data-engineering-4395021/airflow/dags/one_task_dag.py
[2026-01-03T15:12:40.054+0000] {logging_mixin.py:150} INFO - [2026-01-03T15:12:40.054+0000] {dag.py:2742} INFO - Sync 1 DAGs
[2026-01-03T15:12:40.096+0000] {logging_mixin.py:150} INFO - [2026-01-03T15:12:40.096+0000] {dag.py:3504} INFO - Setting next_dagrun for One_Task_DAG to None, run_after=None
[2026-01-03T15:12:40.152+0000] {processor.py:179} INFO - Processing /workspaces/hands-on-introduction-data-engineering-4395021/airflow/dags/one_task_dag.py took 0.130 seconds
[2026-01-03T15:12:44.074+0000] {processor.py:157} INFO - Started process (PID=47750) to work on /workspaces/hands-on-introduction-data-engineering-4395021/airflow/dags/one_task_dag.py
[2026-01-03T15:12:44.075+0000] {processor.py:826} INFO - Processing file /workspaces/hands-on-introduction-data-engineering-4395021/airflow/dags/one_task_dag.py for tasks to queue
[2026-01-03T15:12:44.076+0000] {logging_mixin.py:150} INFO - [2026-01-03T15:12:44.076+0000] {dagbag.py:541} INFO - Filling up the DagBag from /workspaces/hands-on-introduction-data-engineering-4395021/airflow/dags/one_task_dag.py
[2026-01-03T15:12:44.085+0000] {processor.py:836} INFO - DAG(s) dict_keys(['One_Task_DAG']) retrieved from /workspaces/hands-on-introduction-data-engineering-4395021/airflow/dags/one_task_dag.py
[2026-01-03T15:12:44.092+0000] {logging_mixin.py:150} INFO - [2026-01-03T15:12:44.092+0000] {dag.py:2742} INFO - Sync 1 DAGs
[2026-01-03T15:12:44.107+0000] {logging_mixin.py:150} INFO - [2026-01-03T15:12:44.107+0000] {dag.py:3504} INFO - Setting next_dagrun for One_Task_DAG to None, run_after=None
[2026-01-03T15:12:44.123+0000] {processor.py:179} INFO - Processing /workspaces/hands-on-introduction-data-engineering-4395021/airflow/dags/one_task_dag.py took 0.051 seconds
[2026-01-03T15:12:45.873+0000] {processor.py:157} INFO - Started process (PID=47764) to work on /workspaces/hands-on-introduction-data-engineering-4395021/airflow/dags/one_task_dag.py
[2026-01-03T15:12:45.874+0000] {processor.py:826} INFO - Processing file /workspaces/hands-on-introduction-data-engineering-4395021/airflow/dags/one_task_dag.py for tasks to queue
[2026-01-03T15:12:45.875+0000] {logging_mixin.py:150} INFO - [2026-01-03T15:12:45.874+0000] {dagbag.py:541} INFO - Filling up the DagBag from /workspaces/hands-on-introduction-data-engineering-4395021/airflow/dags/one_task_dag.py
[2026-01-03T15:12:45.883+0000] {processor.py:836} INFO - DAG(s) dict_keys(['One_Task_DAG']) retrieved from /workspaces/hands-on-introduction-data-engineering-4395021/airflow/dags/one_task_dag.py
[2026-01-03T15:12:45.890+0000] {logging_mixin.py:150} INFO - [2026-01-03T15:12:45.890+0000] {dag.py:2742} INFO - Sync 1 DAGs
[2026-01-03T15:12:45.918+0000] {logging_mixin.py:150} INFO - [2026-01-03T15:12:45.917+0000] {dag.py:3504} INFO - Setting next_dagrun for One_Task_DAG to None, run_after=None
[2026-01-03T15:12:45.943+0000] {processor.py:179} INFO - Processing /workspaces/hands-on-introduction-data-engineering-4395021/airflow/dags/one_task_dag.py took 0.073 seconds
[2026-01-03T15:12:50.873+0000] {processor.py:157} INFO - Started process (PID=47793) to work on /workspaces/hands-on-introduction-data-engineering-4395021/airflow/dags/one_task_dag.py
[2026-01-03T15:12:50.875+0000] {processor.py:826} INFO - Processing file /workspaces/hands-on-introduction-data-engineering-4395021/airflow/dags/one_task_dag.py for tasks to queue
[2026-01-03T15:12:50.876+0000] {logging_mixin.py:150} INFO - [2026-01-03T15:12:50.876+0000] {dagbag.py:541} INFO - Filling up the DagBag from /workspaces/hands-on-introduction-data-engineering-4395021/airflow/dags/one_task_dag.py
[2026-01-03T15:12:50.888+0000] {processor.py:836} INFO - DAG(s) dict_keys(['One_Task_DAG']) retrieved from /workspaces/hands-on-introduction-data-engineering-4395021/airflow/dags/one_task_dag.py
[2026-01-03T15:12:50.897+0000] {logging_mixin.py:150} INFO - [2026-01-03T15:12:50.897+0000] {dag.py:2742} INFO - Sync 1 DAGs
[2026-01-03T15:12:50.912+0000] {logging_mixin.py:150} INFO - [2026-01-03T15:12:50.912+0000] {dag.py:3504} INFO - Setting next_dagrun for One_Task_DAG to None, run_after=None
[2026-01-03T15:12:50.927+0000] {processor.py:179} INFO - Processing /workspaces/hands-on-introduction-data-engineering-4395021/airflow/dags/one_task_dag.py took 0.058 seconds
[2026-01-03T15:13:04.160+0000] {processor.py:157} INFO - Started process (PID=47909) to work on /workspaces/hands-on-introduction-data-engineering-4395021/airflow/dags/one_task_dag.py
[2026-01-03T15:13:04.161+0000] {processor.py:826} INFO - Processing file /workspaces/hands-on-introduction-data-engineering-4395021/airflow/dags/one_task_dag.py for tasks to queue
[2026-01-03T15:13:04.161+0000] {logging_mixin.py:150} INFO - [2026-01-03T15:13:04.161+0000] {dagbag.py:541} INFO - Filling up the DagBag from /workspaces/hands-on-introduction-data-engineering-4395021/airflow/dags/one_task_dag.py
[2026-01-03T15:13:04.171+0000] {processor.py:836} INFO - DAG(s) dict_keys(['One_Task_DAG']) retrieved from /workspaces/hands-on-introduction-data-engineering-4395021/airflow/dags/one_task_dag.py
[2026-01-03T15:13:04.244+0000] {logging_mixin.py:150} INFO - [2026-01-03T15:13:04.244+0000] {dag.py:2742} INFO - Sync 1 DAGs
[2026-01-03T15:13:04.256+0000] {logging_mixin.py:150} INFO - [2026-01-03T15:13:04.256+0000] {dag.py:3504} INFO - Setting next_dagrun for One_Task_DAG to None, run_after=None
[2026-01-03T15:13:04.271+0000] {processor.py:179} INFO - Processing /workspaces/hands-on-introduction-data-engineering-4395021/airflow/dags/one_task_dag.py took 0.114 seconds
[2026-01-03T15:13:05.390+0000] {processor.py:157} INFO - Started process (PID=47922) to work on /workspaces/hands-on-introduction-data-engineering-4395021/airflow/dags/one_task_dag.py
[2026-01-03T15:13:05.391+0000] {processor.py:826} INFO - Processing file /workspaces/hands-on-introduction-data-engineering-4395021/airflow/dags/one_task_dag.py for tasks to queue
[2026-01-03T15:13:05.392+0000] {logging_mixin.py:150} INFO - [2026-01-03T15:13:05.391+0000] {dagbag.py:541} INFO - Filling up the DagBag from /workspaces/hands-on-introduction-data-engineering-4395021/airflow/dags/one_task_dag.py
[2026-01-03T15:13:05.401+0000] {processor.py:836} INFO - DAG(s) dict_keys(['One_Task_DAG']) retrieved from /workspaces/hands-on-introduction-data-engineering-4395021/airflow/dags/one_task_dag.py
[2026-01-03T15:13:05.407+0000] {logging_mixin.py:150} INFO - [2026-01-03T15:13:05.407+0000] {dag.py:2742} INFO - Sync 1 DAGs
[2026-01-03T15:13:05.422+0000] {logging_mixin.py:150} INFO - [2026-01-03T15:13:05.422+0000] {dag.py:3504} INFO - Setting next_dagrun for One_Task_DAG to None, run_after=None
[2026-01-03T15:13:05.437+0000] {processor.py:179} INFO - Processing /workspaces/hands-on-introduction-data-engineering-4395021/airflow/dags/one_task_dag.py took 0.050 seconds
[2026-01-03T15:13:14.148+0000] {processor.py:157} INFO - Started process (PID=47978) to work on /workspaces/hands-on-introduction-data-engineering-4395021/airflow/dags/one_task_dag.py
[2026-01-03T15:13:14.150+0000] {processor.py:826} INFO - Processing file /workspaces/hands-on-introduction-data-engineering-4395021/airflow/dags/one_task_dag.py for tasks to queue
[2026-01-03T15:13:14.151+0000] {logging_mixin.py:150} INFO - [2026-01-03T15:13:14.150+0000] {dagbag.py:541} INFO - Filling up the DagBag from /workspaces/hands-on-introduction-data-engineering-4395021/airflow/dags/one_task_dag.py
[2026-01-03T15:13:14.164+0000] {processor.py:836} INFO - DAG(s) dict_keys(['One_Task_DAG']) retrieved from /workspaces/hands-on-introduction-data-engineering-4395021/airflow/dags/one_task_dag.py
[2026-01-03T15:13:14.173+0000] {logging_mixin.py:150} INFO - [2026-01-03T15:13:14.173+0000] {dag.py:2742} INFO - Sync 1 DAGs
[2026-01-03T15:13:14.195+0000] {logging_mixin.py:150} INFO - [2026-01-03T15:13:14.195+0000] {dag.py:3504} INFO - Setting next_dagrun for One_Task_DAG to None, run_after=None
[2026-01-03T15:13:14.211+0000] {processor.py:179} INFO - Processing /workspaces/hands-on-introduction-data-engineering-4395021/airflow/dags/one_task_dag.py took 0.069 seconds
[2026-01-03T15:13:21.058+0000] {processor.py:157} INFO - Started process (PID=48026) to work on /workspaces/hands-on-introduction-data-engineering-4395021/airflow/dags/one_task_dag.py
[2026-01-03T15:13:21.059+0000] {processor.py:826} INFO - Processing file /workspaces/hands-on-introduction-data-engineering-4395021/airflow/dags/one_task_dag.py for tasks to queue
[2026-01-03T15:13:21.059+0000] {logging_mixin.py:150} INFO - [2026-01-03T15:13:21.059+0000] {dagbag.py:541} INFO - Filling up the DagBag from /workspaces/hands-on-introduction-data-engineering-4395021/airflow/dags/one_task_dag.py
[2026-01-03T15:13:21.068+0000] {processor.py:836} INFO - DAG(s) dict_keys(['One_Task_DAG']) retrieved from /workspaces/hands-on-introduction-data-engineering-4395021/airflow/dags/one_task_dag.py
[2026-01-03T15:13:21.075+0000] {logging_mixin.py:150} INFO - [2026-01-03T15:13:21.075+0000] {dag.py:2742} INFO - Sync 1 DAGs
[2026-01-03T15:13:21.090+0000] {logging_mixin.py:150} INFO - [2026-01-03T15:13:21.090+0000] {dag.py:3504} INFO - Setting next_dagrun for One_Task_DAG to None, run_after=None
[2026-01-03T15:13:21.105+0000] {processor.py:179} INFO - Processing /workspaces/hands-on-introduction-data-engineering-4395021/airflow/dags/one_task_dag.py took 0.051 seconds
[2026-01-03T15:13:51.257+0000] {processor.py:157} INFO - Started process (PID=48278) to work on /workspaces/hands-on-introduction-data-engineering-4395021/airflow/dags/one_task_dag.py
[2026-01-03T15:13:51.258+0000] {processor.py:826} INFO - Processing file /workspaces/hands-on-introduction-data-engineering-4395021/airflow/dags/one_task_dag.py for tasks to queue
[2026-01-03T15:13:51.259+0000] {logging_mixin.py:150} INFO - [2026-01-03T15:13:51.258+0000] {dagbag.py:541} INFO - Filling up the DagBag from /workspaces/hands-on-introduction-data-engineering-4395021/airflow/dags/one_task_dag.py
[2026-01-03T15:13:51.267+0000] {processor.py:836} INFO - DAG(s) dict_keys(['One_Task_DAG']) retrieved from /workspaces/hands-on-introduction-data-engineering-4395021/airflow/dags/one_task_dag.py
[2026-01-03T15:13:51.342+0000] {logging_mixin.py:150} INFO - [2026-01-03T15:13:51.342+0000] {dag.py:2742} INFO - Sync 1 DAGs
[2026-01-03T15:13:51.359+0000] {logging_mixin.py:150} INFO - [2026-01-03T15:13:51.359+0000] {dag.py:3504} INFO - Setting next_dagrun for One_Task_DAG to None, run_after=None
[2026-01-03T15:13:51.417+0000] {processor.py:179} INFO - Processing /workspaces/hands-on-introduction-data-engineering-4395021/airflow/dags/one_task_dag.py took 0.163 seconds
[2026-01-03T15:14:21.546+0000] {processor.py:157} INFO - Started process (PID=48477) to work on /workspaces/hands-on-introduction-data-engineering-4395021/airflow/dags/one_task_dag.py
[2026-01-03T15:14:21.547+0000] {processor.py:826} INFO - Processing file /workspaces/hands-on-introduction-data-engineering-4395021/airflow/dags/one_task_dag.py for tasks to queue
[2026-01-03T15:14:21.547+0000] {logging_mixin.py:150} INFO - [2026-01-03T15:14:21.547+0000] {dagbag.py:541} INFO - Filling up the DagBag from /workspaces/hands-on-introduction-data-engineering-4395021/airflow/dags/one_task_dag.py
[2026-01-03T15:14:21.556+0000] {processor.py:836} INFO - DAG(s) dict_keys(['One_Task_DAG']) retrieved from /workspaces/hands-on-introduction-data-engineering-4395021/airflow/dags/one_task_dag.py
[2026-01-03T15:14:21.573+0000] {logging_mixin.py:150} INFO - [2026-01-03T15:14:21.573+0000] {dag.py:2742} INFO - Sync 1 DAGs
[2026-01-03T15:14:21.587+0000] {logging_mixin.py:150} INFO - [2026-01-03T15:14:21.587+0000] {dag.py:3504} INFO - Setting next_dagrun for One_Task_DAG to None, run_after=None
[2026-01-03T15:14:21.600+0000] {processor.py:179} INFO - Processing /workspaces/hands-on-introduction-data-engineering-4395021/airflow/dags/one_task_dag.py took 0.057 seconds
[2026-01-03T15:14:51.735+0000] {processor.py:157} INFO - Started process (PID=48731) to work on /workspaces/hands-on-introduction-data-engineering-4395021/airflow/dags/one_task_dag.py
[2026-01-03T15:14:51.736+0000] {processor.py:826} INFO - Processing file /workspaces/hands-on-introduction-data-engineering-4395021/airflow/dags/one_task_dag.py for tasks to queue
[2026-01-03T15:14:51.737+0000] {logging_mixin.py:150} INFO - [2026-01-03T15:14:51.736+0000] {dagbag.py:541} INFO - Filling up the DagBag from /workspaces/hands-on-introduction-data-engineering-4395021/airflow/dags/one_task_dag.py
[2026-01-03T15:14:51.745+0000] {processor.py:836} INFO - DAG(s) dict_keys(['One_Task_DAG']) retrieved from /workspaces/hands-on-introduction-data-engineering-4395021/airflow/dags/one_task_dag.py
[2026-01-03T15:14:51.762+0000] {logging_mixin.py:150} INFO - [2026-01-03T15:14:51.762+0000] {dag.py:2742} INFO - Sync 1 DAGs
[2026-01-03T15:14:51.777+0000] {logging_mixin.py:150} INFO - [2026-01-03T15:14:51.777+0000] {dag.py:3504} INFO - Setting next_dagrun for One_Task_DAG to None, run_after=None
[2026-01-03T15:14:51.791+0000] {processor.py:179} INFO - Processing /workspaces/hands-on-introduction-data-engineering-4395021/airflow/dags/one_task_dag.py took 0.059 seconds
[2026-01-03T15:15:21.925+0000] {processor.py:157} INFO - Started process (PID=48901) to work on /workspaces/hands-on-introduction-data-engineering-4395021/airflow/dags/one_task_dag.py
[2026-01-03T15:15:21.926+0000] {processor.py:826} INFO - Processing file /workspaces/hands-on-introduction-data-engineering-4395021/airflow/dags/one_task_dag.py for tasks to queue
[2026-01-03T15:15:21.927+0000] {logging_mixin.py:150} INFO - [2026-01-03T15:15:21.926+0000] {dagbag.py:541} INFO - Filling up the DagBag from /workspaces/hands-on-introduction-data-engineering-4395021/airflow/dags/one_task_dag.py
[2026-01-03T15:15:21.935+0000] {processor.py:836} INFO - DAG(s) dict_keys(['One_Task_DAG']) retrieved from /workspaces/hands-on-introduction-data-engineering-4395021/airflow/dags/one_task_dag.py
[2026-01-03T15:15:21.952+0000] {logging_mixin.py:150} INFO - [2026-01-03T15:15:21.952+0000] {dag.py:2742} INFO - Sync 1 DAGs
[2026-01-03T15:15:21.966+0000] {logging_mixin.py:150} INFO - [2026-01-03T15:15:21.966+0000] {dag.py:3504} INFO - Setting next_dagrun for One_Task_DAG to None, run_after=None
[2026-01-03T15:15:21.981+0000] {processor.py:179} INFO - Processing /workspaces/hands-on-introduction-data-engineering-4395021/airflow/dags/one_task_dag.py took 0.059 seconds
[2026-01-03T15:15:52.801+0000] {processor.py:157} INFO - Started process (PID=49150) to work on /workspaces/hands-on-introduction-data-engineering-4395021/airflow/dags/one_task_dag.py
[2026-01-03T15:15:52.801+0000] {processor.py:826} INFO - Processing file /workspaces/hands-on-introduction-data-engineering-4395021/airflow/dags/one_task_dag.py for tasks to queue
[2026-01-03T15:15:52.802+0000] {logging_mixin.py:150} INFO - [2026-01-03T15:15:52.802+0000] {dagbag.py:541} INFO - Filling up the DagBag from /workspaces/hands-on-introduction-data-engineering-4395021/airflow/dags/one_task_dag.py
[2026-01-03T15:15:52.811+0000] {processor.py:836} INFO - DAG(s) dict_keys(['One_Task_DAG']) retrieved from /workspaces/hands-on-introduction-data-engineering-4395021/airflow/dags/one_task_dag.py
[2026-01-03T15:15:52.828+0000] {logging_mixin.py:150} INFO - [2026-01-03T15:15:52.828+0000] {dag.py:2742} INFO - Sync 1 DAGs
[2026-01-03T15:15:52.845+0000] {logging_mixin.py:150} INFO - [2026-01-03T15:15:52.844+0000] {dag.py:3504} INFO - Setting next_dagrun for One_Task_DAG to None, run_after=None
[2026-01-03T15:15:52.859+0000] {processor.py:179} INFO - Processing /workspaces/hands-on-introduction-data-engineering-4395021/airflow/dags/one_task_dag.py took 0.061 seconds
[2026-01-03T15:16:22.946+0000] {processor.py:157} INFO - Started process (PID=49414) to work on /workspaces/hands-on-introduction-data-engineering-4395021/airflow/dags/one_task_dag.py
[2026-01-03T15:16:22.947+0000] {processor.py:826} INFO - Processing file /workspaces/hands-on-introduction-data-engineering-4395021/airflow/dags/one_task_dag.py for tasks to queue
[2026-01-03T15:16:22.948+0000] {logging_mixin.py:150} INFO - [2026-01-03T15:16:22.948+0000] {dagbag.py:541} INFO - Filling up the DagBag from /workspaces/hands-on-introduction-data-engineering-4395021/airflow/dags/one_task_dag.py
[2026-01-03T15:16:22.957+0000] {processor.py:836} INFO - DAG(s) dict_keys(['One_Task_DAG']) retrieved from /workspaces/hands-on-introduction-data-engineering-4395021/airflow/dags/one_task_dag.py
[2026-01-03T15:16:22.974+0000] {logging_mixin.py:150} INFO - [2026-01-03T15:16:22.974+0000] {dag.py:2742} INFO - Sync 1 DAGs
[2026-01-03T15:16:22.990+0000] {logging_mixin.py:150} INFO - [2026-01-03T15:16:22.989+0000] {dag.py:3504} INFO - Setting next_dagrun for One_Task_DAG to None, run_after=None
[2026-01-03T15:16:23.005+0000] {processor.py:179} INFO - Processing /workspaces/hands-on-introduction-data-engineering-4395021/airflow/dags/one_task_dag.py took 0.061 seconds
[2026-01-03T15:16:53.238+0000] {processor.py:157} INFO - Started process (PID=49604) to work on /workspaces/hands-on-introduction-data-engineering-4395021/airflow/dags/one_task_dag.py
[2026-01-03T15:16:53.239+0000] {processor.py:826} INFO - Processing file /workspaces/hands-on-introduction-data-engineering-4395021/airflow/dags/one_task_dag.py for tasks to queue
[2026-01-03T15:16:53.240+0000] {logging_mixin.py:150} INFO - [2026-01-03T15:16:53.240+0000] {dagbag.py:541} INFO - Filling up the DagBag from /workspaces/hands-on-introduction-data-engineering-4395021/airflow/dags/one_task_dag.py
[2026-01-03T15:16:53.249+0000] {processor.py:836} INFO - DAG(s) dict_keys(['One_Task_DAG']) retrieved from /workspaces/hands-on-introduction-data-engineering-4395021/airflow/dags/one_task_dag.py
[2026-01-03T15:16:53.265+0000] {logging_mixin.py:150} INFO - [2026-01-03T15:16:53.265+0000] {dag.py:2742} INFO - Sync 1 DAGs
[2026-01-03T15:16:53.280+0000] {logging_mixin.py:150} INFO - [2026-01-03T15:16:53.279+0000] {dag.py:3504} INFO - Setting next_dagrun for One_Task_DAG to None, run_after=None
[2026-01-03T15:16:53.293+0000] {processor.py:179} INFO - Processing /workspaces/hands-on-introduction-data-engineering-4395021/airflow/dags/one_task_dag.py took 0.057 seconds
[2026-01-03T15:17:23.531+0000] {processor.py:157} INFO - Started process (PID=49773) to work on /workspaces/hands-on-introduction-data-engineering-4395021/airflow/dags/one_task_dag.py
[2026-01-03T15:17:23.532+0000] {processor.py:826} INFO - Processing file /workspaces/hands-on-introduction-data-engineering-4395021/airflow/dags/one_task_dag.py for tasks to queue
[2026-01-03T15:17:23.533+0000] {logging_mixin.py:150} INFO - [2026-01-03T15:17:23.533+0000] {dagbag.py:541} INFO - Filling up the DagBag from /workspaces/hands-on-introduction-data-engineering-4395021/airflow/dags/one_task_dag.py
[2026-01-03T15:17:23.542+0000] {processor.py:836} INFO - DAG(s) dict_keys(['One_Task_DAG']) retrieved from /workspaces/hands-on-introduction-data-engineering-4395021/airflow/dags/one_task_dag.py
[2026-01-03T15:17:23.559+0000] {logging_mixin.py:150} INFO - [2026-01-03T15:17:23.559+0000] {dag.py:2742} INFO - Sync 1 DAGs
[2026-01-03T15:17:23.573+0000] {logging_mixin.py:150} INFO - [2026-01-03T15:17:23.573+0000] {dag.py:3504} INFO - Setting next_dagrun for One_Task_DAG to None, run_after=None
[2026-01-03T15:17:23.586+0000] {processor.py:179} INFO - Processing /workspaces/hands-on-introduction-data-engineering-4395021/airflow/dags/one_task_dag.py took 0.057 seconds
[2026-01-03T15:17:53.663+0000] {processor.py:157} INFO - Started process (PID=49942) to work on /workspaces/hands-on-introduction-data-engineering-4395021/airflow/dags/one_task_dag.py
[2026-01-03T15:17:53.664+0000] {processor.py:826} INFO - Processing file /workspaces/hands-on-introduction-data-engineering-4395021/airflow/dags/one_task_dag.py for tasks to queue
[2026-01-03T15:17:53.664+0000] {logging_mixin.py:150} INFO - [2026-01-03T15:17:53.664+0000] {dagbag.py:541} INFO - Filling up the DagBag from /workspaces/hands-on-introduction-data-engineering-4395021/airflow/dags/one_task_dag.py
[2026-01-03T15:17:53.673+0000] {processor.py:836} INFO - DAG(s) dict_keys(['One_Task_DAG']) retrieved from /workspaces/hands-on-introduction-data-engineering-4395021/airflow/dags/one_task_dag.py
[2026-01-03T15:17:53.690+0000] {logging_mixin.py:150} INFO - [2026-01-03T15:17:53.690+0000] {dag.py:2742} INFO - Sync 1 DAGs
[2026-01-03T15:17:53.705+0000] {logging_mixin.py:150} INFO - [2026-01-03T15:17:53.704+0000] {dag.py:3504} INFO - Setting next_dagrun for One_Task_DAG to None, run_after=None
[2026-01-03T15:17:53.719+0000] {processor.py:179} INFO - Processing /workspaces/hands-on-introduction-data-engineering-4395021/airflow/dags/one_task_dag.py took 0.059 seconds
[2026-01-03T15:18:24.015+0000] {processor.py:157} INFO - Started process (PID=50138) to work on /workspaces/hands-on-introduction-data-engineering-4395021/airflow/dags/one_task_dag.py
[2026-01-03T15:18:24.016+0000] {processor.py:826} INFO - Processing file /workspaces/hands-on-introduction-data-engineering-4395021/airflow/dags/one_task_dag.py for tasks to queue
[2026-01-03T15:18:24.017+0000] {logging_mixin.py:150} INFO - [2026-01-03T15:18:24.017+0000] {dagbag.py:541} INFO - Filling up the DagBag from /workspaces/hands-on-introduction-data-engineering-4395021/airflow/dags/one_task_dag.py
[2026-01-03T15:18:24.026+0000] {processor.py:836} INFO - DAG(s) dict_keys(['One_Task_DAG']) retrieved from /workspaces/hands-on-introduction-data-engineering-4395021/airflow/dags/one_task_dag.py
[2026-01-03T15:18:24.043+0000] {logging_mixin.py:150} INFO - [2026-01-03T15:18:24.043+0000] {dag.py:2742} INFO - Sync 1 DAGs
[2026-01-03T15:18:24.058+0000] {logging_mixin.py:150} INFO - [2026-01-03T15:18:24.058+0000] {dag.py:3504} INFO - Setting next_dagrun for One_Task_DAG to None, run_after=None
[2026-01-03T15:18:24.072+0000] {processor.py:179} INFO - Processing /workspaces/hands-on-introduction-data-engineering-4395021/airflow/dags/one_task_dag.py took 0.060 seconds
[2026-01-03T15:18:54.309+0000] {processor.py:157} INFO - Started process (PID=50314) to work on /workspaces/hands-on-introduction-data-engineering-4395021/airflow/dags/one_task_dag.py
[2026-01-03T15:18:54.310+0000] {processor.py:826} INFO - Processing file /workspaces/hands-on-introduction-data-engineering-4395021/airflow/dags/one_task_dag.py for tasks to queue
[2026-01-03T15:18:54.311+0000] {logging_mixin.py:150} INFO - [2026-01-03T15:18:54.311+0000] {dagbag.py:541} INFO - Filling up the DagBag from /workspaces/hands-on-introduction-data-engineering-4395021/airflow/dags/one_task_dag.py
[2026-01-03T15:18:54.319+0000] {processor.py:836} INFO - DAG(s) dict_keys(['One_Task_DAG']) retrieved from /workspaces/hands-on-introduction-data-engineering-4395021/airflow/dags/one_task_dag.py
[2026-01-03T15:18:54.336+0000] {logging_mixin.py:150} INFO - [2026-01-03T15:18:54.336+0000] {dag.py:2742} INFO - Sync 1 DAGs
[2026-01-03T15:18:54.351+0000] {logging_mixin.py:150} INFO - [2026-01-03T15:18:54.351+0000] {dag.py:3504} INFO - Setting next_dagrun for One_Task_DAG to None, run_after=None
[2026-01-03T15:18:54.365+0000] {processor.py:179} INFO - Processing /workspaces/hands-on-introduction-data-engineering-4395021/airflow/dags/one_task_dag.py took 0.059 seconds
[2026-01-03T15:19:24.606+0000] {processor.py:157} INFO - Started process (PID=50489) to work on /workspaces/hands-on-introduction-data-engineering-4395021/airflow/dags/one_task_dag.py
[2026-01-03T15:19:24.607+0000] {processor.py:826} INFO - Processing file /workspaces/hands-on-introduction-data-engineering-4395021/airflow/dags/one_task_dag.py for tasks to queue
[2026-01-03T15:19:24.608+0000] {logging_mixin.py:150} INFO - [2026-01-03T15:19:24.607+0000] {dagbag.py:541} INFO - Filling up the DagBag from /workspaces/hands-on-introduction-data-engineering-4395021/airflow/dags/one_task_dag.py
[2026-01-03T15:19:24.617+0000] {processor.py:836} INFO - DAG(s) dict_keys(['One_Task_DAG']) retrieved from /workspaces/hands-on-introduction-data-engineering-4395021/airflow/dags/one_task_dag.py
[2026-01-03T15:19:24.634+0000] {logging_mixin.py:150} INFO - [2026-01-03T15:19:24.634+0000] {dag.py:2742} INFO - Sync 1 DAGs
[2026-01-03T15:19:24.650+0000] {logging_mixin.py:150} INFO - [2026-01-03T15:19:24.650+0000] {dag.py:3504} INFO - Setting next_dagrun for One_Task_DAG to None, run_after=None
[2026-01-03T15:19:24.665+0000] {processor.py:179} INFO - Processing /workspaces/hands-on-introduction-data-engineering-4395021/airflow/dags/one_task_dag.py took 0.062 seconds
[2026-01-03T15:19:54.907+0000] {processor.py:157} INFO - Started process (PID=50658) to work on /workspaces/hands-on-introduction-data-engineering-4395021/airflow/dags/one_task_dag.py
[2026-01-03T15:19:54.908+0000] {processor.py:826} INFO - Processing file /workspaces/hands-on-introduction-data-engineering-4395021/airflow/dags/one_task_dag.py for tasks to queue
[2026-01-03T15:19:54.909+0000] {logging_mixin.py:150} INFO - [2026-01-03T15:19:54.909+0000] {dagbag.py:541} INFO - Filling up the DagBag from /workspaces/hands-on-introduction-data-engineering-4395021/airflow/dags/one_task_dag.py
[2026-01-03T15:19:54.917+0000] {processor.py:836} INFO - DAG(s) dict_keys(['One_Task_DAG']) retrieved from /workspaces/hands-on-introduction-data-engineering-4395021/airflow/dags/one_task_dag.py
[2026-01-03T15:19:54.935+0000] {logging_mixin.py:150} INFO - [2026-01-03T15:19:54.935+0000] {dag.py:2742} INFO - Sync 1 DAGs
[2026-01-03T15:19:54.950+0000] {logging_mixin.py:150} INFO - [2026-01-03T15:19:54.950+0000] {dag.py:3504} INFO - Setting next_dagrun for One_Task_DAG to None, run_after=None
[2026-01-03T15:19:54.964+0000] {processor.py:179} INFO - Processing /workspaces/hands-on-introduction-data-engineering-4395021/airflow/dags/one_task_dag.py took 0.060 seconds
[2026-01-03T15:20:25.201+0000] {processor.py:157} INFO - Started process (PID=50833) to work on /workspaces/hands-on-introduction-data-engineering-4395021/airflow/dags/one_task_dag.py
[2026-01-03T15:20:25.202+0000] {processor.py:826} INFO - Processing file /workspaces/hands-on-introduction-data-engineering-4395021/airflow/dags/one_task_dag.py for tasks to queue
[2026-01-03T15:20:25.203+0000] {logging_mixin.py:150} INFO - [2026-01-03T15:20:25.202+0000] {dagbag.py:541} INFO - Filling up the DagBag from /workspaces/hands-on-introduction-data-engineering-4395021/airflow/dags/one_task_dag.py
[2026-01-03T15:20:25.211+0000] {processor.py:836} INFO - DAG(s) dict_keys(['One_Task_DAG']) retrieved from /workspaces/hands-on-introduction-data-engineering-4395021/airflow/dags/one_task_dag.py
[2026-01-03T15:20:25.228+0000] {logging_mixin.py:150} INFO - [2026-01-03T15:20:25.228+0000] {dag.py:2742} INFO - Sync 1 DAGs
[2026-01-03T15:20:25.243+0000] {logging_mixin.py:150} INFO - [2026-01-03T15:20:25.242+0000] {dag.py:3504} INFO - Setting next_dagrun for One_Task_DAG to None, run_after=None
[2026-01-03T15:20:25.256+0000] {processor.py:179} INFO - Processing /workspaces/hands-on-introduction-data-engineering-4395021/airflow/dags/one_task_dag.py took 0.059 seconds
[2026-01-03T15:20:55.505+0000] {processor.py:157} INFO - Started process (PID=51003) to work on /workspaces/hands-on-introduction-data-engineering-4395021/airflow/dags/one_task_dag.py
[2026-01-03T15:20:55.506+0000] {processor.py:826} INFO - Processing file /workspaces/hands-on-introduction-data-engineering-4395021/airflow/dags/one_task_dag.py for tasks to queue
[2026-01-03T15:20:55.507+0000] {logging_mixin.py:150} INFO - [2026-01-03T15:20:55.506+0000] {dagbag.py:541} INFO - Filling up the DagBag from /workspaces/hands-on-introduction-data-engineering-4395021/airflow/dags/one_task_dag.py
[2026-01-03T15:20:55.517+0000] {processor.py:836} INFO - DAG(s) dict_keys(['One_Task_DAG']) retrieved from /workspaces/hands-on-introduction-data-engineering-4395021/airflow/dags/one_task_dag.py
[2026-01-03T15:20:55.542+0000] {logging_mixin.py:150} INFO - [2026-01-03T15:20:55.542+0000] {dag.py:2742} INFO - Sync 1 DAGs
[2026-01-03T15:20:55.556+0000] {logging_mixin.py:150} INFO - [2026-01-03T15:20:55.556+0000] {dag.py:3504} INFO - Setting next_dagrun for One_Task_DAG to None, run_after=None
[2026-01-03T15:20:55.570+0000] {processor.py:179} INFO - Processing /workspaces/hands-on-introduction-data-engineering-4395021/airflow/dags/one_task_dag.py took 0.067 seconds
[2026-01-03T15:21:25.756+0000] {processor.py:157} INFO - Started process (PID=51172) to work on /workspaces/hands-on-introduction-data-engineering-4395021/airflow/dags/one_task_dag.py
[2026-01-03T15:21:25.757+0000] {processor.py:826} INFO - Processing file /workspaces/hands-on-introduction-data-engineering-4395021/airflow/dags/one_task_dag.py for tasks to queue
[2026-01-03T15:21:25.758+0000] {logging_mixin.py:150} INFO - [2026-01-03T15:21:25.758+0000] {dagbag.py:541} INFO - Filling up the DagBag from /workspaces/hands-on-introduction-data-engineering-4395021/airflow/dags/one_task_dag.py
[2026-01-03T15:21:25.766+0000] {processor.py:836} INFO - DAG(s) dict_keys(['One_Task_DAG']) retrieved from /workspaces/hands-on-introduction-data-engineering-4395021/airflow/dags/one_task_dag.py
[2026-01-03T15:21:25.784+0000] {logging_mixin.py:150} INFO - [2026-01-03T15:21:25.783+0000] {dag.py:2742} INFO - Sync 1 DAGs
[2026-01-03T15:21:25.798+0000] {logging_mixin.py:150} INFO - [2026-01-03T15:21:25.798+0000] {dag.py:3504} INFO - Setting next_dagrun for One_Task_DAG to None, run_after=None
[2026-01-03T15:21:25.812+0000] {processor.py:179} INFO - Processing /workspaces/hands-on-introduction-data-engineering-4395021/airflow/dags/one_task_dag.py took 0.059 seconds
[2026-01-03T15:21:56.058+0000] {processor.py:157} INFO - Started process (PID=51341) to work on /workspaces/hands-on-introduction-data-engineering-4395021/airflow/dags/one_task_dag.py
[2026-01-03T15:21:56.059+0000] {processor.py:826} INFO - Processing file /workspaces/hands-on-introduction-data-engineering-4395021/airflow/dags/one_task_dag.py for tasks to queue
[2026-01-03T15:21:56.060+0000] {logging_mixin.py:150} INFO - [2026-01-03T15:21:56.059+0000] {dagbag.py:541} INFO - Filling up the DagBag from /workspaces/hands-on-introduction-data-engineering-4395021/airflow/dags/one_task_dag.py
[2026-01-03T15:21:56.068+0000] {processor.py:836} INFO - DAG(s) dict_keys(['One_Task_DAG']) retrieved from /workspaces/hands-on-introduction-data-engineering-4395021/airflow/dags/one_task_dag.py
[2026-01-03T15:21:56.085+0000] {logging_mixin.py:150} INFO - [2026-01-03T15:21:56.085+0000] {dag.py:2742} INFO - Sync 1 DAGs
[2026-01-03T15:21:56.099+0000] {logging_mixin.py:150} INFO - [2026-01-03T15:21:56.099+0000] {dag.py:3504} INFO - Setting next_dagrun for One_Task_DAG to None, run_after=None
[2026-01-03T15:21:56.113+0000] {processor.py:179} INFO - Processing /workspaces/hands-on-introduction-data-engineering-4395021/airflow/dags/one_task_dag.py took 0.058 seconds
[2026-01-03T15:22:26.353+0000] {processor.py:157} INFO - Started process (PID=51515) to work on /workspaces/hands-on-introduction-data-engineering-4395021/airflow/dags/one_task_dag.py
[2026-01-03T15:22:26.354+0000] {processor.py:826} INFO - Processing file /workspaces/hands-on-introduction-data-engineering-4395021/airflow/dags/one_task_dag.py for tasks to queue
[2026-01-03T15:22:26.355+0000] {logging_mixin.py:150} INFO - [2026-01-03T15:22:26.354+0000] {dagbag.py:541} INFO - Filling up the DagBag from /workspaces/hands-on-introduction-data-engineering-4395021/airflow/dags/one_task_dag.py
[2026-01-03T15:22:26.363+0000] {processor.py:836} INFO - DAG(s) dict_keys(['One_Task_DAG']) retrieved from /workspaces/hands-on-introduction-data-engineering-4395021/airflow/dags/one_task_dag.py
[2026-01-03T15:22:26.381+0000] {logging_mixin.py:150} INFO - [2026-01-03T15:22:26.381+0000] {dag.py:2742} INFO - Sync 1 DAGs
[2026-01-03T15:22:26.396+0000] {logging_mixin.py:150} INFO - [2026-01-03T15:22:26.395+0000] {dag.py:3504} INFO - Setting next_dagrun for One_Task_DAG to None, run_after=None
[2026-01-03T15:22:26.409+0000] {processor.py:179} INFO - Processing /workspaces/hands-on-introduction-data-engineering-4395021/airflow/dags/one_task_dag.py took 0.058 seconds
[2026-01-03T15:22:56.655+0000] {processor.py:157} INFO - Started process (PID=51712) to work on /workspaces/hands-on-introduction-data-engineering-4395021/airflow/dags/one_task_dag.py
[2026-01-03T15:22:56.656+0000] {processor.py:826} INFO - Processing file /workspaces/hands-on-introduction-data-engineering-4395021/airflow/dags/one_task_dag.py for tasks to queue
[2026-01-03T15:22:56.657+0000] {logging_mixin.py:150} INFO - [2026-01-03T15:22:56.656+0000] {dagbag.py:541} INFO - Filling up the DagBag from /workspaces/hands-on-introduction-data-engineering-4395021/airflow/dags/one_task_dag.py
[2026-01-03T15:22:56.666+0000] {processor.py:836} INFO - DAG(s) dict_keys(['One_Task_DAG']) retrieved from /workspaces/hands-on-introduction-data-engineering-4395021/airflow/dags/one_task_dag.py
[2026-01-03T15:22:56.683+0000] {logging_mixin.py:150} INFO - [2026-01-03T15:22:56.683+0000] {dag.py:2742} INFO - Sync 1 DAGs
[2026-01-03T15:22:56.698+0000] {logging_mixin.py:150} INFO - [2026-01-03T15:22:56.698+0000] {dag.py:3504} INFO - Setting next_dagrun for One_Task_DAG to None, run_after=None
[2026-01-03T15:22:56.714+0000] {processor.py:179} INFO - Processing /workspaces/hands-on-introduction-data-engineering-4395021/airflow/dags/one_task_dag.py took 0.061 seconds
[2026-01-03T15:23:26.957+0000] {processor.py:157} INFO - Started process (PID=51887) to work on /workspaces/hands-on-introduction-data-engineering-4395021/airflow/dags/one_task_dag.py
[2026-01-03T15:23:26.958+0000] {processor.py:826} INFO - Processing file /workspaces/hands-on-introduction-data-engineering-4395021/airflow/dags/one_task_dag.py for tasks to queue
[2026-01-03T15:23:26.959+0000] {logging_mixin.py:150} INFO - [2026-01-03T15:23:26.958+0000] {dagbag.py:541} INFO - Filling up the DagBag from /workspaces/hands-on-introduction-data-engineering-4395021/airflow/dags/one_task_dag.py
[2026-01-03T15:23:26.967+0000] {processor.py:836} INFO - DAG(s) dict_keys(['One_Task_DAG']) retrieved from /workspaces/hands-on-introduction-data-engineering-4395021/airflow/dags/one_task_dag.py
[2026-01-03T15:23:26.984+0000] {logging_mixin.py:150} INFO - [2026-01-03T15:23:26.984+0000] {dag.py:2742} INFO - Sync 1 DAGs
[2026-01-03T15:23:26.999+0000] {logging_mixin.py:150} INFO - [2026-01-03T15:23:26.999+0000] {dag.py:3504} INFO - Setting next_dagrun for One_Task_DAG to None, run_after=None
[2026-01-03T15:23:27.013+0000] {processor.py:179} INFO - Processing /workspaces/hands-on-introduction-data-engineering-4395021/airflow/dags/one_task_dag.py took 0.060 seconds
[2026-01-03T15:23:57.250+0000] {processor.py:157} INFO - Started process (PID=52056) to work on /workspaces/hands-on-introduction-data-engineering-4395021/airflow/dags/one_task_dag.py
[2026-01-03T15:23:57.251+0000] {processor.py:826} INFO - Processing file /workspaces/hands-on-introduction-data-engineering-4395021/airflow/dags/one_task_dag.py for tasks to queue
[2026-01-03T15:23:57.252+0000] {logging_mixin.py:150} INFO - [2026-01-03T15:23:57.251+0000] {dagbag.py:541} INFO - Filling up the DagBag from /workspaces/hands-on-introduction-data-engineering-4395021/airflow/dags/one_task_dag.py
[2026-01-03T15:23:57.260+0000] {processor.py:836} INFO - DAG(s) dict_keys(['One_Task_DAG']) retrieved from /workspaces/hands-on-introduction-data-engineering-4395021/airflow/dags/one_task_dag.py
[2026-01-03T15:23:57.277+0000] {logging_mixin.py:150} INFO - [2026-01-03T15:23:57.277+0000] {dag.py:2742} INFO - Sync 1 DAGs
[2026-01-03T15:23:57.292+0000] {logging_mixin.py:150} INFO - [2026-01-03T15:23:57.291+0000] {dag.py:3504} INFO - Setting next_dagrun for One_Task_DAG to None, run_after=None
[2026-01-03T15:23:57.305+0000] {processor.py:179} INFO - Processing /workspaces/hands-on-introduction-data-engineering-4395021/airflow/dags/one_task_dag.py took 0.058 seconds
[2026-01-03T15:24:27.544+0000] {processor.py:157} INFO - Started process (PID=52230) to work on /workspaces/hands-on-introduction-data-engineering-4395021/airflow/dags/one_task_dag.py
[2026-01-03T15:24:27.544+0000] {processor.py:826} INFO - Processing file /workspaces/hands-on-introduction-data-engineering-4395021/airflow/dags/one_task_dag.py for tasks to queue
[2026-01-03T15:24:27.545+0000] {logging_mixin.py:150} INFO - [2026-01-03T15:24:27.545+0000] {dagbag.py:541} INFO - Filling up the DagBag from /workspaces/hands-on-introduction-data-engineering-4395021/airflow/dags/one_task_dag.py
[2026-01-03T15:24:27.554+0000] {processor.py:836} INFO - DAG(s) dict_keys(['One_Task_DAG']) retrieved from /workspaces/hands-on-introduction-data-engineering-4395021/airflow/dags/one_task_dag.py
[2026-01-03T15:24:27.571+0000] {logging_mixin.py:150} INFO - [2026-01-03T15:24:27.571+0000] {dag.py:2742} INFO - Sync 1 DAGs
[2026-01-03T15:24:27.586+0000] {logging_mixin.py:150} INFO - [2026-01-03T15:24:27.586+0000] {dag.py:3504} INFO - Setting next_dagrun for One_Task_DAG to None, run_after=None
[2026-01-03T15:24:27.599+0000] {processor.py:179} INFO - Processing /workspaces/hands-on-introduction-data-engineering-4395021/airflow/dags/one_task_dag.py took 0.058 seconds
[2026-01-03T15:24:57.738+0000] {processor.py:157} INFO - Started process (PID=52406) to work on /workspaces/hands-on-introduction-data-engineering-4395021/airflow/dags/one_task_dag.py
[2026-01-03T15:24:57.738+0000] {processor.py:826} INFO - Processing file /workspaces/hands-on-introduction-data-engineering-4395021/airflow/dags/one_task_dag.py for tasks to queue
[2026-01-03T15:24:57.739+0000] {logging_mixin.py:150} INFO - [2026-01-03T15:24:57.739+0000] {dagbag.py:541} INFO - Filling up the DagBag from /workspaces/hands-on-introduction-data-engineering-4395021/airflow/dags/one_task_dag.py
[2026-01-03T15:24:57.747+0000] {processor.py:836} INFO - DAG(s) dict_keys(['One_Task_DAG']) retrieved from /workspaces/hands-on-introduction-data-engineering-4395021/airflow/dags/one_task_dag.py
[2026-01-03T15:24:57.766+0000] {logging_mixin.py:150} INFO - [2026-01-03T15:24:57.765+0000] {dag.py:2742} INFO - Sync 1 DAGs
[2026-01-03T15:24:57.780+0000] {logging_mixin.py:150} INFO - [2026-01-03T15:24:57.779+0000] {dag.py:3504} INFO - Setting next_dagrun for One_Task_DAG to None, run_after=None
[2026-01-03T15:24:57.794+0000] {processor.py:179} INFO - Processing /workspaces/hands-on-introduction-data-engineering-4395021/airflow/dags/one_task_dag.py took 0.059 seconds
[2026-01-03T15:25:28.038+0000] {processor.py:157} INFO - Started process (PID=52568) to work on /workspaces/hands-on-introduction-data-engineering-4395021/airflow/dags/one_task_dag.py
[2026-01-03T15:25:28.039+0000] {processor.py:826} INFO - Processing file /workspaces/hands-on-introduction-data-engineering-4395021/airflow/dags/one_task_dag.py for tasks to queue
[2026-01-03T15:25:28.040+0000] {logging_mixin.py:150} INFO - [2026-01-03T15:25:28.040+0000] {dagbag.py:541} INFO - Filling up the DagBag from /workspaces/hands-on-introduction-data-engineering-4395021/airflow/dags/one_task_dag.py
[2026-01-03T15:25:28.049+0000] {processor.py:836} INFO - DAG(s) dict_keys(['One_Task_DAG']) retrieved from /workspaces/hands-on-introduction-data-engineering-4395021/airflow/dags/one_task_dag.py
[2026-01-03T15:25:28.065+0000] {logging_mixin.py:150} INFO - [2026-01-03T15:25:28.065+0000] {dag.py:2742} INFO - Sync 1 DAGs
[2026-01-03T15:25:28.080+0000] {logging_mixin.py:150} INFO - [2026-01-03T15:25:28.080+0000] {dag.py:3504} INFO - Setting next_dagrun for One_Task_DAG to None, run_after=None
[2026-01-03T15:25:28.093+0000] {processor.py:179} INFO - Processing /workspaces/hands-on-introduction-data-engineering-4395021/airflow/dags/one_task_dag.py took 0.057 seconds
[2026-01-03T15:25:58.340+0000] {processor.py:157} INFO - Started process (PID=52743) to work on /workspaces/hands-on-introduction-data-engineering-4395021/airflow/dags/one_task_dag.py
[2026-01-03T15:25:58.341+0000] {processor.py:826} INFO - Processing file /workspaces/hands-on-introduction-data-engineering-4395021/airflow/dags/one_task_dag.py for tasks to queue
[2026-01-03T15:25:58.342+0000] {logging_mixin.py:150} INFO - [2026-01-03T15:25:58.342+0000] {dagbag.py:541} INFO - Filling up the DagBag from /workspaces/hands-on-introduction-data-engineering-4395021/airflow/dags/one_task_dag.py
[2026-01-03T15:25:58.352+0000] {processor.py:836} INFO - DAG(s) dict_keys(['One_Task_DAG']) retrieved from /workspaces/hands-on-introduction-data-engineering-4395021/airflow/dags/one_task_dag.py
[2026-01-03T15:25:58.370+0000] {logging_mixin.py:150} INFO - [2026-01-03T15:25:58.370+0000] {dag.py:2742} INFO - Sync 1 DAGs
[2026-01-03T15:25:58.385+0000] {logging_mixin.py:150} INFO - [2026-01-03T15:25:58.385+0000] {dag.py:3504} INFO - Setting next_dagrun for One_Task_DAG to None, run_after=None
[2026-01-03T15:25:58.400+0000] {processor.py:179} INFO - Processing /workspaces/hands-on-introduction-data-engineering-4395021/airflow/dags/one_task_dag.py took 0.062 seconds
[2026-01-03T15:26:28.644+0000] {processor.py:157} INFO - Started process (PID=52912) to work on /workspaces/hands-on-introduction-data-engineering-4395021/airflow/dags/one_task_dag.py
[2026-01-03T15:26:28.644+0000] {processor.py:826} INFO - Processing file /workspaces/hands-on-introduction-data-engineering-4395021/airflow/dags/one_task_dag.py for tasks to queue
[2026-01-03T15:26:28.645+0000] {logging_mixin.py:150} INFO - [2026-01-03T15:26:28.645+0000] {dagbag.py:541} INFO - Filling up the DagBag from /workspaces/hands-on-introduction-data-engineering-4395021/airflow/dags/one_task_dag.py
[2026-01-03T15:26:28.654+0000] {processor.py:836} INFO - DAG(s) dict_keys(['One_Task_DAG']) retrieved from /workspaces/hands-on-introduction-data-engineering-4395021/airflow/dags/one_task_dag.py
[2026-01-03T15:26:28.672+0000] {logging_mixin.py:150} INFO - [2026-01-03T15:26:28.672+0000] {dag.py:2742} INFO - Sync 1 DAGs
[2026-01-03T15:26:28.687+0000] {logging_mixin.py:150} INFO - [2026-01-03T15:26:28.687+0000] {dag.py:3504} INFO - Setting next_dagrun for One_Task_DAG to None, run_after=None
[2026-01-03T15:26:28.703+0000] {processor.py:179} INFO - Processing /workspaces/hands-on-introduction-data-engineering-4395021/airflow/dags/one_task_dag.py took 0.062 seconds
[2026-01-03T15:26:58.828+0000] {processor.py:157} INFO - Started process (PID=53087) to work on /workspaces/hands-on-introduction-data-engineering-4395021/airflow/dags/one_task_dag.py
[2026-01-03T15:26:58.828+0000] {processor.py:826} INFO - Processing file /workspaces/hands-on-introduction-data-engineering-4395021/airflow/dags/one_task_dag.py for tasks to queue
[2026-01-03T15:26:58.829+0000] {logging_mixin.py:150} INFO - [2026-01-03T15:26:58.829+0000] {dagbag.py:541} INFO - Filling up the DagBag from /workspaces/hands-on-introduction-data-engineering-4395021/airflow/dags/one_task_dag.py
[2026-01-03T15:26:58.839+0000] {processor.py:836} INFO - DAG(s) dict_keys(['One_Task_DAG']) retrieved from /workspaces/hands-on-introduction-data-engineering-4395021/airflow/dags/one_task_dag.py
[2026-01-03T15:26:58.857+0000] {logging_mixin.py:150} INFO - [2026-01-03T15:26:58.857+0000] {dag.py:2742} INFO - Sync 1 DAGs
[2026-01-03T15:26:58.871+0000] {logging_mixin.py:150} INFO - [2026-01-03T15:26:58.871+0000] {dag.py:3504} INFO - Setting next_dagrun for One_Task_DAG to None, run_after=None
[2026-01-03T15:26:58.887+0000] {processor.py:179} INFO - Processing /workspaces/hands-on-introduction-data-engineering-4395021/airflow/dags/one_task_dag.py took 0.062 seconds
[2026-01-03T15:27:29.128+0000] {processor.py:157} INFO - Started process (PID=53257) to work on /workspaces/hands-on-introduction-data-engineering-4395021/airflow/dags/one_task_dag.py
[2026-01-03T15:27:29.129+0000] {processor.py:826} INFO - Processing file /workspaces/hands-on-introduction-data-engineering-4395021/airflow/dags/one_task_dag.py for tasks to queue
[2026-01-03T15:27:29.129+0000] {logging_mixin.py:150} INFO - [2026-01-03T15:27:29.129+0000] {dagbag.py:541} INFO - Filling up the DagBag from /workspaces/hands-on-introduction-data-engineering-4395021/airflow/dags/one_task_dag.py
[2026-01-03T15:27:29.138+0000] {processor.py:836} INFO - DAG(s) dict_keys(['One_Task_DAG']) retrieved from /workspaces/hands-on-introduction-data-engineering-4395021/airflow/dags/one_task_dag.py
[2026-01-03T15:27:29.156+0000] {logging_mixin.py:150} INFO - [2026-01-03T15:27:29.156+0000] {dag.py:2742} INFO - Sync 1 DAGs
[2026-01-03T15:27:29.171+0000] {logging_mixin.py:150} INFO - [2026-01-03T15:27:29.171+0000] {dag.py:3504} INFO - Setting next_dagrun for One_Task_DAG to None, run_after=None
[2026-01-03T15:27:29.186+0000] {processor.py:179} INFO - Processing /workspaces/hands-on-introduction-data-engineering-4395021/airflow/dags/one_task_dag.py took 0.061 seconds
[2026-01-03T15:27:59.428+0000] {processor.py:157} INFO - Started process (PID=53459) to work on /workspaces/hands-on-introduction-data-engineering-4395021/airflow/dags/one_task_dag.py
[2026-01-03T15:27:59.429+0000] {processor.py:826} INFO - Processing file /workspaces/hands-on-introduction-data-engineering-4395021/airflow/dags/one_task_dag.py for tasks to queue
[2026-01-03T15:27:59.430+0000] {logging_mixin.py:150} INFO - [2026-01-03T15:27:59.429+0000] {dagbag.py:541} INFO - Filling up the DagBag from /workspaces/hands-on-introduction-data-engineering-4395021/airflow/dags/one_task_dag.py
[2026-01-03T15:27:59.438+0000] {processor.py:836} INFO - DAG(s) dict_keys(['One_Task_DAG']) retrieved from /workspaces/hands-on-introduction-data-engineering-4395021/airflow/dags/one_task_dag.py
[2026-01-03T15:27:59.456+0000] {logging_mixin.py:150} INFO - [2026-01-03T15:27:59.456+0000] {dag.py:2742} INFO - Sync 1 DAGs
[2026-01-03T15:27:59.471+0000] {logging_mixin.py:150} INFO - [2026-01-03T15:27:59.471+0000] {dag.py:3504} INFO - Setting next_dagrun for One_Task_DAG to None, run_after=None
[2026-01-03T15:27:59.485+0000] {processor.py:179} INFO - Processing /workspaces/hands-on-introduction-data-engineering-4395021/airflow/dags/one_task_dag.py took 0.060 seconds
[2026-01-03T15:28:29.728+0000] {processor.py:157} INFO - Started process (PID=53628) to work on /workspaces/hands-on-introduction-data-engineering-4395021/airflow/dags/one_task_dag.py
[2026-01-03T15:28:29.728+0000] {processor.py:826} INFO - Processing file /workspaces/hands-on-introduction-data-engineering-4395021/airflow/dags/one_task_dag.py for tasks to queue
[2026-01-03T15:28:29.729+0000] {logging_mixin.py:150} INFO - [2026-01-03T15:28:29.729+0000] {dagbag.py:541} INFO - Filling up the DagBag from /workspaces/hands-on-introduction-data-engineering-4395021/airflow/dags/one_task_dag.py
[2026-01-03T15:28:29.739+0000] {processor.py:836} INFO - DAG(s) dict_keys(['One_Task_DAG']) retrieved from /workspaces/hands-on-introduction-data-engineering-4395021/airflow/dags/one_task_dag.py
[2026-01-03T15:28:29.758+0000] {logging_mixin.py:150} INFO - [2026-01-03T15:28:29.757+0000] {dag.py:2742} INFO - Sync 1 DAGs
[2026-01-03T15:28:29.772+0000] {logging_mixin.py:150} INFO - [2026-01-03T15:28:29.772+0000] {dag.py:3504} INFO - Setting next_dagrun for One_Task_DAG to None, run_after=None
[2026-01-03T15:28:29.787+0000] {processor.py:179} INFO - Processing /workspaces/hands-on-introduction-data-engineering-4395021/airflow/dags/one_task_dag.py took 0.062 seconds
[2026-01-03T15:28:59.899+0000] {processor.py:157} INFO - Started process (PID=53797) to work on /workspaces/hands-on-introduction-data-engineering-4395021/airflow/dags/one_task_dag.py
[2026-01-03T15:28:59.900+0000] {processor.py:826} INFO - Processing file /workspaces/hands-on-introduction-data-engineering-4395021/airflow/dags/one_task_dag.py for tasks to queue
[2026-01-03T15:28:59.901+0000] {logging_mixin.py:150} INFO - [2026-01-03T15:28:59.900+0000] {dagbag.py:541} INFO - Filling up the DagBag from /workspaces/hands-on-introduction-data-engineering-4395021/airflow/dags/one_task_dag.py
[2026-01-03T15:28:59.909+0000] {processor.py:836} INFO - DAG(s) dict_keys(['One_Task_DAG']) retrieved from /workspaces/hands-on-introduction-data-engineering-4395021/airflow/dags/one_task_dag.py
[2026-01-03T15:28:59.927+0000] {logging_mixin.py:150} INFO - [2026-01-03T15:28:59.927+0000] {dag.py:2742} INFO - Sync 1 DAGs
[2026-01-03T15:28:59.941+0000] {logging_mixin.py:150} INFO - [2026-01-03T15:28:59.941+0000] {dag.py:3504} INFO - Setting next_dagrun for One_Task_DAG to None, run_after=None
[2026-01-03T15:28:59.956+0000] {processor.py:179} INFO - Processing /workspaces/hands-on-introduction-data-engineering-4395021/airflow/dags/one_task_dag.py took 0.059 seconds
[2026-01-03T15:29:30.070+0000] {processor.py:157} INFO - Started process (PID=53967) to work on /workspaces/hands-on-introduction-data-engineering-4395021/airflow/dags/one_task_dag.py
[2026-01-03T15:29:30.071+0000] {processor.py:826} INFO - Processing file /workspaces/hands-on-introduction-data-engineering-4395021/airflow/dags/one_task_dag.py for tasks to queue
[2026-01-03T15:29:30.072+0000] {logging_mixin.py:150} INFO - [2026-01-03T15:29:30.071+0000] {dagbag.py:541} INFO - Filling up the DagBag from /workspaces/hands-on-introduction-data-engineering-4395021/airflow/dags/one_task_dag.py
[2026-01-03T15:29:30.080+0000] {processor.py:836} INFO - DAG(s) dict_keys(['One_Task_DAG']) retrieved from /workspaces/hands-on-introduction-data-engineering-4395021/airflow/dags/one_task_dag.py
[2026-01-03T15:29:30.098+0000] {logging_mixin.py:150} INFO - [2026-01-03T15:29:30.098+0000] {dag.py:2742} INFO - Sync 1 DAGs
[2026-01-03T15:29:30.112+0000] {logging_mixin.py:150} INFO - [2026-01-03T15:29:30.112+0000] {dag.py:3504} INFO - Setting next_dagrun for One_Task_DAG to None, run_after=None
[2026-01-03T15:29:30.127+0000] {processor.py:179} INFO - Processing /workspaces/hands-on-introduction-data-engineering-4395021/airflow/dags/one_task_dag.py took 0.059 seconds
[2026-01-03T15:30:00.241+0000] {processor.py:157} INFO - Started process (PID=54141) to work on /workspaces/hands-on-introduction-data-engineering-4395021/airflow/dags/one_task_dag.py
[2026-01-03T15:30:00.242+0000] {processor.py:826} INFO - Processing file /workspaces/hands-on-introduction-data-engineering-4395021/airflow/dags/one_task_dag.py for tasks to queue
[2026-01-03T15:30:00.243+0000] {logging_mixin.py:150} INFO - [2026-01-03T15:30:00.242+0000] {dagbag.py:541} INFO - Filling up the DagBag from /workspaces/hands-on-introduction-data-engineering-4395021/airflow/dags/one_task_dag.py
[2026-01-03T15:30:00.252+0000] {processor.py:836} INFO - DAG(s) dict_keys(['One_Task_DAG']) retrieved from /workspaces/hands-on-introduction-data-engineering-4395021/airflow/dags/one_task_dag.py
[2026-01-03T15:30:00.272+0000] {logging_mixin.py:150} INFO - [2026-01-03T15:30:00.272+0000] {dag.py:2742} INFO - Sync 1 DAGs
[2026-01-03T15:30:00.287+0000] {logging_mixin.py:150} INFO - [2026-01-03T15:30:00.287+0000] {dag.py:3504} INFO - Setting next_dagrun for One_Task_DAG to None, run_after=None
[2026-01-03T15:30:00.303+0000] {processor.py:179} INFO - Processing /workspaces/hands-on-introduction-data-engineering-4395021/airflow/dags/one_task_dag.py took 0.065 seconds
[2026-01-03T15:30:30.410+0000] {processor.py:157} INFO - Started process (PID=54310) to work on /workspaces/hands-on-introduction-data-engineering-4395021/airflow/dags/one_task_dag.py
[2026-01-03T15:30:30.411+0000] {processor.py:826} INFO - Processing file /workspaces/hands-on-introduction-data-engineering-4395021/airflow/dags/one_task_dag.py for tasks to queue
[2026-01-03T15:30:30.412+0000] {logging_mixin.py:150} INFO - [2026-01-03T15:30:30.412+0000] {dagbag.py:541} INFO - Filling up the DagBag from /workspaces/hands-on-introduction-data-engineering-4395021/airflow/dags/one_task_dag.py
[2026-01-03T15:30:30.421+0000] {processor.py:836} INFO - DAG(s) dict_keys(['One_Task_DAG']) retrieved from /workspaces/hands-on-introduction-data-engineering-4395021/airflow/dags/one_task_dag.py
[2026-01-03T15:30:30.438+0000] {logging_mixin.py:150} INFO - [2026-01-03T15:30:30.438+0000] {dag.py:2742} INFO - Sync 1 DAGs
[2026-01-03T15:30:30.453+0000] {logging_mixin.py:150} INFO - [2026-01-03T15:30:30.452+0000] {dag.py:3504} INFO - Setting next_dagrun for One_Task_DAG to None, run_after=None
[2026-01-03T15:30:30.468+0000] {processor.py:179} INFO - Processing /workspaces/hands-on-introduction-data-engineering-4395021/airflow/dags/one_task_dag.py took 0.061 seconds
[2026-01-03T15:31:00.575+0000] {processor.py:157} INFO - Started process (PID=54485) to work on /workspaces/hands-on-introduction-data-engineering-4395021/airflow/dags/one_task_dag.py
[2026-01-03T15:31:00.576+0000] {processor.py:826} INFO - Processing file /workspaces/hands-on-introduction-data-engineering-4395021/airflow/dags/one_task_dag.py for tasks to queue
[2026-01-03T15:31:00.577+0000] {logging_mixin.py:150} INFO - [2026-01-03T15:31:00.577+0000] {dagbag.py:541} INFO - Filling up the DagBag from /workspaces/hands-on-introduction-data-engineering-4395021/airflow/dags/one_task_dag.py
[2026-01-03T15:31:00.586+0000] {processor.py:836} INFO - DAG(s) dict_keys(['One_Task_DAG']) retrieved from /workspaces/hands-on-introduction-data-engineering-4395021/airflow/dags/one_task_dag.py
[2026-01-03T15:31:00.604+0000] {logging_mixin.py:150} INFO - [2026-01-03T15:31:00.604+0000] {dag.py:2742} INFO - Sync 1 DAGs
[2026-01-03T15:31:00.619+0000] {logging_mixin.py:150} INFO - [2026-01-03T15:31:00.619+0000] {dag.py:3504} INFO - Setting next_dagrun for One_Task_DAG to None, run_after=None
[2026-01-03T15:31:00.634+0000] {processor.py:179} INFO - Processing /workspaces/hands-on-introduction-data-engineering-4395021/airflow/dags/one_task_dag.py took 0.062 seconds
[2026-01-03T15:31:30.746+0000] {processor.py:157} INFO - Started process (PID=54648) to work on /workspaces/hands-on-introduction-data-engineering-4395021/airflow/dags/one_task_dag.py
[2026-01-03T15:31:30.747+0000] {processor.py:826} INFO - Processing file /workspaces/hands-on-introduction-data-engineering-4395021/airflow/dags/one_task_dag.py for tasks to queue
[2026-01-03T15:31:30.747+0000] {logging_mixin.py:150} INFO - [2026-01-03T15:31:30.747+0000] {dagbag.py:541} INFO - Filling up the DagBag from /workspaces/hands-on-introduction-data-engineering-4395021/airflow/dags/one_task_dag.py
[2026-01-03T15:31:30.757+0000] {processor.py:836} INFO - DAG(s) dict_keys(['One_Task_DAG']) retrieved from /workspaces/hands-on-introduction-data-engineering-4395021/airflow/dags/one_task_dag.py
[2026-01-03T15:31:30.774+0000] {logging_mixin.py:150} INFO - [2026-01-03T15:31:30.774+0000] {dag.py:2742} INFO - Sync 1 DAGs
[2026-01-03T15:31:30.789+0000] {logging_mixin.py:150} INFO - [2026-01-03T15:31:30.789+0000] {dag.py:3504} INFO - Setting next_dagrun for One_Task_DAG to None, run_after=None
[2026-01-03T15:31:30.804+0000] {processor.py:179} INFO - Processing /workspaces/hands-on-introduction-data-engineering-4395021/airflow/dags/one_task_dag.py took 0.061 seconds
[2026-01-03T15:32:00.914+0000] {processor.py:157} INFO - Started process (PID=54823) to work on /workspaces/hands-on-introduction-data-engineering-4395021/airflow/dags/one_task_dag.py
[2026-01-03T15:32:00.915+0000] {processor.py:826} INFO - Processing file /workspaces/hands-on-introduction-data-engineering-4395021/airflow/dags/one_task_dag.py for tasks to queue
[2026-01-03T15:32:00.916+0000] {logging_mixin.py:150} INFO - [2026-01-03T15:32:00.915+0000] {dagbag.py:541} INFO - Filling up the DagBag from /workspaces/hands-on-introduction-data-engineering-4395021/airflow/dags/one_task_dag.py
[2026-01-03T15:32:00.924+0000] {processor.py:836} INFO - DAG(s) dict_keys(['One_Task_DAG']) retrieved from /workspaces/hands-on-introduction-data-engineering-4395021/airflow/dags/one_task_dag.py
[2026-01-03T15:32:00.942+0000] {logging_mixin.py:150} INFO - [2026-01-03T15:32:00.942+0000] {dag.py:2742} INFO - Sync 1 DAGs
[2026-01-03T15:32:00.957+0000] {logging_mixin.py:150} INFO - [2026-01-03T15:32:00.957+0000] {dag.py:3504} INFO - Setting next_dagrun for One_Task_DAG to None, run_after=None
[2026-01-03T15:32:00.971+0000] {processor.py:179} INFO - Processing /workspaces/hands-on-introduction-data-engineering-4395021/airflow/dags/one_task_dag.py took 0.060 seconds
[2026-01-03T15:32:31.087+0000] {processor.py:157} INFO - Started process (PID=54992) to work on /workspaces/hands-on-introduction-data-engineering-4395021/airflow/dags/one_task_dag.py
[2026-01-03T15:32:31.088+0000] {processor.py:826} INFO - Processing file /workspaces/hands-on-introduction-data-engineering-4395021/airflow/dags/one_task_dag.py for tasks to queue
[2026-01-03T15:32:31.089+0000] {logging_mixin.py:150} INFO - [2026-01-03T15:32:31.089+0000] {dagbag.py:541} INFO - Filling up the DagBag from /workspaces/hands-on-introduction-data-engineering-4395021/airflow/dags/one_task_dag.py
[2026-01-03T15:32:31.108+0000] {processor.py:836} INFO - DAG(s) dict_keys(['One_Task_DAG']) retrieved from /workspaces/hands-on-introduction-data-engineering-4395021/airflow/dags/one_task_dag.py
[2026-01-03T15:32:31.140+0000] {logging_mixin.py:150} INFO - [2026-01-03T15:32:31.139+0000] {dag.py:2742} INFO - Sync 1 DAGs
[2026-01-03T15:32:31.158+0000] {logging_mixin.py:150} INFO - [2026-01-03T15:32:31.157+0000] {dag.py:3504} INFO - Setting next_dagrun for One_Task_DAG to None, run_after=None
[2026-01-03T15:32:31.195+0000] {processor.py:179} INFO - Processing /workspaces/hands-on-introduction-data-engineering-4395021/airflow/dags/one_task_dag.py took 0.113 seconds
[2026-01-03T15:33:01.354+0000] {processor.py:157} INFO - Started process (PID=55194) to work on /workspaces/hands-on-introduction-data-engineering-4395021/airflow/dags/one_task_dag.py
[2026-01-03T15:33:01.355+0000] {processor.py:826} INFO - Processing file /workspaces/hands-on-introduction-data-engineering-4395021/airflow/dags/one_task_dag.py for tasks to queue
[2026-01-03T15:33:01.356+0000] {logging_mixin.py:150} INFO - [2026-01-03T15:33:01.355+0000] {dagbag.py:541} INFO - Filling up the DagBag from /workspaces/hands-on-introduction-data-engineering-4395021/airflow/dags/one_task_dag.py
[2026-01-03T15:33:01.368+0000] {processor.py:836} INFO - DAG(s) dict_keys(['One_Task_DAG']) retrieved from /workspaces/hands-on-introduction-data-engineering-4395021/airflow/dags/one_task_dag.py
[2026-01-03T15:33:01.386+0000] {logging_mixin.py:150} INFO - [2026-01-03T15:33:01.385+0000] {dag.py:2742} INFO - Sync 1 DAGs
[2026-01-03T15:33:01.400+0000] {logging_mixin.py:150} INFO - [2026-01-03T15:33:01.400+0000] {dag.py:3504} INFO - Setting next_dagrun for One_Task_DAG to None, run_after=None
[2026-01-03T15:33:01.414+0000] {processor.py:179} INFO - Processing /workspaces/hands-on-introduction-data-engineering-4395021/airflow/dags/one_task_dag.py took 0.065 seconds
[2026-01-03T15:33:31.516+0000] {processor.py:157} INFO - Started process (PID=55370) to work on /workspaces/hands-on-introduction-data-engineering-4395021/airflow/dags/one_task_dag.py
[2026-01-03T15:33:31.517+0000] {processor.py:826} INFO - Processing file /workspaces/hands-on-introduction-data-engineering-4395021/airflow/dags/one_task_dag.py for tasks to queue
[2026-01-03T15:33:31.518+0000] {logging_mixin.py:150} INFO - [2026-01-03T15:33:31.518+0000] {dagbag.py:541} INFO - Filling up the DagBag from /workspaces/hands-on-introduction-data-engineering-4395021/airflow/dags/one_task_dag.py
[2026-01-03T15:33:31.528+0000] {processor.py:836} INFO - DAG(s) dict_keys(['One_Task_DAG']) retrieved from /workspaces/hands-on-introduction-data-engineering-4395021/airflow/dags/one_task_dag.py
[2026-01-03T15:33:31.551+0000] {logging_mixin.py:150} INFO - [2026-01-03T15:33:31.551+0000] {dag.py:2742} INFO - Sync 1 DAGs
[2026-01-03T15:33:31.566+0000] {logging_mixin.py:150} INFO - [2026-01-03T15:33:31.565+0000] {dag.py:3504} INFO - Setting next_dagrun for One_Task_DAG to None, run_after=None
[2026-01-03T15:33:31.580+0000] {processor.py:179} INFO - Processing /workspaces/hands-on-introduction-data-engineering-4395021/airflow/dags/one_task_dag.py took 0.068 seconds
[2026-01-03T15:34:01.692+0000] {processor.py:157} INFO - Started process (PID=55533) to work on /workspaces/hands-on-introduction-data-engineering-4395021/airflow/dags/one_task_dag.py
[2026-01-03T15:34:01.694+0000] {processor.py:826} INFO - Processing file /workspaces/hands-on-introduction-data-engineering-4395021/airflow/dags/one_task_dag.py for tasks to queue
[2026-01-03T15:34:01.695+0000] {logging_mixin.py:150} INFO - [2026-01-03T15:34:01.695+0000] {dagbag.py:541} INFO - Filling up the DagBag from /workspaces/hands-on-introduction-data-engineering-4395021/airflow/dags/one_task_dag.py
[2026-01-03T15:34:01.719+0000] {processor.py:836} INFO - DAG(s) dict_keys(['One_Task_DAG']) retrieved from /workspaces/hands-on-introduction-data-engineering-4395021/airflow/dags/one_task_dag.py
[2026-01-03T15:34:01.750+0000] {logging_mixin.py:150} INFO - [2026-01-03T15:34:01.750+0000] {dag.py:2742} INFO - Sync 1 DAGs
[2026-01-03T15:34:01.764+0000] {logging_mixin.py:150} INFO - [2026-01-03T15:34:01.764+0000] {dag.py:3504} INFO - Setting next_dagrun for One_Task_DAG to None, run_after=None
[2026-01-03T15:34:01.780+0000] {processor.py:179} INFO - Processing /workspaces/hands-on-introduction-data-engineering-4395021/airflow/dags/one_task_dag.py took 0.093 seconds
[2026-01-03T15:34:31.851+0000] {processor.py:157} INFO - Started process (PID=55718) to work on /workspaces/hands-on-introduction-data-engineering-4395021/airflow/dags/one_task_dag.py
[2026-01-03T15:34:31.852+0000] {processor.py:826} INFO - Processing file /workspaces/hands-on-introduction-data-engineering-4395021/airflow/dags/one_task_dag.py for tasks to queue
[2026-01-03T15:34:31.852+0000] {logging_mixin.py:150} INFO - [2026-01-03T15:34:31.852+0000] {dagbag.py:541} INFO - Filling up the DagBag from /workspaces/hands-on-introduction-data-engineering-4395021/airflow/dags/one_task_dag.py
[2026-01-03T15:34:31.861+0000] {processor.py:836} INFO - DAG(s) dict_keys(['One_Task_DAG']) retrieved from /workspaces/hands-on-introduction-data-engineering-4395021/airflow/dags/one_task_dag.py
[2026-01-03T15:34:31.880+0000] {logging_mixin.py:150} INFO - [2026-01-03T15:34:31.880+0000] {dag.py:2742} INFO - Sync 1 DAGs
[2026-01-03T15:34:31.905+0000] {logging_mixin.py:150} INFO - [2026-01-03T15:34:31.905+0000] {dag.py:3504} INFO - Setting next_dagrun for One_Task_DAG to None, run_after=None
[2026-01-03T15:34:31.927+0000] {processor.py:179} INFO - Processing /workspaces/hands-on-introduction-data-engineering-4395021/airflow/dags/one_task_dag.py took 0.079 seconds
[2026-01-03T15:35:02.034+0000] {processor.py:157} INFO - Started process (PID=55944) to work on /workspaces/hands-on-introduction-data-engineering-4395021/airflow/dags/one_task_dag.py
[2026-01-03T15:35:02.035+0000] {processor.py:826} INFO - Processing file /workspaces/hands-on-introduction-data-engineering-4395021/airflow/dags/one_task_dag.py for tasks to queue
[2026-01-03T15:35:02.036+0000] {logging_mixin.py:150} INFO - [2026-01-03T15:35:02.036+0000] {dagbag.py:541} INFO - Filling up the DagBag from /workspaces/hands-on-introduction-data-engineering-4395021/airflow/dags/one_task_dag.py
[2026-01-03T15:35:02.045+0000] {processor.py:836} INFO - DAG(s) dict_keys(['One_Task_DAG']) retrieved from /workspaces/hands-on-introduction-data-engineering-4395021/airflow/dags/one_task_dag.py
[2026-01-03T15:35:02.063+0000] {logging_mixin.py:150} INFO - [2026-01-03T15:35:02.062+0000] {dag.py:2742} INFO - Sync 1 DAGs
[2026-01-03T15:35:02.078+0000] {logging_mixin.py:150} INFO - [2026-01-03T15:35:02.078+0000] {dag.py:3504} INFO - Setting next_dagrun for One_Task_DAG to None, run_after=None
[2026-01-03T15:35:02.092+0000] {processor.py:179} INFO - Processing /workspaces/hands-on-introduction-data-engineering-4395021/airflow/dags/one_task_dag.py took 0.061 seconds
[2026-01-03T15:35:32.192+0000] {processor.py:157} INFO - Started process (PID=56184) to work on /workspaces/hands-on-introduction-data-engineering-4395021/airflow/dags/one_task_dag.py
[2026-01-03T15:35:32.193+0000] {processor.py:826} INFO - Processing file /workspaces/hands-on-introduction-data-engineering-4395021/airflow/dags/one_task_dag.py for tasks to queue
[2026-01-03T15:35:32.193+0000] {logging_mixin.py:150} INFO - [2026-01-03T15:35:32.193+0000] {dagbag.py:541} INFO - Filling up the DagBag from /workspaces/hands-on-introduction-data-engineering-4395021/airflow/dags/one_task_dag.py
[2026-01-03T15:35:32.202+0000] {processor.py:836} INFO - DAG(s) dict_keys(['One_Task_DAG']) retrieved from /workspaces/hands-on-introduction-data-engineering-4395021/airflow/dags/one_task_dag.py
[2026-01-03T15:35:32.219+0000] {logging_mixin.py:150} INFO - [2026-01-03T15:35:32.219+0000] {dag.py:2742} INFO - Sync 1 DAGs
[2026-01-03T15:35:32.234+0000] {logging_mixin.py:150} INFO - [2026-01-03T15:35:32.234+0000] {dag.py:3504} INFO - Setting next_dagrun for One_Task_DAG to None, run_after=None
[2026-01-03T15:35:32.248+0000] {processor.py:179} INFO - Processing /workspaces/hands-on-introduction-data-engineering-4395021/airflow/dags/one_task_dag.py took 0.059 seconds
[2026-01-03T15:36:02.361+0000] {processor.py:157} INFO - Started process (PID=56376) to work on /workspaces/hands-on-introduction-data-engineering-4395021/airflow/dags/one_task_dag.py
[2026-01-03T15:36:02.362+0000] {processor.py:826} INFO - Processing file /workspaces/hands-on-introduction-data-engineering-4395021/airflow/dags/one_task_dag.py for tasks to queue
[2026-01-03T15:36:02.363+0000] {logging_mixin.py:150} INFO - [2026-01-03T15:36:02.362+0000] {dagbag.py:541} INFO - Filling up the DagBag from /workspaces/hands-on-introduction-data-engineering-4395021/airflow/dags/one_task_dag.py
[2026-01-03T15:36:02.371+0000] {processor.py:836} INFO - DAG(s) dict_keys(['One_Task_DAG']) retrieved from /workspaces/hands-on-introduction-data-engineering-4395021/airflow/dags/one_task_dag.py
[2026-01-03T15:36:02.390+0000] {logging_mixin.py:150} INFO - [2026-01-03T15:36:02.390+0000] {dag.py:2742} INFO - Sync 1 DAGs
[2026-01-03T15:36:02.405+0000] {logging_mixin.py:150} INFO - [2026-01-03T15:36:02.405+0000] {dag.py:3504} INFO - Setting next_dagrun for One_Task_DAG to None, run_after=None
[2026-01-03T15:36:02.428+0000] {processor.py:179} INFO - Processing /workspaces/hands-on-introduction-data-engineering-4395021/airflow/dags/one_task_dag.py took 0.070 seconds
[2026-01-03T15:36:32.517+0000] {processor.py:157} INFO - Started process (PID=56555) to work on /workspaces/hands-on-introduction-data-engineering-4395021/airflow/dags/one_task_dag.py
[2026-01-03T15:36:32.518+0000] {processor.py:826} INFO - Processing file /workspaces/hands-on-introduction-data-engineering-4395021/airflow/dags/one_task_dag.py for tasks to queue
[2026-01-03T15:36:32.519+0000] {logging_mixin.py:150} INFO - [2026-01-03T15:36:32.519+0000] {dagbag.py:541} INFO - Filling up the DagBag from /workspaces/hands-on-introduction-data-engineering-4395021/airflow/dags/one_task_dag.py
[2026-01-03T15:36:32.528+0000] {processor.py:836} INFO - DAG(s) dict_keys(['One_Task_DAG']) retrieved from /workspaces/hands-on-introduction-data-engineering-4395021/airflow/dags/one_task_dag.py
[2026-01-03T15:36:32.546+0000] {logging_mixin.py:150} INFO - [2026-01-03T15:36:32.546+0000] {dag.py:2742} INFO - Sync 1 DAGs
[2026-01-03T15:36:32.560+0000] {logging_mixin.py:150} INFO - [2026-01-03T15:36:32.560+0000] {dag.py:3504} INFO - Setting next_dagrun for One_Task_DAG to None, run_after=None
[2026-01-03T15:36:32.574+0000] {processor.py:179} INFO - Processing /workspaces/hands-on-introduction-data-engineering-4395021/airflow/dags/one_task_dag.py took 0.060 seconds
[2026-01-03T15:37:02.679+0000] {processor.py:157} INFO - Started process (PID=56748) to work on /workspaces/hands-on-introduction-data-engineering-4395021/airflow/dags/one_task_dag.py
[2026-01-03T15:37:02.679+0000] {processor.py:826} INFO - Processing file /workspaces/hands-on-introduction-data-engineering-4395021/airflow/dags/one_task_dag.py for tasks to queue
[2026-01-03T15:37:02.680+0000] {logging_mixin.py:150} INFO - [2026-01-03T15:37:02.680+0000] {dagbag.py:541} INFO - Filling up the DagBag from /workspaces/hands-on-introduction-data-engineering-4395021/airflow/dags/one_task_dag.py
[2026-01-03T15:37:02.688+0000] {processor.py:836} INFO - DAG(s) dict_keys(['One_Task_DAG']) retrieved from /workspaces/hands-on-introduction-data-engineering-4395021/airflow/dags/one_task_dag.py
[2026-01-03T15:37:02.708+0000] {logging_mixin.py:150} INFO - [2026-01-03T15:37:02.708+0000] {dag.py:2742} INFO - Sync 1 DAGs
[2026-01-03T15:37:02.723+0000] {logging_mixin.py:150} INFO - [2026-01-03T15:37:02.723+0000] {dag.py:3504} INFO - Setting next_dagrun for One_Task_DAG to None, run_after=None
[2026-01-03T15:37:02.740+0000] {processor.py:179} INFO - Processing /workspaces/hands-on-introduction-data-engineering-4395021/airflow/dags/one_task_dag.py took 0.064 seconds
[2026-01-03T15:37:32.840+0000] {processor.py:157} INFO - Started process (PID=56948) to work on /workspaces/hands-on-introduction-data-engineering-4395021/airflow/dags/one_task_dag.py
[2026-01-03T15:37:32.841+0000] {processor.py:826} INFO - Processing file /workspaces/hands-on-introduction-data-engineering-4395021/airflow/dags/one_task_dag.py for tasks to queue
[2026-01-03T15:37:32.842+0000] {logging_mixin.py:150} INFO - [2026-01-03T15:37:32.841+0000] {dagbag.py:541} INFO - Filling up the DagBag from /workspaces/hands-on-introduction-data-engineering-4395021/airflow/dags/one_task_dag.py
[2026-01-03T15:37:32.850+0000] {processor.py:836} INFO - DAG(s) dict_keys(['One_Task_DAG']) retrieved from /workspaces/hands-on-introduction-data-engineering-4395021/airflow/dags/one_task_dag.py
[2026-01-03T15:37:32.868+0000] {logging_mixin.py:150} INFO - [2026-01-03T15:37:32.867+0000] {dag.py:2742} INFO - Sync 1 DAGs
[2026-01-03T15:37:32.882+0000] {logging_mixin.py:150} INFO - [2026-01-03T15:37:32.882+0000] {dag.py:3504} INFO - Setting next_dagrun for One_Task_DAG to None, run_after=None
[2026-01-03T15:37:32.896+0000] {processor.py:179} INFO - Processing /workspaces/hands-on-introduction-data-engineering-4395021/airflow/dags/one_task_dag.py took 0.059 seconds
[2026-01-03T15:38:03.021+0000] {processor.py:157} INFO - Started process (PID=57176) to work on /workspaces/hands-on-introduction-data-engineering-4395021/airflow/dags/one_task_dag.py
[2026-01-03T15:38:03.022+0000] {processor.py:826} INFO - Processing file /workspaces/hands-on-introduction-data-engineering-4395021/airflow/dags/one_task_dag.py for tasks to queue
[2026-01-03T15:38:03.022+0000] {logging_mixin.py:150} INFO - [2026-01-03T15:38:03.022+0000] {dagbag.py:541} INFO - Filling up the DagBag from /workspaces/hands-on-introduction-data-engineering-4395021/airflow/dags/one_task_dag.py
[2026-01-03T15:38:03.031+0000] {processor.py:836} INFO - DAG(s) dict_keys(['One_Task_DAG']) retrieved from /workspaces/hands-on-introduction-data-engineering-4395021/airflow/dags/one_task_dag.py
[2026-01-03T15:38:03.048+0000] {logging_mixin.py:150} INFO - [2026-01-03T15:38:03.048+0000] {dag.py:2742} INFO - Sync 1 DAGs
[2026-01-03T15:38:03.062+0000] {logging_mixin.py:150} INFO - [2026-01-03T15:38:03.062+0000] {dag.py:3504} INFO - Setting next_dagrun for One_Task_DAG to None, run_after=None
[2026-01-03T15:38:03.078+0000] {processor.py:179} INFO - Processing /workspaces/hands-on-introduction-data-engineering-4395021/airflow/dags/one_task_dag.py took 0.059 seconds
[2026-01-03T15:38:33.193+0000] {processor.py:157} INFO - Started process (PID=57351) to work on /workspaces/hands-on-introduction-data-engineering-4395021/airflow/dags/one_task_dag.py
[2026-01-03T15:38:33.194+0000] {processor.py:826} INFO - Processing file /workspaces/hands-on-introduction-data-engineering-4395021/airflow/dags/one_task_dag.py for tasks to queue
[2026-01-03T15:38:33.195+0000] {logging_mixin.py:150} INFO - [2026-01-03T15:38:33.195+0000] {dagbag.py:541} INFO - Filling up the DagBag from /workspaces/hands-on-introduction-data-engineering-4395021/airflow/dags/one_task_dag.py
[2026-01-03T15:38:33.207+0000] {processor.py:836} INFO - DAG(s) dict_keys(['One_Task_DAG']) retrieved from /workspaces/hands-on-introduction-data-engineering-4395021/airflow/dags/one_task_dag.py
[2026-01-03T15:38:33.231+0000] {logging_mixin.py:150} INFO - [2026-01-03T15:38:33.231+0000] {dag.py:2742} INFO - Sync 1 DAGs
[2026-01-03T15:38:33.247+0000] {logging_mixin.py:150} INFO - [2026-01-03T15:38:33.247+0000] {dag.py:3504} INFO - Setting next_dagrun for One_Task_DAG to None, run_after=None
[2026-01-03T15:38:33.261+0000] {processor.py:179} INFO - Processing /workspaces/hands-on-introduction-data-engineering-4395021/airflow/dags/one_task_dag.py took 0.071 seconds
[2026-01-03T15:39:03.382+0000] {processor.py:157} INFO - Started process (PID=57533) to work on /workspaces/hands-on-introduction-data-engineering-4395021/airflow/dags/one_task_dag.py
[2026-01-03T15:39:03.383+0000] {processor.py:826} INFO - Processing file /workspaces/hands-on-introduction-data-engineering-4395021/airflow/dags/one_task_dag.py for tasks to queue
[2026-01-03T15:39:03.384+0000] {logging_mixin.py:150} INFO - [2026-01-03T15:39:03.384+0000] {dagbag.py:541} INFO - Filling up the DagBag from /workspaces/hands-on-introduction-data-engineering-4395021/airflow/dags/one_task_dag.py
[2026-01-03T15:39:03.393+0000] {processor.py:836} INFO - DAG(s) dict_keys(['One_Task_DAG']) retrieved from /workspaces/hands-on-introduction-data-engineering-4395021/airflow/dags/one_task_dag.py
[2026-01-03T15:39:03.411+0000] {logging_mixin.py:150} INFO - [2026-01-03T15:39:03.410+0000] {dag.py:2742} INFO - Sync 1 DAGs
[2026-01-03T15:39:03.425+0000] {logging_mixin.py:150} INFO - [2026-01-03T15:39:03.425+0000] {dag.py:3504} INFO - Setting next_dagrun for One_Task_DAG to None, run_after=None
[2026-01-03T15:39:03.440+0000] {processor.py:179} INFO - Processing /workspaces/hands-on-introduction-data-engineering-4395021/airflow/dags/one_task_dag.py took 0.060 seconds
[2026-01-03T15:39:33.756+0000] {processor.py:157} INFO - Started process (PID=57742) to work on /workspaces/hands-on-introduction-data-engineering-4395021/airflow/dags/one_task_dag.py
[2026-01-03T15:39:33.756+0000] {processor.py:826} INFO - Processing file /workspaces/hands-on-introduction-data-engineering-4395021/airflow/dags/one_task_dag.py for tasks to queue
[2026-01-03T15:39:33.757+0000] {logging_mixin.py:150} INFO - [2026-01-03T15:39:33.757+0000] {dagbag.py:541} INFO - Filling up the DagBag from /workspaces/hands-on-introduction-data-engineering-4395021/airflow/dags/one_task_dag.py
[2026-01-03T15:39:33.766+0000] {processor.py:836} INFO - DAG(s) dict_keys(['One_Task_DAG']) retrieved from /workspaces/hands-on-introduction-data-engineering-4395021/airflow/dags/one_task_dag.py
[2026-01-03T15:39:33.773+0000] {logging_mixin.py:150} INFO - [2026-01-03T15:39:33.773+0000] {dag.py:2742} INFO - Sync 1 DAGs
[2026-01-03T15:39:33.788+0000] {logging_mixin.py:150} INFO - [2026-01-03T15:39:33.788+0000] {dag.py:3504} INFO - Setting next_dagrun for One_Task_DAG to None, run_after=None
[2026-01-03T15:39:33.803+0000] {processor.py:179} INFO - Processing /workspaces/hands-on-introduction-data-engineering-4395021/airflow/dags/one_task_dag.py took 0.050 seconds
[2026-01-03T15:40:03.926+0000] {processor.py:157} INFO - Started process (PID=57934) to work on /workspaces/hands-on-introduction-data-engineering-4395021/airflow/dags/one_task_dag.py
[2026-01-03T15:40:03.927+0000] {processor.py:826} INFO - Processing file /workspaces/hands-on-introduction-data-engineering-4395021/airflow/dags/one_task_dag.py for tasks to queue
[2026-01-03T15:40:03.928+0000] {logging_mixin.py:150} INFO - [2026-01-03T15:40:03.927+0000] {dagbag.py:541} INFO - Filling up the DagBag from /workspaces/hands-on-introduction-data-engineering-4395021/airflow/dags/one_task_dag.py
[2026-01-03T15:40:03.936+0000] {processor.py:836} INFO - DAG(s) dict_keys(['One_Task_DAG']) retrieved from /workspaces/hands-on-introduction-data-engineering-4395021/airflow/dags/one_task_dag.py
[2026-01-03T15:40:04.011+0000] {logging_mixin.py:150} INFO - [2026-01-03T15:40:04.010+0000] {dag.py:2742} INFO - Sync 1 DAGs
[2026-01-03T15:40:04.024+0000] {logging_mixin.py:150} INFO - [2026-01-03T15:40:04.024+0000] {dag.py:3504} INFO - Setting next_dagrun for One_Task_DAG to None, run_after=None
[2026-01-03T15:40:04.038+0000] {processor.py:179} INFO - Processing /workspaces/hands-on-introduction-data-engineering-4395021/airflow/dags/one_task_dag.py took 0.115 seconds
[2026-01-03T15:40:34.190+0000] {processor.py:157} INFO - Started process (PID=58139) to work on /workspaces/hands-on-introduction-data-engineering-4395021/airflow/dags/one_task_dag.py
[2026-01-03T15:40:34.191+0000] {processor.py:826} INFO - Processing file /workspaces/hands-on-introduction-data-engineering-4395021/airflow/dags/one_task_dag.py for tasks to queue
[2026-01-03T15:40:34.192+0000] {logging_mixin.py:150} INFO - [2026-01-03T15:40:34.192+0000] {dagbag.py:541} INFO - Filling up the DagBag from /workspaces/hands-on-introduction-data-engineering-4395021/airflow/dags/one_task_dag.py
[2026-01-03T15:40:34.201+0000] {processor.py:836} INFO - DAG(s) dict_keys(['One_Task_DAG']) retrieved from /workspaces/hands-on-introduction-data-engineering-4395021/airflow/dags/one_task_dag.py
[2026-01-03T15:40:34.219+0000] {logging_mixin.py:150} INFO - [2026-01-03T15:40:34.218+0000] {dag.py:2742} INFO - Sync 1 DAGs
[2026-01-03T15:40:34.233+0000] {logging_mixin.py:150} INFO - [2026-01-03T15:40:34.233+0000] {dag.py:3504} INFO - Setting next_dagrun for One_Task_DAG to None, run_after=None
[2026-01-03T15:40:34.248+0000] {processor.py:179} INFO - Processing /workspaces/hands-on-introduction-data-engineering-4395021/airflow/dags/one_task_dag.py took 0.060 seconds
[2026-01-03T15:41:04.387+0000] {processor.py:157} INFO - Started process (PID=58340) to work on /workspaces/hands-on-introduction-data-engineering-4395021/airflow/dags/one_task_dag.py
[2026-01-03T15:41:04.388+0000] {processor.py:826} INFO - Processing file /workspaces/hands-on-introduction-data-engineering-4395021/airflow/dags/one_task_dag.py for tasks to queue
[2026-01-03T15:41:04.388+0000] {logging_mixin.py:150} INFO - [2026-01-03T15:41:04.388+0000] {dagbag.py:541} INFO - Filling up the DagBag from /workspaces/hands-on-introduction-data-engineering-4395021/airflow/dags/one_task_dag.py
[2026-01-03T15:41:04.397+0000] {processor.py:836} INFO - DAG(s) dict_keys(['One_Task_DAG']) retrieved from /workspaces/hands-on-introduction-data-engineering-4395021/airflow/dags/one_task_dag.py
[2026-01-03T15:41:04.404+0000] {logging_mixin.py:150} INFO - [2026-01-03T15:41:04.404+0000] {dag.py:2742} INFO - Sync 1 DAGs
[2026-01-03T15:41:04.419+0000] {logging_mixin.py:150} INFO - [2026-01-03T15:41:04.419+0000] {dag.py:3504} INFO - Setting next_dagrun for One_Task_DAG to None, run_after=None
[2026-01-03T15:41:04.434+0000] {processor.py:179} INFO - Processing /workspaces/hands-on-introduction-data-engineering-4395021/airflow/dags/one_task_dag.py took 0.050 seconds
[2026-01-03T15:41:35.439+0000] {processor.py:157} INFO - Started process (PID=58550) to work on /workspaces/hands-on-introduction-data-engineering-4395021/airflow/dags/one_task_dag.py
[2026-01-03T15:41:35.440+0000] {processor.py:826} INFO - Processing file /workspaces/hands-on-introduction-data-engineering-4395021/airflow/dags/one_task_dag.py for tasks to queue
[2026-01-03T15:41:35.440+0000] {logging_mixin.py:150} INFO - [2026-01-03T15:41:35.440+0000] {dagbag.py:541} INFO - Filling up the DagBag from /workspaces/hands-on-introduction-data-engineering-4395021/airflow/dags/one_task_dag.py
[2026-01-03T15:41:35.449+0000] {processor.py:836} INFO - DAG(s) dict_keys(['One_Task_DAG']) retrieved from /workspaces/hands-on-introduction-data-engineering-4395021/airflow/dags/one_task_dag.py
[2026-01-03T15:41:35.456+0000] {logging_mixin.py:150} INFO - [2026-01-03T15:41:35.456+0000] {dag.py:2742} INFO - Sync 1 DAGs
[2026-01-03T15:41:35.471+0000] {logging_mixin.py:150} INFO - [2026-01-03T15:41:35.470+0000] {dag.py:3504} INFO - Setting next_dagrun for One_Task_DAG to None, run_after=None
[2026-01-03T15:41:35.484+0000] {processor.py:179} INFO - Processing /workspaces/hands-on-introduction-data-engineering-4395021/airflow/dags/one_task_dag.py took 0.048 seconds
[2026-01-03T15:42:05.719+0000] {processor.py:157} INFO - Started process (PID=58740) to work on /workspaces/hands-on-introduction-data-engineering-4395021/airflow/dags/one_task_dag.py
[2026-01-03T15:42:05.719+0000] {processor.py:826} INFO - Processing file /workspaces/hands-on-introduction-data-engineering-4395021/airflow/dags/one_task_dag.py for tasks to queue
[2026-01-03T15:42:05.720+0000] {logging_mixin.py:150} INFO - [2026-01-03T15:42:05.720+0000] {dagbag.py:541} INFO - Filling up the DagBag from /workspaces/hands-on-introduction-data-engineering-4395021/airflow/dags/one_task_dag.py
[2026-01-03T15:42:05.729+0000] {processor.py:836} INFO - DAG(s) dict_keys(['One_Task_DAG']) retrieved from /workspaces/hands-on-introduction-data-engineering-4395021/airflow/dags/one_task_dag.py
[2026-01-03T15:42:05.836+0000] {logging_mixin.py:150} INFO - [2026-01-03T15:42:05.836+0000] {dag.py:2742} INFO - Sync 1 DAGs
[2026-01-03T15:42:05.856+0000] {logging_mixin.py:150} INFO - [2026-01-03T15:42:05.856+0000] {dag.py:3504} INFO - Setting next_dagrun for One_Task_DAG to None, run_after=None
[2026-01-03T15:42:05.874+0000] {processor.py:179} INFO - Processing /workspaces/hands-on-introduction-data-engineering-4395021/airflow/dags/one_task_dag.py took 0.158 seconds
[2026-01-03T15:42:36.220+0000] {processor.py:157} INFO - Started process (PID=58952) to work on /workspaces/hands-on-introduction-data-engineering-4395021/airflow/dags/one_task_dag.py
[2026-01-03T15:42:36.221+0000] {processor.py:826} INFO - Processing file /workspaces/hands-on-introduction-data-engineering-4395021/airflow/dags/one_task_dag.py for tasks to queue
[2026-01-03T15:42:36.222+0000] {logging_mixin.py:150} INFO - [2026-01-03T15:42:36.222+0000] {dagbag.py:541} INFO - Filling up the DagBag from /workspaces/hands-on-introduction-data-engineering-4395021/airflow/dags/one_task_dag.py
[2026-01-03T15:42:36.231+0000] {processor.py:836} INFO - DAG(s) dict_keys(['One_Task_DAG']) retrieved from /workspaces/hands-on-introduction-data-engineering-4395021/airflow/dags/one_task_dag.py
[2026-01-03T15:42:36.249+0000] {logging_mixin.py:150} INFO - [2026-01-03T15:42:36.248+0000] {dag.py:2742} INFO - Sync 1 DAGs
[2026-01-03T15:42:36.264+0000] {logging_mixin.py:150} INFO - [2026-01-03T15:42:36.263+0000] {dag.py:3504} INFO - Setting next_dagrun for One_Task_DAG to None, run_after=None
[2026-01-03T15:42:36.278+0000] {processor.py:179} INFO - Processing /workspaces/hands-on-introduction-data-engineering-4395021/airflow/dags/one_task_dag.py took 0.060 seconds
[2026-01-03T15:43:06.859+0000] {processor.py:157} INFO - Started process (PID=59163) to work on /workspaces/hands-on-introduction-data-engineering-4395021/airflow/dags/one_task_dag.py
[2026-01-03T15:43:06.860+0000] {processor.py:826} INFO - Processing file /workspaces/hands-on-introduction-data-engineering-4395021/airflow/dags/one_task_dag.py for tasks to queue
[2026-01-03T15:43:06.861+0000] {logging_mixin.py:150} INFO - [2026-01-03T15:43:06.861+0000] {dagbag.py:541} INFO - Filling up the DagBag from /workspaces/hands-on-introduction-data-engineering-4395021/airflow/dags/one_task_dag.py
[2026-01-03T15:43:06.870+0000] {processor.py:836} INFO - DAG(s) dict_keys(['One_Task_DAG']) retrieved from /workspaces/hands-on-introduction-data-engineering-4395021/airflow/dags/one_task_dag.py
[2026-01-03T15:43:06.877+0000] {logging_mixin.py:150} INFO - [2026-01-03T15:43:06.877+0000] {dag.py:2742} INFO - Sync 1 DAGs
[2026-01-03T15:43:06.893+0000] {logging_mixin.py:150} INFO - [2026-01-03T15:43:06.893+0000] {dag.py:3504} INFO - Setting next_dagrun for One_Task_DAG to None, run_after=None
[2026-01-03T15:43:06.907+0000] {processor.py:179} INFO - Processing /workspaces/hands-on-introduction-data-engineering-4395021/airflow/dags/one_task_dag.py took 0.051 seconds
[2026-01-03T15:43:37.324+0000] {processor.py:157} INFO - Started process (PID=59360) to work on /workspaces/hands-on-introduction-data-engineering-4395021/airflow/dags/one_task_dag.py
[2026-01-03T15:43:37.325+0000] {processor.py:826} INFO - Processing file /workspaces/hands-on-introduction-data-engineering-4395021/airflow/dags/one_task_dag.py for tasks to queue
[2026-01-03T15:43:37.326+0000] {logging_mixin.py:150} INFO - [2026-01-03T15:43:37.325+0000] {dagbag.py:541} INFO - Filling up the DagBag from /workspaces/hands-on-introduction-data-engineering-4395021/airflow/dags/one_task_dag.py
[2026-01-03T15:43:37.334+0000] {processor.py:836} INFO - DAG(s) dict_keys(['One_Task_DAG']) retrieved from /workspaces/hands-on-introduction-data-engineering-4395021/airflow/dags/one_task_dag.py
[2026-01-03T15:43:37.341+0000] {logging_mixin.py:150} INFO - [2026-01-03T15:43:37.341+0000] {dag.py:2742} INFO - Sync 1 DAGs
[2026-01-03T15:43:37.356+0000] {logging_mixin.py:150} INFO - [2026-01-03T15:43:37.356+0000] {dag.py:3504} INFO - Setting next_dagrun for One_Task_DAG to None, run_after=None
[2026-01-03T15:43:37.371+0000] {processor.py:179} INFO - Processing /workspaces/hands-on-introduction-data-engineering-4395021/airflow/dags/one_task_dag.py took 0.050 seconds
[2026-01-03T15:44:07.624+0000] {processor.py:157} INFO - Started process (PID=59586) to work on /workspaces/hands-on-introduction-data-engineering-4395021/airflow/dags/one_task_dag.py
[2026-01-03T15:44:07.625+0000] {processor.py:826} INFO - Processing file /workspaces/hands-on-introduction-data-engineering-4395021/airflow/dags/one_task_dag.py for tasks to queue
[2026-01-03T15:44:07.625+0000] {logging_mixin.py:150} INFO - [2026-01-03T15:44:07.625+0000] {dagbag.py:541} INFO - Filling up the DagBag from /workspaces/hands-on-introduction-data-engineering-4395021/airflow/dags/one_task_dag.py
[2026-01-03T15:44:07.636+0000] {processor.py:836} INFO - DAG(s) dict_keys(['One_Task_DAG']) retrieved from /workspaces/hands-on-introduction-data-engineering-4395021/airflow/dags/one_task_dag.py
[2026-01-03T15:44:07.803+0000] {logging_mixin.py:150} INFO - [2026-01-03T15:44:07.803+0000] {dag.py:2742} INFO - Sync 1 DAGs
[2026-01-03T15:44:07.831+0000] {logging_mixin.py:150} INFO - [2026-01-03T15:44:07.830+0000] {dag.py:3504} INFO - Setting next_dagrun for One_Task_DAG to None, run_after=None
[2026-01-03T15:44:07.862+0000] {processor.py:179} INFO - Processing /workspaces/hands-on-introduction-data-engineering-4395021/airflow/dags/one_task_dag.py took 0.241 seconds
[2026-01-03T15:44:38.078+0000] {processor.py:157} INFO - Started process (PID=59807) to work on /workspaces/hands-on-introduction-data-engineering-4395021/airflow/dags/one_task_dag.py
[2026-01-03T15:44:38.078+0000] {processor.py:826} INFO - Processing file /workspaces/hands-on-introduction-data-engineering-4395021/airflow/dags/one_task_dag.py for tasks to queue
[2026-01-03T15:44:38.079+0000] {logging_mixin.py:150} INFO - [2026-01-03T15:44:38.079+0000] {dagbag.py:541} INFO - Filling up the DagBag from /workspaces/hands-on-introduction-data-engineering-4395021/airflow/dags/one_task_dag.py
[2026-01-03T15:44:38.087+0000] {processor.py:836} INFO - DAG(s) dict_keys(['One_Task_DAG']) retrieved from /workspaces/hands-on-introduction-data-engineering-4395021/airflow/dags/one_task_dag.py
[2026-01-03T15:44:38.105+0000] {logging_mixin.py:150} INFO - [2026-01-03T15:44:38.105+0000] {dag.py:2742} INFO - Sync 1 DAGs
[2026-01-03T15:44:38.119+0000] {logging_mixin.py:150} INFO - [2026-01-03T15:44:38.119+0000] {dag.py:3504} INFO - Setting next_dagrun for One_Task_DAG to None, run_after=None
[2026-01-03T15:44:38.135+0000] {processor.py:179} INFO - Processing /workspaces/hands-on-introduction-data-engineering-4395021/airflow/dags/one_task_dag.py took 0.060 seconds
[2026-01-03T15:45:08.276+0000] {processor.py:157} INFO - Started process (PID=59979) to work on /workspaces/hands-on-introduction-data-engineering-4395021/airflow/dags/one_task_dag.py
[2026-01-03T15:45:08.277+0000] {processor.py:826} INFO - Processing file /workspaces/hands-on-introduction-data-engineering-4395021/airflow/dags/one_task_dag.py for tasks to queue
[2026-01-03T15:45:08.278+0000] {logging_mixin.py:150} INFO - [2026-01-03T15:45:08.278+0000] {dagbag.py:541} INFO - Filling up the DagBag from /workspaces/hands-on-introduction-data-engineering-4395021/airflow/dags/one_task_dag.py
[2026-01-03T15:45:08.289+0000] {processor.py:836} INFO - DAG(s) dict_keys(['One_Task_DAG']) retrieved from /workspaces/hands-on-introduction-data-engineering-4395021/airflow/dags/one_task_dag.py
[2026-01-03T15:45:08.298+0000] {logging_mixin.py:150} INFO - [2026-01-03T15:45:08.298+0000] {dag.py:2742} INFO - Sync 1 DAGs
[2026-01-03T15:45:08.315+0000] {logging_mixin.py:150} INFO - [2026-01-03T15:45:08.315+0000] {dag.py:3504} INFO - Setting next_dagrun for One_Task_DAG to None, run_after=None
[2026-01-03T15:45:08.330+0000] {processor.py:179} INFO - Processing /workspaces/hands-on-introduction-data-engineering-4395021/airflow/dags/one_task_dag.py took 0.059 seconds
[2026-01-03T15:45:38.467+0000] {processor.py:157} INFO - Started process (PID=60145) to work on /workspaces/hands-on-introduction-data-engineering-4395021/airflow/dags/one_task_dag.py
[2026-01-03T15:45:38.468+0000] {processor.py:826} INFO - Processing file /workspaces/hands-on-introduction-data-engineering-4395021/airflow/dags/one_task_dag.py for tasks to queue
[2026-01-03T15:45:38.469+0000] {logging_mixin.py:150} INFO - [2026-01-03T15:45:38.468+0000] {dagbag.py:541} INFO - Filling up the DagBag from /workspaces/hands-on-introduction-data-engineering-4395021/airflow/dags/one_task_dag.py
[2026-01-03T15:45:38.477+0000] {processor.py:836} INFO - DAG(s) dict_keys(['One_Task_DAG']) retrieved from /workspaces/hands-on-introduction-data-engineering-4395021/airflow/dags/one_task_dag.py
[2026-01-03T15:45:38.555+0000] {logging_mixin.py:150} INFO - [2026-01-03T15:45:38.555+0000] {dag.py:2742} INFO - Sync 1 DAGs
[2026-01-03T15:45:38.570+0000] {logging_mixin.py:150} INFO - [2026-01-03T15:45:38.569+0000] {dag.py:3504} INFO - Setting next_dagrun for One_Task_DAG to None, run_after=None
[2026-01-03T15:45:38.584+0000] {processor.py:179} INFO - Processing /workspaces/hands-on-introduction-data-engineering-4395021/airflow/dags/one_task_dag.py took 0.120 seconds
[2026-01-03T15:46:08.759+0000] {processor.py:157} INFO - Started process (PID=60322) to work on /workspaces/hands-on-introduction-data-engineering-4395021/airflow/dags/one_task_dag.py
[2026-01-03T15:46:08.760+0000] {processor.py:826} INFO - Processing file /workspaces/hands-on-introduction-data-engineering-4395021/airflow/dags/one_task_dag.py for tasks to queue
[2026-01-03T15:46:08.761+0000] {logging_mixin.py:150} INFO - [2026-01-03T15:46:08.761+0000] {dagbag.py:541} INFO - Filling up the DagBag from /workspaces/hands-on-introduction-data-engineering-4395021/airflow/dags/one_task_dag.py
[2026-01-03T15:46:08.769+0000] {processor.py:836} INFO - DAG(s) dict_keys(['One_Task_DAG']) retrieved from /workspaces/hands-on-introduction-data-engineering-4395021/airflow/dags/one_task_dag.py
[2026-01-03T15:46:08.787+0000] {logging_mixin.py:150} INFO - [2026-01-03T15:46:08.787+0000] {dag.py:2742} INFO - Sync 1 DAGs
[2026-01-03T15:46:08.803+0000] {logging_mixin.py:150} INFO - [2026-01-03T15:46:08.802+0000] {dag.py:3504} INFO - Setting next_dagrun for One_Task_DAG to None, run_after=None
[2026-01-03T15:46:08.818+0000] {processor.py:179} INFO - Processing /workspaces/hands-on-introduction-data-engineering-4395021/airflow/dags/one_task_dag.py took 0.061 seconds
[2026-01-03T15:46:38.970+0000] {processor.py:157} INFO - Started process (PID=60497) to work on /workspaces/hands-on-introduction-data-engineering-4395021/airflow/dags/one_task_dag.py
[2026-01-03T15:46:38.971+0000] {processor.py:826} INFO - Processing file /workspaces/hands-on-introduction-data-engineering-4395021/airflow/dags/one_task_dag.py for tasks to queue
[2026-01-03T15:46:38.972+0000] {logging_mixin.py:150} INFO - [2026-01-03T15:46:38.972+0000] {dagbag.py:541} INFO - Filling up the DagBag from /workspaces/hands-on-introduction-data-engineering-4395021/airflow/dags/one_task_dag.py
[2026-01-03T15:46:38.980+0000] {processor.py:836} INFO - DAG(s) dict_keys(['One_Task_DAG']) retrieved from /workspaces/hands-on-introduction-data-engineering-4395021/airflow/dags/one_task_dag.py
[2026-01-03T15:46:38.987+0000] {logging_mixin.py:150} INFO - [2026-01-03T15:46:38.987+0000] {dag.py:2742} INFO - Sync 1 DAGs
[2026-01-03T15:46:39.003+0000] {logging_mixin.py:150} INFO - [2026-01-03T15:46:39.003+0000] {dag.py:3504} INFO - Setting next_dagrun for One_Task_DAG to None, run_after=None
[2026-01-03T15:46:39.018+0000] {processor.py:179} INFO - Processing /workspaces/hands-on-introduction-data-engineering-4395021/airflow/dags/one_task_dag.py took 0.050 seconds
[2026-01-03T15:47:09.163+0000] {processor.py:157} INFO - Started process (PID=60792) to work on /workspaces/hands-on-introduction-data-engineering-4395021/airflow/dags/one_task_dag.py
[2026-01-03T15:47:09.163+0000] {processor.py:826} INFO - Processing file /workspaces/hands-on-introduction-data-engineering-4395021/airflow/dags/one_task_dag.py for tasks to queue
[2026-01-03T15:47:09.164+0000] {logging_mixin.py:150} INFO - [2026-01-03T15:47:09.164+0000] {dagbag.py:541} INFO - Filling up the DagBag from /workspaces/hands-on-introduction-data-engineering-4395021/airflow/dags/one_task_dag.py
[2026-01-03T15:47:09.172+0000] {processor.py:836} INFO - DAG(s) dict_keys(['One_Task_DAG']) retrieved from /workspaces/hands-on-introduction-data-engineering-4395021/airflow/dags/one_task_dag.py
[2026-01-03T15:47:09.254+0000] {logging_mixin.py:150} INFO - [2026-01-03T15:47:09.254+0000] {dag.py:2742} INFO - Sync 1 DAGs
[2026-01-03T15:47:09.273+0000] {logging_mixin.py:150} INFO - [2026-01-03T15:47:09.273+0000] {dag.py:3504} INFO - Setting next_dagrun for One_Task_DAG to None, run_after=None
[2026-01-03T15:47:09.290+0000] {processor.py:179} INFO - Processing /workspaces/hands-on-introduction-data-engineering-4395021/airflow/dags/one_task_dag.py took 0.130 seconds
[2026-01-03T15:47:39.432+0000] {processor.py:157} INFO - Started process (PID=61052) to work on /workspaces/hands-on-introduction-data-engineering-4395021/airflow/dags/one_task_dag.py
[2026-01-03T15:47:39.433+0000] {processor.py:826} INFO - Processing file /workspaces/hands-on-introduction-data-engineering-4395021/airflow/dags/one_task_dag.py for tasks to queue
[2026-01-03T15:47:39.434+0000] {logging_mixin.py:150} INFO - [2026-01-03T15:47:39.434+0000] {dagbag.py:541} INFO - Filling up the DagBag from /workspaces/hands-on-introduction-data-engineering-4395021/airflow/dags/one_task_dag.py
[2026-01-03T15:47:39.445+0000] {processor.py:836} INFO - DAG(s) dict_keys(['One_Task_DAG']) retrieved from /workspaces/hands-on-introduction-data-engineering-4395021/airflow/dags/one_task_dag.py
[2026-01-03T15:47:39.484+0000] {logging_mixin.py:150} INFO - [2026-01-03T15:47:39.484+0000] {dag.py:2742} INFO - Sync 1 DAGs
[2026-01-03T15:47:39.500+0000] {logging_mixin.py:150} INFO - [2026-01-03T15:47:39.499+0000] {dag.py:3504} INFO - Setting next_dagrun for One_Task_DAG to None, run_after=None
[2026-01-03T15:47:39.515+0000] {processor.py:179} INFO - Processing /workspaces/hands-on-introduction-data-engineering-4395021/airflow/dags/one_task_dag.py took 0.086 seconds
[2026-01-03T15:48:09.649+0000] {processor.py:157} INFO - Started process (PID=61295) to work on /workspaces/hands-on-introduction-data-engineering-4395021/airflow/dags/one_task_dag.py
[2026-01-03T15:48:09.650+0000] {processor.py:826} INFO - Processing file /workspaces/hands-on-introduction-data-engineering-4395021/airflow/dags/one_task_dag.py for tasks to queue
[2026-01-03T15:48:09.651+0000] {logging_mixin.py:150} INFO - [2026-01-03T15:48:09.650+0000] {dagbag.py:541} INFO - Filling up the DagBag from /workspaces/hands-on-introduction-data-engineering-4395021/airflow/dags/one_task_dag.py
[2026-01-03T15:48:09.659+0000] {processor.py:836} INFO - DAG(s) dict_keys(['One_Task_DAG']) retrieved from /workspaces/hands-on-introduction-data-engineering-4395021/airflow/dags/one_task_dag.py
[2026-01-03T15:48:09.666+0000] {logging_mixin.py:150} INFO - [2026-01-03T15:48:09.666+0000] {dag.py:2742} INFO - Sync 1 DAGs
[2026-01-03T15:48:09.680+0000] {logging_mixin.py:150} INFO - [2026-01-03T15:48:09.680+0000] {dag.py:3504} INFO - Setting next_dagrun for One_Task_DAG to None, run_after=None
[2026-01-03T15:48:09.694+0000] {processor.py:179} INFO - Processing /workspaces/hands-on-introduction-data-engineering-4395021/airflow/dags/one_task_dag.py took 0.048 seconds
[2026-01-03T15:48:39.852+0000] {processor.py:157} INFO - Started process (PID=61524) to work on /workspaces/hands-on-introduction-data-engineering-4395021/airflow/dags/one_task_dag.py
[2026-01-03T15:48:39.853+0000] {processor.py:826} INFO - Processing file /workspaces/hands-on-introduction-data-engineering-4395021/airflow/dags/one_task_dag.py for tasks to queue
[2026-01-03T15:48:39.854+0000] {logging_mixin.py:150} INFO - [2026-01-03T15:48:39.853+0000] {dagbag.py:541} INFO - Filling up the DagBag from /workspaces/hands-on-introduction-data-engineering-4395021/airflow/dags/one_task_dag.py
[2026-01-03T15:48:39.862+0000] {processor.py:836} INFO - DAG(s) dict_keys(['One_Task_DAG']) retrieved from /workspaces/hands-on-introduction-data-engineering-4395021/airflow/dags/one_task_dag.py
[2026-01-03T15:48:39.939+0000] {logging_mixin.py:150} INFO - [2026-01-03T15:48:39.939+0000] {dag.py:2742} INFO - Sync 1 DAGs
[2026-01-03T15:48:39.952+0000] {logging_mixin.py:150} INFO - [2026-01-03T15:48:39.952+0000] {dag.py:3504} INFO - Setting next_dagrun for One_Task_DAG to None, run_after=None
[2026-01-03T15:48:39.966+0000] {processor.py:179} INFO - Processing /workspaces/hands-on-introduction-data-engineering-4395021/airflow/dags/one_task_dag.py took 0.117 seconds
[2026-01-03T15:49:10.146+0000] {processor.py:157} INFO - Started process (PID=61694) to work on /workspaces/hands-on-introduction-data-engineering-4395021/airflow/dags/one_task_dag.py
[2026-01-03T15:49:10.147+0000] {processor.py:826} INFO - Processing file /workspaces/hands-on-introduction-data-engineering-4395021/airflow/dags/one_task_dag.py for tasks to queue
[2026-01-03T15:49:10.148+0000] {logging_mixin.py:150} INFO - [2026-01-03T15:49:10.148+0000] {dagbag.py:541} INFO - Filling up the DagBag from /workspaces/hands-on-introduction-data-engineering-4395021/airflow/dags/one_task_dag.py
[2026-01-03T15:49:10.160+0000] {processor.py:836} INFO - DAG(s) dict_keys(['One_Task_DAG']) retrieved from /workspaces/hands-on-introduction-data-engineering-4395021/airflow/dags/one_task_dag.py
[2026-01-03T15:49:10.181+0000] {logging_mixin.py:150} INFO - [2026-01-03T15:49:10.181+0000] {dag.py:2742} INFO - Sync 1 DAGs
[2026-01-03T15:49:10.196+0000] {logging_mixin.py:150} INFO - [2026-01-03T15:49:10.195+0000] {dag.py:3504} INFO - Setting next_dagrun for One_Task_DAG to None, run_after=None
[2026-01-03T15:49:10.211+0000] {processor.py:179} INFO - Processing /workspaces/hands-on-introduction-data-engineering-4395021/airflow/dags/one_task_dag.py took 0.069 seconds
[2026-01-03T15:49:40.335+0000] {processor.py:157} INFO - Started process (PID=61869) to work on /workspaces/hands-on-introduction-data-engineering-4395021/airflow/dags/one_task_dag.py
[2026-01-03T15:49:40.336+0000] {processor.py:826} INFO - Processing file /workspaces/hands-on-introduction-data-engineering-4395021/airflow/dags/one_task_dag.py for tasks to queue
[2026-01-03T15:49:40.337+0000] {logging_mixin.py:150} INFO - [2026-01-03T15:49:40.336+0000] {dagbag.py:541} INFO - Filling up the DagBag from /workspaces/hands-on-introduction-data-engineering-4395021/airflow/dags/one_task_dag.py
[2026-01-03T15:49:40.345+0000] {processor.py:836} INFO - DAG(s) dict_keys(['One_Task_DAG']) retrieved from /workspaces/hands-on-introduction-data-engineering-4395021/airflow/dags/one_task_dag.py
[2026-01-03T15:49:40.353+0000] {logging_mixin.py:150} INFO - [2026-01-03T15:49:40.353+0000] {dag.py:2742} INFO - Sync 1 DAGs
[2026-01-03T15:49:40.368+0000] {logging_mixin.py:150} INFO - [2026-01-03T15:49:40.368+0000] {dag.py:3504} INFO - Setting next_dagrun for One_Task_DAG to None, run_after=None
[2026-01-03T15:49:40.383+0000] {processor.py:179} INFO - Processing /workspaces/hands-on-introduction-data-engineering-4395021/airflow/dags/one_task_dag.py took 0.051 seconds
[2026-01-03T15:50:10.527+0000] {processor.py:157} INFO - Started process (PID=62038) to work on /workspaces/hands-on-introduction-data-engineering-4395021/airflow/dags/one_task_dag.py
[2026-01-03T15:50:10.528+0000] {processor.py:826} INFO - Processing file /workspaces/hands-on-introduction-data-engineering-4395021/airflow/dags/one_task_dag.py for tasks to queue
[2026-01-03T15:50:10.529+0000] {logging_mixin.py:150} INFO - [2026-01-03T15:50:10.528+0000] {dagbag.py:541} INFO - Filling up the DagBag from /workspaces/hands-on-introduction-data-engineering-4395021/airflow/dags/one_task_dag.py
[2026-01-03T15:50:10.538+0000] {processor.py:836} INFO - DAG(s) dict_keys(['One_Task_DAG']) retrieved from /workspaces/hands-on-introduction-data-engineering-4395021/airflow/dags/one_task_dag.py
[2026-01-03T15:50:10.614+0000] {logging_mixin.py:150} INFO - [2026-01-03T15:50:10.614+0000] {dag.py:2742} INFO - Sync 1 DAGs
[2026-01-03T15:50:10.628+0000] {logging_mixin.py:150} INFO - [2026-01-03T15:50:10.628+0000] {dag.py:3504} INFO - Setting next_dagrun for One_Task_DAG to None, run_after=None
[2026-01-03T15:50:10.643+0000] {processor.py:179} INFO - Processing /workspaces/hands-on-introduction-data-engineering-4395021/airflow/dags/one_task_dag.py took 0.118 seconds
[2026-01-03T15:50:40.804+0000] {processor.py:157} INFO - Started process (PID=62213) to work on /workspaces/hands-on-introduction-data-engineering-4395021/airflow/dags/one_task_dag.py
[2026-01-03T15:50:40.805+0000] {processor.py:826} INFO - Processing file /workspaces/hands-on-introduction-data-engineering-4395021/airflow/dags/one_task_dag.py for tasks to queue
[2026-01-03T15:50:40.805+0000] {logging_mixin.py:150} INFO - [2026-01-03T15:50:40.805+0000] {dagbag.py:541} INFO - Filling up the DagBag from /workspaces/hands-on-introduction-data-engineering-4395021/airflow/dags/one_task_dag.py
[2026-01-03T15:50:40.815+0000] {processor.py:836} INFO - DAG(s) dict_keys(['One_Task_DAG']) retrieved from /workspaces/hands-on-introduction-data-engineering-4395021/airflow/dags/one_task_dag.py
[2026-01-03T15:50:40.834+0000] {logging_mixin.py:150} INFO - [2026-01-03T15:50:40.833+0000] {dag.py:2742} INFO - Sync 1 DAGs
[2026-01-03T15:50:40.849+0000] {logging_mixin.py:150} INFO - [2026-01-03T15:50:40.849+0000] {dag.py:3504} INFO - Setting next_dagrun for One_Task_DAG to None, run_after=None
[2026-01-03T15:50:40.864+0000] {processor.py:179} INFO - Processing /workspaces/hands-on-introduction-data-engineering-4395021/airflow/dags/one_task_dag.py took 0.063 seconds
[2026-01-03T15:51:10.978+0000] {processor.py:157} INFO - Started process (PID=62904) to work on /workspaces/hands-on-introduction-data-engineering-4395021/airflow/dags/one_task_dag.py
[2026-01-03T15:51:10.979+0000] {processor.py:826} INFO - Processing file /workspaces/hands-on-introduction-data-engineering-4395021/airflow/dags/one_task_dag.py for tasks to queue
[2026-01-03T15:51:10.979+0000] {logging_mixin.py:150} INFO - [2026-01-03T15:51:10.979+0000] {dagbag.py:541} INFO - Filling up the DagBag from /workspaces/hands-on-introduction-data-engineering-4395021/airflow/dags/one_task_dag.py
[2026-01-03T15:51:10.988+0000] {processor.py:836} INFO - DAG(s) dict_keys(['One_Task_DAG']) retrieved from /workspaces/hands-on-introduction-data-engineering-4395021/airflow/dags/one_task_dag.py
[2026-01-03T15:51:10.996+0000] {logging_mixin.py:150} INFO - [2026-01-03T15:51:10.995+0000] {dag.py:2742} INFO - Sync 1 DAGs
[2026-01-03T15:51:11.011+0000] {logging_mixin.py:150} INFO - [2026-01-03T15:51:11.011+0000] {dag.py:3504} INFO - Setting next_dagrun for One_Task_DAG to None, run_after=None
[2026-01-03T15:51:11.027+0000] {processor.py:179} INFO - Processing /workspaces/hands-on-introduction-data-engineering-4395021/airflow/dags/one_task_dag.py took 0.051 seconds
[2026-01-03T15:51:41.174+0000] {processor.py:157} INFO - Started process (PID=63086) to work on /workspaces/hands-on-introduction-data-engineering-4395021/airflow/dags/one_task_dag.py
[2026-01-03T15:51:41.175+0000] {processor.py:826} INFO - Processing file /workspaces/hands-on-introduction-data-engineering-4395021/airflow/dags/one_task_dag.py for tasks to queue
[2026-01-03T15:51:41.176+0000] {logging_mixin.py:150} INFO - [2026-01-03T15:51:41.176+0000] {dagbag.py:541} INFO - Filling up the DagBag from /workspaces/hands-on-introduction-data-engineering-4395021/airflow/dags/one_task_dag.py
[2026-01-03T15:51:41.185+0000] {processor.py:836} INFO - DAG(s) dict_keys(['One_Task_DAG']) retrieved from /workspaces/hands-on-introduction-data-engineering-4395021/airflow/dags/one_task_dag.py
[2026-01-03T15:51:41.264+0000] {logging_mixin.py:150} INFO - [2026-01-03T15:51:41.263+0000] {dag.py:2742} INFO - Sync 1 DAGs
[2026-01-03T15:51:41.277+0000] {logging_mixin.py:150} INFO - [2026-01-03T15:51:41.277+0000] {dag.py:3504} INFO - Setting next_dagrun for One_Task_DAG to None, run_after=None
[2026-01-03T15:51:41.292+0000] {processor.py:179} INFO - Processing /workspaces/hands-on-introduction-data-engineering-4395021/airflow/dags/one_task_dag.py took 0.121 seconds
[2026-01-03T15:52:11.464+0000] {processor.py:157} INFO - Started process (PID=63263) to work on /workspaces/hands-on-introduction-data-engineering-4395021/airflow/dags/one_task_dag.py
[2026-01-03T15:52:11.464+0000] {processor.py:826} INFO - Processing file /workspaces/hands-on-introduction-data-engineering-4395021/airflow/dags/one_task_dag.py for tasks to queue
[2026-01-03T15:52:11.465+0000] {logging_mixin.py:150} INFO - [2026-01-03T15:52:11.465+0000] {dagbag.py:541} INFO - Filling up the DagBag from /workspaces/hands-on-introduction-data-engineering-4395021/airflow/dags/one_task_dag.py
[2026-01-03T15:52:11.474+0000] {processor.py:836} INFO - DAG(s) dict_keys(['One_Task_DAG']) retrieved from /workspaces/hands-on-introduction-data-engineering-4395021/airflow/dags/one_task_dag.py
[2026-01-03T15:52:11.491+0000] {logging_mixin.py:150} INFO - [2026-01-03T15:52:11.491+0000] {dag.py:2742} INFO - Sync 1 DAGs
[2026-01-03T15:52:11.506+0000] {logging_mixin.py:150} INFO - [2026-01-03T15:52:11.505+0000] {dag.py:3504} INFO - Setting next_dagrun for One_Task_DAG to None, run_after=None
[2026-01-03T15:52:11.520+0000] {processor.py:179} INFO - Processing /workspaces/hands-on-introduction-data-engineering-4395021/airflow/dags/one_task_dag.py took 0.059 seconds
[2026-01-03T15:52:41.659+0000] {processor.py:157} INFO - Started process (PID=63440) to work on /workspaces/hands-on-introduction-data-engineering-4395021/airflow/dags/one_task_dag.py
[2026-01-03T15:52:41.660+0000] {processor.py:826} INFO - Processing file /workspaces/hands-on-introduction-data-engineering-4395021/airflow/dags/one_task_dag.py for tasks to queue
[2026-01-03T15:52:41.661+0000] {logging_mixin.py:150} INFO - [2026-01-03T15:52:41.661+0000] {dagbag.py:541} INFO - Filling up the DagBag from /workspaces/hands-on-introduction-data-engineering-4395021/airflow/dags/one_task_dag.py
[2026-01-03T15:52:41.669+0000] {processor.py:836} INFO - DAG(s) dict_keys(['One_Task_DAG']) retrieved from /workspaces/hands-on-introduction-data-engineering-4395021/airflow/dags/one_task_dag.py
[2026-01-03T15:52:41.676+0000] {logging_mixin.py:150} INFO - [2026-01-03T15:52:41.676+0000] {dag.py:2742} INFO - Sync 1 DAGs
[2026-01-03T15:52:41.692+0000] {logging_mixin.py:150} INFO - [2026-01-03T15:52:41.692+0000] {dag.py:3504} INFO - Setting next_dagrun for One_Task_DAG to None, run_after=None
[2026-01-03T15:52:41.708+0000] {processor.py:179} INFO - Processing /workspaces/hands-on-introduction-data-engineering-4395021/airflow/dags/one_task_dag.py took 0.052 seconds
[2026-01-03T15:53:11.952+0000] {processor.py:157} INFO - Started process (PID=63637) to work on /workspaces/hands-on-introduction-data-engineering-4395021/airflow/dags/one_task_dag.py
[2026-01-03T15:53:11.953+0000] {processor.py:826} INFO - Processing file /workspaces/hands-on-introduction-data-engineering-4395021/airflow/dags/one_task_dag.py for tasks to queue
[2026-01-03T15:53:11.954+0000] {logging_mixin.py:150} INFO - [2026-01-03T15:53:11.953+0000] {dagbag.py:541} INFO - Filling up the DagBag from /workspaces/hands-on-introduction-data-engineering-4395021/airflow/dags/one_task_dag.py
[2026-01-03T15:53:11.962+0000] {processor.py:836} INFO - DAG(s) dict_keys(['One_Task_DAG']) retrieved from /workspaces/hands-on-introduction-data-engineering-4395021/airflow/dags/one_task_dag.py
[2026-01-03T15:53:12.038+0000] {logging_mixin.py:150} INFO - [2026-01-03T15:53:12.038+0000] {dag.py:2742} INFO - Sync 1 DAGs
[2026-01-03T15:53:12.054+0000] {logging_mixin.py:150} INFO - [2026-01-03T15:53:12.054+0000] {dag.py:3504} INFO - Setting next_dagrun for One_Task_DAG to None, run_after=None
[2026-01-03T15:53:12.070+0000] {processor.py:179} INFO - Processing /workspaces/hands-on-introduction-data-engineering-4395021/airflow/dags/one_task_dag.py took 0.120 seconds
[2026-01-03T15:53:42.355+0000] {processor.py:157} INFO - Started process (PID=63947) to work on /workspaces/hands-on-introduction-data-engineering-4395021/airflow/dags/one_task_dag.py
[2026-01-03T15:53:42.355+0000] {processor.py:826} INFO - Processing file /workspaces/hands-on-introduction-data-engineering-4395021/airflow/dags/one_task_dag.py for tasks to queue
[2026-01-03T15:53:42.356+0000] {logging_mixin.py:150} INFO - [2026-01-03T15:53:42.356+0000] {dagbag.py:541} INFO - Filling up the DagBag from /workspaces/hands-on-introduction-data-engineering-4395021/airflow/dags/one_task_dag.py
[2026-01-03T15:53:42.365+0000] {processor.py:836} INFO - DAG(s) dict_keys(['One_Task_DAG']) retrieved from /workspaces/hands-on-introduction-data-engineering-4395021/airflow/dags/one_task_dag.py
[2026-01-03T15:53:42.382+0000] {logging_mixin.py:150} INFO - [2026-01-03T15:53:42.382+0000] {dag.py:2742} INFO - Sync 1 DAGs
[2026-01-03T15:53:42.397+0000] {logging_mixin.py:150} INFO - [2026-01-03T15:53:42.397+0000] {dag.py:3504} INFO - Setting next_dagrun for One_Task_DAG to None, run_after=None
[2026-01-03T15:53:42.411+0000] {processor.py:179} INFO - Processing /workspaces/hands-on-introduction-data-engineering-4395021/airflow/dags/one_task_dag.py took 0.059 seconds
[2026-01-03T15:54:12.759+0000] {processor.py:157} INFO - Started process (PID=64117) to work on /workspaces/hands-on-introduction-data-engineering-4395021/airflow/dags/one_task_dag.py
[2026-01-03T15:54:12.760+0000] {processor.py:826} INFO - Processing file /workspaces/hands-on-introduction-data-engineering-4395021/airflow/dags/one_task_dag.py for tasks to queue
[2026-01-03T15:54:12.761+0000] {logging_mixin.py:150} INFO - [2026-01-03T15:54:12.761+0000] {dagbag.py:541} INFO - Filling up the DagBag from /workspaces/hands-on-introduction-data-engineering-4395021/airflow/dags/one_task_dag.py
[2026-01-03T15:54:12.770+0000] {processor.py:836} INFO - DAG(s) dict_keys(['One_Task_DAG']) retrieved from /workspaces/hands-on-introduction-data-engineering-4395021/airflow/dags/one_task_dag.py
[2026-01-03T15:54:12.777+0000] {logging_mixin.py:150} INFO - [2026-01-03T15:54:12.777+0000] {dag.py:2742} INFO - Sync 1 DAGs
[2026-01-03T15:54:12.794+0000] {logging_mixin.py:150} INFO - [2026-01-03T15:54:12.793+0000] {dag.py:3504} INFO - Setting next_dagrun for One_Task_DAG to None, run_after=None
[2026-01-03T15:54:12.809+0000] {processor.py:179} INFO - Processing /workspaces/hands-on-introduction-data-engineering-4395021/airflow/dags/one_task_dag.py took 0.052 seconds
[2026-01-03T15:54:43.076+0000] {processor.py:157} INFO - Started process (PID=64312) to work on /workspaces/hands-on-introduction-data-engineering-4395021/airflow/dags/one_task_dag.py
[2026-01-03T15:54:43.077+0000] {processor.py:826} INFO - Processing file /workspaces/hands-on-introduction-data-engineering-4395021/airflow/dags/one_task_dag.py for tasks to queue
[2026-01-03T15:54:43.078+0000] {logging_mixin.py:150} INFO - [2026-01-03T15:54:43.077+0000] {dagbag.py:541} INFO - Filling up the DagBag from /workspaces/hands-on-introduction-data-engineering-4395021/airflow/dags/one_task_dag.py
[2026-01-03T15:54:43.087+0000] {processor.py:836} INFO - DAG(s) dict_keys(['One_Task_DAG']) retrieved from /workspaces/hands-on-introduction-data-engineering-4395021/airflow/dags/one_task_dag.py
[2026-01-03T15:54:43.167+0000] {logging_mixin.py:150} INFO - [2026-01-03T15:54:43.166+0000] {dag.py:2742} INFO - Sync 1 DAGs
[2026-01-03T15:54:43.180+0000] {logging_mixin.py:150} INFO - [2026-01-03T15:54:43.179+0000] {dag.py:3504} INFO - Setting next_dagrun for One_Task_DAG to None, run_after=None
[2026-01-03T15:54:43.195+0000] {processor.py:179} INFO - Processing /workspaces/hands-on-introduction-data-engineering-4395021/airflow/dags/one_task_dag.py took 0.122 seconds
[2026-01-03T15:55:13.479+0000] {processor.py:157} INFO - Started process (PID=64489) to work on /workspaces/hands-on-introduction-data-engineering-4395021/airflow/dags/one_task_dag.py
[2026-01-03T15:55:13.480+0000] {processor.py:826} INFO - Processing file /workspaces/hands-on-introduction-data-engineering-4395021/airflow/dags/one_task_dag.py for tasks to queue
[2026-01-03T15:55:13.481+0000] {logging_mixin.py:150} INFO - [2026-01-03T15:55:13.481+0000] {dagbag.py:541} INFO - Filling up the DagBag from /workspaces/hands-on-introduction-data-engineering-4395021/airflow/dags/one_task_dag.py
[2026-01-03T15:55:13.490+0000] {processor.py:836} INFO - DAG(s) dict_keys(['One_Task_DAG']) retrieved from /workspaces/hands-on-introduction-data-engineering-4395021/airflow/dags/one_task_dag.py
[2026-01-03T15:55:13.508+0000] {logging_mixin.py:150} INFO - [2026-01-03T15:55:13.508+0000] {dag.py:2742} INFO - Sync 1 DAGs
[2026-01-03T15:55:13.524+0000] {logging_mixin.py:150} INFO - [2026-01-03T15:55:13.523+0000] {dag.py:3504} INFO - Setting next_dagrun for One_Task_DAG to None, run_after=None
[2026-01-03T15:55:13.539+0000] {processor.py:179} INFO - Processing /workspaces/hands-on-introduction-data-engineering-4395021/airflow/dags/one_task_dag.py took 0.062 seconds
[2026-01-03T15:55:43.887+0000] {processor.py:157} INFO - Started process (PID=64673) to work on /workspaces/hands-on-introduction-data-engineering-4395021/airflow/dags/one_task_dag.py
[2026-01-03T15:55:43.888+0000] {processor.py:826} INFO - Processing file /workspaces/hands-on-introduction-data-engineering-4395021/airflow/dags/one_task_dag.py for tasks to queue
[2026-01-03T15:55:43.889+0000] {logging_mixin.py:150} INFO - [2026-01-03T15:55:43.889+0000] {dagbag.py:541} INFO - Filling up the DagBag from /workspaces/hands-on-introduction-data-engineering-4395021/airflow/dags/one_task_dag.py
[2026-01-03T15:55:43.898+0000] {processor.py:836} INFO - DAG(s) dict_keys(['One_Task_DAG']) retrieved from /workspaces/hands-on-introduction-data-engineering-4395021/airflow/dags/one_task_dag.py
[2026-01-03T15:55:43.905+0000] {logging_mixin.py:150} INFO - [2026-01-03T15:55:43.905+0000] {dag.py:2742} INFO - Sync 1 DAGs
[2026-01-03T15:55:43.921+0000] {logging_mixin.py:150} INFO - [2026-01-03T15:55:43.921+0000] {dag.py:3504} INFO - Setting next_dagrun for One_Task_DAG to None, run_after=None
[2026-01-03T15:55:43.937+0000] {processor.py:179} INFO - Processing /workspaces/hands-on-introduction-data-engineering-4395021/airflow/dags/one_task_dag.py took 0.052 seconds
[2026-01-03T15:56:14.191+0000] {processor.py:157} INFO - Started process (PID=64849) to work on /workspaces/hands-on-introduction-data-engineering-4395021/airflow/dags/one_task_dag.py
[2026-01-03T15:56:14.191+0000] {processor.py:826} INFO - Processing file /workspaces/hands-on-introduction-data-engineering-4395021/airflow/dags/one_task_dag.py for tasks to queue
[2026-01-03T15:56:14.192+0000] {logging_mixin.py:150} INFO - [2026-01-03T15:56:14.192+0000] {dagbag.py:541} INFO - Filling up the DagBag from /workspaces/hands-on-introduction-data-engineering-4395021/airflow/dags/one_task_dag.py
[2026-01-03T15:56:14.201+0000] {processor.py:836} INFO - DAG(s) dict_keys(['One_Task_DAG']) retrieved from /workspaces/hands-on-introduction-data-engineering-4395021/airflow/dags/one_task_dag.py
[2026-01-03T15:56:14.277+0000] {logging_mixin.py:150} INFO - [2026-01-03T15:56:14.277+0000] {dag.py:2742} INFO - Sync 1 DAGs
[2026-01-03T15:56:14.290+0000] {logging_mixin.py:150} INFO - [2026-01-03T15:56:14.290+0000] {dag.py:3504} INFO - Setting next_dagrun for One_Task_DAG to None, run_after=None
[2026-01-03T15:56:14.305+0000] {processor.py:179} INFO - Processing /workspaces/hands-on-introduction-data-engineering-4395021/airflow/dags/one_task_dag.py took 0.117 seconds
[2026-01-03T15:56:44.592+0000] {processor.py:157} INFO - Started process (PID=64930) to work on /workspaces/hands-on-introduction-data-engineering-4395021/airflow/dags/one_task_dag.py
[2026-01-03T15:56:44.593+0000] {processor.py:826} INFO - Processing file /workspaces/hands-on-introduction-data-engineering-4395021/airflow/dags/one_task_dag.py for tasks to queue
[2026-01-03T15:56:44.594+0000] {logging_mixin.py:150} INFO - [2026-01-03T15:56:44.593+0000] {dagbag.py:541} INFO - Filling up the DagBag from /workspaces/hands-on-introduction-data-engineering-4395021/airflow/dags/one_task_dag.py
[2026-01-03T15:56:44.602+0000] {processor.py:836} INFO - DAG(s) dict_keys(['One_Task_DAG']) retrieved from /workspaces/hands-on-introduction-data-engineering-4395021/airflow/dags/one_task_dag.py
[2026-01-03T15:56:44.620+0000] {logging_mixin.py:150} INFO - [2026-01-03T15:56:44.620+0000] {dag.py:2742} INFO - Sync 1 DAGs
[2026-01-03T15:56:44.635+0000] {logging_mixin.py:150} INFO - [2026-01-03T15:56:44.635+0000] {dag.py:3504} INFO - Setting next_dagrun for One_Task_DAG to None, run_after=None
[2026-01-03T15:56:44.651+0000] {processor.py:179} INFO - Processing /workspaces/hands-on-introduction-data-engineering-4395021/airflow/dags/one_task_dag.py took 0.061 seconds
[2026-01-03T15:57:14.994+0000] {processor.py:157} INFO - Started process (PID=65004) to work on /workspaces/hands-on-introduction-data-engineering-4395021/airflow/dags/one_task_dag.py
[2026-01-03T15:57:14.995+0000] {processor.py:826} INFO - Processing file /workspaces/hands-on-introduction-data-engineering-4395021/airflow/dags/one_task_dag.py for tasks to queue
[2026-01-03T15:57:14.996+0000] {logging_mixin.py:150} INFO - [2026-01-03T15:57:14.995+0000] {dagbag.py:541} INFO - Filling up the DagBag from /workspaces/hands-on-introduction-data-engineering-4395021/airflow/dags/one_task_dag.py
[2026-01-03T15:57:15.004+0000] {processor.py:836} INFO - DAG(s) dict_keys(['One_Task_DAG']) retrieved from /workspaces/hands-on-introduction-data-engineering-4395021/airflow/dags/one_task_dag.py
[2026-01-03T15:57:15.011+0000] {logging_mixin.py:150} INFO - [2026-01-03T15:57:15.011+0000] {dag.py:2742} INFO - Sync 1 DAGs
[2026-01-03T15:57:15.026+0000] {logging_mixin.py:150} INFO - [2026-01-03T15:57:15.026+0000] {dag.py:3504} INFO - Setting next_dagrun for One_Task_DAG to None, run_after=None
[2026-01-03T15:57:15.040+0000] {processor.py:179} INFO - Processing /workspaces/hands-on-introduction-data-engineering-4395021/airflow/dags/one_task_dag.py took 0.049 seconds
[2026-01-03T15:57:45.296+0000] {processor.py:157} INFO - Started process (PID=65055) to work on /workspaces/hands-on-introduction-data-engineering-4395021/airflow/dags/one_task_dag.py
[2026-01-03T15:57:45.297+0000] {processor.py:826} INFO - Processing file /workspaces/hands-on-introduction-data-engineering-4395021/airflow/dags/one_task_dag.py for tasks to queue
[2026-01-03T15:57:45.298+0000] {logging_mixin.py:150} INFO - [2026-01-03T15:57:45.298+0000] {dagbag.py:541} INFO - Filling up the DagBag from /workspaces/hands-on-introduction-data-engineering-4395021/airflow/dags/one_task_dag.py
[2026-01-03T15:57:45.307+0000] {processor.py:836} INFO - DAG(s) dict_keys(['One_Task_DAG']) retrieved from /workspaces/hands-on-introduction-data-engineering-4395021/airflow/dags/one_task_dag.py
[2026-01-03T15:57:45.382+0000] {logging_mixin.py:150} INFO - [2026-01-03T15:57:45.381+0000] {dag.py:2742} INFO - Sync 1 DAGs
[2026-01-03T15:57:45.396+0000] {logging_mixin.py:150} INFO - [2026-01-03T15:57:45.396+0000] {dag.py:3504} INFO - Setting next_dagrun for One_Task_DAG to None, run_after=None
[2026-01-03T15:57:45.410+0000] {processor.py:179} INFO - Processing /workspaces/hands-on-introduction-data-engineering-4395021/airflow/dags/one_task_dag.py took 0.116 seconds
[2026-01-03T15:58:15.697+0000] {processor.py:157} INFO - Started process (PID=65138) to work on /workspaces/hands-on-introduction-data-engineering-4395021/airflow/dags/one_task_dag.py
[2026-01-03T15:58:15.698+0000] {processor.py:826} INFO - Processing file /workspaces/hands-on-introduction-data-engineering-4395021/airflow/dags/one_task_dag.py for tasks to queue
[2026-01-03T15:58:15.699+0000] {logging_mixin.py:150} INFO - [2026-01-03T15:58:15.698+0000] {dagbag.py:541} INFO - Filling up the DagBag from /workspaces/hands-on-introduction-data-engineering-4395021/airflow/dags/one_task_dag.py
[2026-01-03T15:58:15.707+0000] {processor.py:836} INFO - DAG(s) dict_keys(['One_Task_DAG']) retrieved from /workspaces/hands-on-introduction-data-engineering-4395021/airflow/dags/one_task_dag.py
[2026-01-03T15:58:15.725+0000] {logging_mixin.py:150} INFO - [2026-01-03T15:58:15.725+0000] {dag.py:2742} INFO - Sync 1 DAGs
[2026-01-03T15:58:15.741+0000] {logging_mixin.py:150} INFO - [2026-01-03T15:58:15.740+0000] {dag.py:3504} INFO - Setting next_dagrun for One_Task_DAG to None, run_after=None
[2026-01-03T15:58:15.756+0000] {processor.py:179} INFO - Processing /workspaces/hands-on-introduction-data-engineering-4395021/airflow/dags/one_task_dag.py took 0.061 seconds
[2026-01-03T15:58:46.099+0000] {processor.py:157} INFO - Started process (PID=65189) to work on /workspaces/hands-on-introduction-data-engineering-4395021/airflow/dags/one_task_dag.py
[2026-01-03T15:58:46.100+0000] {processor.py:826} INFO - Processing file /workspaces/hands-on-introduction-data-engineering-4395021/airflow/dags/one_task_dag.py for tasks to queue
[2026-01-03T15:58:46.100+0000] {logging_mixin.py:150} INFO - [2026-01-03T15:58:46.100+0000] {dagbag.py:541} INFO - Filling up the DagBag from /workspaces/hands-on-introduction-data-engineering-4395021/airflow/dags/one_task_dag.py
[2026-01-03T15:58:46.109+0000] {processor.py:836} INFO - DAG(s) dict_keys(['One_Task_DAG']) retrieved from /workspaces/hands-on-introduction-data-engineering-4395021/airflow/dags/one_task_dag.py
[2026-01-03T15:58:46.116+0000] {logging_mixin.py:150} INFO - [2026-01-03T15:58:46.115+0000] {dag.py:2742} INFO - Sync 1 DAGs
[2026-01-03T15:58:46.132+0000] {logging_mixin.py:150} INFO - [2026-01-03T15:58:46.132+0000] {dag.py:3504} INFO - Setting next_dagrun for One_Task_DAG to None, run_after=None
[2026-01-03T15:58:46.146+0000] {processor.py:179} INFO - Processing /workspaces/hands-on-introduction-data-engineering-4395021/airflow/dags/one_task_dag.py took 0.050 seconds
[2026-01-03T15:59:16.399+0000] {processor.py:157} INFO - Started process (PID=65245) to work on /workspaces/hands-on-introduction-data-engineering-4395021/airflow/dags/one_task_dag.py
[2026-01-03T15:59:16.400+0000] {processor.py:826} INFO - Processing file /workspaces/hands-on-introduction-data-engineering-4395021/airflow/dags/one_task_dag.py for tasks to queue
[2026-01-03T15:59:16.401+0000] {logging_mixin.py:150} INFO - [2026-01-03T15:59:16.400+0000] {dagbag.py:541} INFO - Filling up the DagBag from /workspaces/hands-on-introduction-data-engineering-4395021/airflow/dags/one_task_dag.py
[2026-01-03T15:59:16.410+0000] {processor.py:836} INFO - DAG(s) dict_keys(['One_Task_DAG']) retrieved from /workspaces/hands-on-introduction-data-engineering-4395021/airflow/dags/one_task_dag.py
[2026-01-03T15:59:16.485+0000] {logging_mixin.py:150} INFO - [2026-01-03T15:59:16.485+0000] {dag.py:2742} INFO - Sync 1 DAGs
[2026-01-03T15:59:16.498+0000] {logging_mixin.py:150} INFO - [2026-01-03T15:59:16.498+0000] {dag.py:3504} INFO - Setting next_dagrun for One_Task_DAG to None, run_after=None
[2026-01-03T15:59:16.512+0000] {processor.py:179} INFO - Processing /workspaces/hands-on-introduction-data-engineering-4395021/airflow/dags/one_task_dag.py took 0.116 seconds
[2026-01-03T15:59:46.799+0000] {processor.py:157} INFO - Started process (PID=65295) to work on /workspaces/hands-on-introduction-data-engineering-4395021/airflow/dags/one_task_dag.py
[2026-01-03T15:59:46.799+0000] {processor.py:826} INFO - Processing file /workspaces/hands-on-introduction-data-engineering-4395021/airflow/dags/one_task_dag.py for tasks to queue
[2026-01-03T15:59:46.800+0000] {logging_mixin.py:150} INFO - [2026-01-03T15:59:46.800+0000] {dagbag.py:541} INFO - Filling up the DagBag from /workspaces/hands-on-introduction-data-engineering-4395021/airflow/dags/one_task_dag.py
[2026-01-03T15:59:46.809+0000] {processor.py:836} INFO - DAG(s) dict_keys(['One_Task_DAG']) retrieved from /workspaces/hands-on-introduction-data-engineering-4395021/airflow/dags/one_task_dag.py
[2026-01-03T15:59:46.827+0000] {logging_mixin.py:150} INFO - [2026-01-03T15:59:46.827+0000] {dag.py:2742} INFO - Sync 1 DAGs
[2026-01-03T15:59:46.841+0000] {logging_mixin.py:150} INFO - [2026-01-03T15:59:46.841+0000] {dag.py:3504} INFO - Setting next_dagrun for One_Task_DAG to None, run_after=None
[2026-01-03T15:59:46.855+0000] {processor.py:179} INFO - Processing /workspaces/hands-on-introduction-data-engineering-4395021/airflow/dags/one_task_dag.py took 0.059 seconds
[2026-01-03T16:00:17.200+0000] {processor.py:157} INFO - Started process (PID=65352) to work on /workspaces/hands-on-introduction-data-engineering-4395021/airflow/dags/one_task_dag.py
[2026-01-03T16:00:17.200+0000] {processor.py:826} INFO - Processing file /workspaces/hands-on-introduction-data-engineering-4395021/airflow/dags/one_task_dag.py for tasks to queue
[2026-01-03T16:00:17.201+0000] {logging_mixin.py:150} INFO - [2026-01-03T16:00:17.201+0000] {dagbag.py:541} INFO - Filling up the DagBag from /workspaces/hands-on-introduction-data-engineering-4395021/airflow/dags/one_task_dag.py
[2026-01-03T16:00:17.210+0000] {processor.py:836} INFO - DAG(s) dict_keys(['One_Task_DAG']) retrieved from /workspaces/hands-on-introduction-data-engineering-4395021/airflow/dags/one_task_dag.py
[2026-01-03T16:00:17.216+0000] {logging_mixin.py:150} INFO - [2026-01-03T16:00:17.216+0000] {dag.py:2742} INFO - Sync 1 DAGs
[2026-01-03T16:00:17.231+0000] {logging_mixin.py:150} INFO - [2026-01-03T16:00:17.231+0000] {dag.py:3504} INFO - Setting next_dagrun for One_Task_DAG to None, run_after=None
[2026-01-03T16:00:17.246+0000] {processor.py:179} INFO - Processing /workspaces/hands-on-introduction-data-engineering-4395021/airflow/dags/one_task_dag.py took 0.049 seconds
[2026-01-03T16:00:47.506+0000] {processor.py:157} INFO - Started process (PID=65845) to work on /workspaces/hands-on-introduction-data-engineering-4395021/airflow/dags/one_task_dag.py
[2026-01-03T16:00:47.506+0000] {processor.py:826} INFO - Processing file /workspaces/hands-on-introduction-data-engineering-4395021/airflow/dags/one_task_dag.py for tasks to queue
[2026-01-03T16:00:47.507+0000] {logging_mixin.py:150} INFO - [2026-01-03T16:00:47.507+0000] {dagbag.py:541} INFO - Filling up the DagBag from /workspaces/hands-on-introduction-data-engineering-4395021/airflow/dags/one_task_dag.py
[2026-01-03T16:00:47.516+0000] {processor.py:836} INFO - DAG(s) dict_keys(['One_Task_DAG']) retrieved from /workspaces/hands-on-introduction-data-engineering-4395021/airflow/dags/one_task_dag.py
[2026-01-03T16:00:47.596+0000] {logging_mixin.py:150} INFO - [2026-01-03T16:00:47.595+0000] {dag.py:2742} INFO - Sync 1 DAGs
[2026-01-03T16:00:47.608+0000] {logging_mixin.py:150} INFO - [2026-01-03T16:00:47.608+0000] {dag.py:3504} INFO - Setting next_dagrun for One_Task_DAG to None, run_after=None
[2026-01-03T16:00:47.623+0000] {processor.py:179} INFO - Processing /workspaces/hands-on-introduction-data-engineering-4395021/airflow/dags/one_task_dag.py took 0.120 seconds
[2026-01-03T16:01:17.799+0000] {processor.py:157} INFO - Started process (PID=65913) to work on /workspaces/hands-on-introduction-data-engineering-4395021/airflow/dags/one_task_dag.py
[2026-01-03T16:01:17.800+0000] {processor.py:826} INFO - Processing file /workspaces/hands-on-introduction-data-engineering-4395021/airflow/dags/one_task_dag.py for tasks to queue
[2026-01-03T16:01:17.801+0000] {logging_mixin.py:150} INFO - [2026-01-03T16:01:17.801+0000] {dagbag.py:541} INFO - Filling up the DagBag from /workspaces/hands-on-introduction-data-engineering-4395021/airflow/dags/one_task_dag.py
[2026-01-03T16:01:17.809+0000] {processor.py:836} INFO - DAG(s) dict_keys(['One_Task_DAG']) retrieved from /workspaces/hands-on-introduction-data-engineering-4395021/airflow/dags/one_task_dag.py
[2026-01-03T16:01:17.826+0000] {logging_mixin.py:150} INFO - [2026-01-03T16:01:17.826+0000] {dag.py:2742} INFO - Sync 1 DAGs
[2026-01-03T16:01:17.841+0000] {logging_mixin.py:150} INFO - [2026-01-03T16:01:17.841+0000] {dag.py:3504} INFO - Setting next_dagrun for One_Task_DAG to None, run_after=None
[2026-01-03T16:01:17.855+0000] {processor.py:179} INFO - Processing /workspaces/hands-on-introduction-data-engineering-4395021/airflow/dags/one_task_dag.py took 0.059 seconds
[2026-01-03T16:01:47.994+0000] {processor.py:157} INFO - Started process (PID=65994) to work on /workspaces/hands-on-introduction-data-engineering-4395021/airflow/dags/one_task_dag.py
[2026-01-03T16:01:47.995+0000] {processor.py:826} INFO - Processing file /workspaces/hands-on-introduction-data-engineering-4395021/airflow/dags/one_task_dag.py for tasks to queue
[2026-01-03T16:01:47.995+0000] {logging_mixin.py:150} INFO - [2026-01-03T16:01:47.995+0000] {dagbag.py:541} INFO - Filling up the DagBag from /workspaces/hands-on-introduction-data-engineering-4395021/airflow/dags/one_task_dag.py
[2026-01-03T16:01:48.003+0000] {processor.py:836} INFO - DAG(s) dict_keys(['One_Task_DAG']) retrieved from /workspaces/hands-on-introduction-data-engineering-4395021/airflow/dags/one_task_dag.py
[2026-01-03T16:01:48.013+0000] {logging_mixin.py:150} INFO - [2026-01-03T16:01:48.012+0000] {dag.py:2742} INFO - Sync 1 DAGs
[2026-01-03T16:01:48.029+0000] {logging_mixin.py:150} INFO - [2026-01-03T16:01:48.029+0000] {dag.py:3504} INFO - Setting next_dagrun for One_Task_DAG to None, run_after=None
[2026-01-03T16:01:48.043+0000] {processor.py:179} INFO - Processing /workspaces/hands-on-introduction-data-engineering-4395021/airflow/dags/one_task_dag.py took 0.052 seconds
[2026-01-03T16:02:18.186+0000] {processor.py:157} INFO - Started process (PID=66079) to work on /workspaces/hands-on-introduction-data-engineering-4395021/airflow/dags/one_task_dag.py
[2026-01-03T16:02:18.187+0000] {processor.py:826} INFO - Processing file /workspaces/hands-on-introduction-data-engineering-4395021/airflow/dags/one_task_dag.py for tasks to queue
[2026-01-03T16:02:18.187+0000] {logging_mixin.py:150} INFO - [2026-01-03T16:02:18.187+0000] {dagbag.py:541} INFO - Filling up the DagBag from /workspaces/hands-on-introduction-data-engineering-4395021/airflow/dags/one_task_dag.py
[2026-01-03T16:02:18.196+0000] {processor.py:836} INFO - DAG(s) dict_keys(['One_Task_DAG']) retrieved from /workspaces/hands-on-introduction-data-engineering-4395021/airflow/dags/one_task_dag.py
[2026-01-03T16:02:18.277+0000] {logging_mixin.py:150} INFO - [2026-01-03T16:02:18.277+0000] {dag.py:2742} INFO - Sync 1 DAGs
[2026-01-03T16:02:18.291+0000] {logging_mixin.py:150} INFO - [2026-01-03T16:02:18.291+0000] {dag.py:3504} INFO - Setting next_dagrun for One_Task_DAG to None, run_after=None
[2026-01-03T16:02:18.306+0000] {processor.py:179} INFO - Processing /workspaces/hands-on-introduction-data-engineering-4395021/airflow/dags/one_task_dag.py took 0.122 seconds
[2026-01-03T16:02:48.479+0000] {processor.py:157} INFO - Started process (PID=66307) to work on /workspaces/hands-on-introduction-data-engineering-4395021/airflow/dags/one_task_dag.py
[2026-01-03T16:02:48.480+0000] {processor.py:826} INFO - Processing file /workspaces/hands-on-introduction-data-engineering-4395021/airflow/dags/one_task_dag.py for tasks to queue
[2026-01-03T16:02:48.481+0000] {logging_mixin.py:150} INFO - [2026-01-03T16:02:48.481+0000] {dagbag.py:541} INFO - Filling up the DagBag from /workspaces/hands-on-introduction-data-engineering-4395021/airflow/dags/one_task_dag.py
[2026-01-03T16:02:48.490+0000] {processor.py:836} INFO - DAG(s) dict_keys(['One_Task_DAG']) retrieved from /workspaces/hands-on-introduction-data-engineering-4395021/airflow/dags/one_task_dag.py
[2026-01-03T16:02:48.508+0000] {logging_mixin.py:150} INFO - [2026-01-03T16:02:48.508+0000] {dag.py:2742} INFO - Sync 1 DAGs
[2026-01-03T16:02:48.524+0000] {logging_mixin.py:150} INFO - [2026-01-03T16:02:48.524+0000] {dag.py:3504} INFO - Setting next_dagrun for One_Task_DAG to None, run_after=None
[2026-01-03T16:02:48.538+0000] {processor.py:179} INFO - Processing /workspaces/hands-on-introduction-data-engineering-4395021/airflow/dags/one_task_dag.py took 0.061 seconds
[2026-01-03T16:03:18.672+0000] {processor.py:157} INFO - Started process (PID=66414) to work on /workspaces/hands-on-introduction-data-engineering-4395021/airflow/dags/one_task_dag.py
[2026-01-03T16:03:18.672+0000] {processor.py:826} INFO - Processing file /workspaces/hands-on-introduction-data-engineering-4395021/airflow/dags/one_task_dag.py for tasks to queue
[2026-01-03T16:03:18.673+0000] {logging_mixin.py:150} INFO - [2026-01-03T16:03:18.673+0000] {dagbag.py:541} INFO - Filling up the DagBag from /workspaces/hands-on-introduction-data-engineering-4395021/airflow/dags/one_task_dag.py
[2026-01-03T16:03:18.682+0000] {processor.py:836} INFO - DAG(s) dict_keys(['One_Task_DAG']) retrieved from /workspaces/hands-on-introduction-data-engineering-4395021/airflow/dags/one_task_dag.py
[2026-01-03T16:03:18.689+0000] {logging_mixin.py:150} INFO - [2026-01-03T16:03:18.689+0000] {dag.py:2742} INFO - Sync 1 DAGs
[2026-01-03T16:03:18.704+0000] {logging_mixin.py:150} INFO - [2026-01-03T16:03:18.704+0000] {dag.py:3504} INFO - Setting next_dagrun for One_Task_DAG to None, run_after=None
[2026-01-03T16:03:18.719+0000] {processor.py:179} INFO - Processing /workspaces/hands-on-introduction-data-engineering-4395021/airflow/dags/one_task_dag.py took 0.050 seconds
[2026-01-03T16:03:48.865+0000] {processor.py:157} INFO - Started process (PID=66516) to work on /workspaces/hands-on-introduction-data-engineering-4395021/airflow/dags/one_task_dag.py
[2026-01-03T16:03:48.866+0000] {processor.py:826} INFO - Processing file /workspaces/hands-on-introduction-data-engineering-4395021/airflow/dags/one_task_dag.py for tasks to queue
[2026-01-03T16:03:48.868+0000] {logging_mixin.py:150} INFO - [2026-01-03T16:03:48.867+0000] {dagbag.py:541} INFO - Filling up the DagBag from /workspaces/hands-on-introduction-data-engineering-4395021/airflow/dags/one_task_dag.py
[2026-01-03T16:03:48.878+0000] {processor.py:836} INFO - DAG(s) dict_keys(['One_Task_DAG']) retrieved from /workspaces/hands-on-introduction-data-engineering-4395021/airflow/dags/one_task_dag.py
[2026-01-03T16:03:48.960+0000] {logging_mixin.py:150} INFO - [2026-01-03T16:03:48.960+0000] {dag.py:2742} INFO - Sync 1 DAGs
[2026-01-03T16:03:48.978+0000] {logging_mixin.py:150} INFO - [2026-01-03T16:03:48.977+0000] {dag.py:3504} INFO - Setting next_dagrun for One_Task_DAG to None, run_after=None
[2026-01-03T16:03:49.017+0000] {processor.py:179} INFO - Processing /workspaces/hands-on-introduction-data-engineering-4395021/airflow/dags/one_task_dag.py took 0.154 seconds
[2026-01-03T16:04:19.158+0000] {processor.py:157} INFO - Started process (PID=66596) to work on /workspaces/hands-on-introduction-data-engineering-4395021/airflow/dags/one_task_dag.py
[2026-01-03T16:04:19.159+0000] {processor.py:826} INFO - Processing file /workspaces/hands-on-introduction-data-engineering-4395021/airflow/dags/one_task_dag.py for tasks to queue
[2026-01-03T16:04:19.160+0000] {logging_mixin.py:150} INFO - [2026-01-03T16:04:19.160+0000] {dagbag.py:541} INFO - Filling up the DagBag from /workspaces/hands-on-introduction-data-engineering-4395021/airflow/dags/one_task_dag.py
[2026-01-03T16:04:19.169+0000] {processor.py:836} INFO - DAG(s) dict_keys(['One_Task_DAG']) retrieved from /workspaces/hands-on-introduction-data-engineering-4395021/airflow/dags/one_task_dag.py
[2026-01-03T16:04:19.187+0000] {logging_mixin.py:150} INFO - [2026-01-03T16:04:19.187+0000] {dag.py:2742} INFO - Sync 1 DAGs
[2026-01-03T16:04:19.202+0000] {logging_mixin.py:150} INFO - [2026-01-03T16:04:19.201+0000] {dag.py:3504} INFO - Setting next_dagrun for One_Task_DAG to None, run_after=None
[2026-01-03T16:04:19.217+0000] {processor.py:179} INFO - Processing /workspaces/hands-on-introduction-data-engineering-4395021/airflow/dags/one_task_dag.py took 0.061 seconds
[2026-01-03T16:04:49.351+0000] {processor.py:157} INFO - Started process (PID=66687) to work on /workspaces/hands-on-introduction-data-engineering-4395021/airflow/dags/one_task_dag.py
[2026-01-03T16:04:49.352+0000] {processor.py:826} INFO - Processing file /workspaces/hands-on-introduction-data-engineering-4395021/airflow/dags/one_task_dag.py for tasks to queue
[2026-01-03T16:04:49.353+0000] {logging_mixin.py:150} INFO - [2026-01-03T16:04:49.353+0000] {dagbag.py:541} INFO - Filling up the DagBag from /workspaces/hands-on-introduction-data-engineering-4395021/airflow/dags/one_task_dag.py
[2026-01-03T16:04:49.361+0000] {processor.py:836} INFO - DAG(s) dict_keys(['One_Task_DAG']) retrieved from /workspaces/hands-on-introduction-data-engineering-4395021/airflow/dags/one_task_dag.py
[2026-01-03T16:04:49.368+0000] {logging_mixin.py:150} INFO - [2026-01-03T16:04:49.368+0000] {dag.py:2742} INFO - Sync 1 DAGs
[2026-01-03T16:04:49.383+0000] {logging_mixin.py:150} INFO - [2026-01-03T16:04:49.383+0000] {dag.py:3504} INFO - Setting next_dagrun for One_Task_DAG to None, run_after=None
[2026-01-03T16:04:49.397+0000] {processor.py:179} INFO - Processing /workspaces/hands-on-introduction-data-engineering-4395021/airflow/dags/one_task_dag.py took 0.048 seconds
[2026-01-03T16:05:19.544+0000] {processor.py:157} INFO - Started process (PID=66767) to work on /workspaces/hands-on-introduction-data-engineering-4395021/airflow/dags/one_task_dag.py
[2026-01-03T16:05:19.545+0000] {processor.py:826} INFO - Processing file /workspaces/hands-on-introduction-data-engineering-4395021/airflow/dags/one_task_dag.py for tasks to queue
[2026-01-03T16:05:19.546+0000] {logging_mixin.py:150} INFO - [2026-01-03T16:05:19.545+0000] {dagbag.py:541} INFO - Filling up the DagBag from /workspaces/hands-on-introduction-data-engineering-4395021/airflow/dags/one_task_dag.py
[2026-01-03T16:05:19.554+0000] {processor.py:836} INFO - DAG(s) dict_keys(['One_Task_DAG']) retrieved from /workspaces/hands-on-introduction-data-engineering-4395021/airflow/dags/one_task_dag.py
[2026-01-03T16:05:19.630+0000] {logging_mixin.py:150} INFO - [2026-01-03T16:05:19.629+0000] {dag.py:2742} INFO - Sync 1 DAGs
[2026-01-03T16:05:19.643+0000] {logging_mixin.py:150} INFO - [2026-01-03T16:05:19.643+0000] {dag.py:3504} INFO - Setting next_dagrun for One_Task_DAG to None, run_after=None
[2026-01-03T16:05:19.658+0000] {processor.py:179} INFO - Processing /workspaces/hands-on-introduction-data-engineering-4395021/airflow/dags/one_task_dag.py took 0.116 seconds
[2026-01-03T16:05:49.838+0000] {processor.py:157} INFO - Started process (PID=66853) to work on /workspaces/hands-on-introduction-data-engineering-4395021/airflow/dags/one_task_dag.py
[2026-01-03T16:05:49.839+0000] {processor.py:826} INFO - Processing file /workspaces/hands-on-introduction-data-engineering-4395021/airflow/dags/one_task_dag.py for tasks to queue
[2026-01-03T16:05:49.840+0000] {logging_mixin.py:150} INFO - [2026-01-03T16:05:49.839+0000] {dagbag.py:541} INFO - Filling up the DagBag from /workspaces/hands-on-introduction-data-engineering-4395021/airflow/dags/one_task_dag.py
[2026-01-03T16:05:49.848+0000] {processor.py:836} INFO - DAG(s) dict_keys(['One_Task_DAG']) retrieved from /workspaces/hands-on-introduction-data-engineering-4395021/airflow/dags/one_task_dag.py
[2026-01-03T16:05:49.866+0000] {logging_mixin.py:150} INFO - [2026-01-03T16:05:49.866+0000] {dag.py:2742} INFO - Sync 1 DAGs
[2026-01-03T16:05:49.881+0000] {logging_mixin.py:150} INFO - [2026-01-03T16:05:49.881+0000] {dag.py:3504} INFO - Setting next_dagrun for One_Task_DAG to None, run_after=None
[2026-01-03T16:05:49.895+0000] {processor.py:179} INFO - Processing /workspaces/hands-on-introduction-data-engineering-4395021/airflow/dags/one_task_dag.py took 0.060 seconds
[2026-01-03T16:06:20.046+0000] {processor.py:157} INFO - Started process (PID=66933) to work on /workspaces/hands-on-introduction-data-engineering-4395021/airflow/dags/one_task_dag.py
[2026-01-03T16:06:20.047+0000] {processor.py:826} INFO - Processing file /workspaces/hands-on-introduction-data-engineering-4395021/airflow/dags/one_task_dag.py for tasks to queue
[2026-01-03T16:06:20.047+0000] {logging_mixin.py:150} INFO - [2026-01-03T16:06:20.047+0000] {dagbag.py:541} INFO - Filling up the DagBag from /workspaces/hands-on-introduction-data-engineering-4395021/airflow/dags/one_task_dag.py
[2026-01-03T16:06:20.056+0000] {processor.py:836} INFO - DAG(s) dict_keys(['One_Task_DAG']) retrieved from /workspaces/hands-on-introduction-data-engineering-4395021/airflow/dags/one_task_dag.py
[2026-01-03T16:06:20.063+0000] {logging_mixin.py:150} INFO - [2026-01-03T16:06:20.063+0000] {dag.py:2742} INFO - Sync 1 DAGs
[2026-01-03T16:06:20.078+0000] {logging_mixin.py:150} INFO - [2026-01-03T16:06:20.078+0000] {dag.py:3504} INFO - Setting next_dagrun for One_Task_DAG to None, run_after=None
[2026-01-03T16:06:20.093+0000] {processor.py:179} INFO - Processing /workspaces/hands-on-introduction-data-engineering-4395021/airflow/dags/one_task_dag.py took 0.050 seconds
[2026-01-03T16:06:50.338+0000] {processor.py:157} INFO - Started process (PID=67046) to work on /workspaces/hands-on-introduction-data-engineering-4395021/airflow/dags/one_task_dag.py
[2026-01-03T16:06:50.339+0000] {processor.py:826} INFO - Processing file /workspaces/hands-on-introduction-data-engineering-4395021/airflow/dags/one_task_dag.py for tasks to queue
[2026-01-03T16:06:50.339+0000] {logging_mixin.py:150} INFO - [2026-01-03T16:06:50.339+0000] {dagbag.py:541} INFO - Filling up the DagBag from /workspaces/hands-on-introduction-data-engineering-4395021/airflow/dags/one_task_dag.py
[2026-01-03T16:06:50.348+0000] {processor.py:836} INFO - DAG(s) dict_keys(['One_Task_DAG']) retrieved from /workspaces/hands-on-introduction-data-engineering-4395021/airflow/dags/one_task_dag.py
[2026-01-03T16:06:50.424+0000] {logging_mixin.py:150} INFO - [2026-01-03T16:06:50.424+0000] {dag.py:2742} INFO - Sync 1 DAGs
[2026-01-03T16:06:50.437+0000] {logging_mixin.py:150} INFO - [2026-01-03T16:06:50.437+0000] {dag.py:3504} INFO - Setting next_dagrun for One_Task_DAG to None, run_after=None
[2026-01-03T16:06:50.452+0000] {processor.py:179} INFO - Processing /workspaces/hands-on-introduction-data-engineering-4395021/airflow/dags/one_task_dag.py took 0.116 seconds
[2026-01-03T16:07:20.635+0000] {processor.py:157} INFO - Started process (PID=67143) to work on /workspaces/hands-on-introduction-data-engineering-4395021/airflow/dags/one_task_dag.py
[2026-01-03T16:07:20.636+0000] {processor.py:826} INFO - Processing file /workspaces/hands-on-introduction-data-engineering-4395021/airflow/dags/one_task_dag.py for tasks to queue
[2026-01-03T16:07:20.637+0000] {logging_mixin.py:150} INFO - [2026-01-03T16:07:20.637+0000] {dagbag.py:541} INFO - Filling up the DagBag from /workspaces/hands-on-introduction-data-engineering-4395021/airflow/dags/one_task_dag.py
[2026-01-03T16:07:20.651+0000] {processor.py:836} INFO - DAG(s) dict_keys(['One_Task_DAG']) retrieved from /workspaces/hands-on-introduction-data-engineering-4395021/airflow/dags/one_task_dag.py
[2026-01-03T16:07:20.668+0000] {logging_mixin.py:150} INFO - [2026-01-03T16:07:20.668+0000] {dag.py:2742} INFO - Sync 1 DAGs
[2026-01-03T16:07:20.682+0000] {logging_mixin.py:150} INFO - [2026-01-03T16:07:20.682+0000] {dag.py:3504} INFO - Setting next_dagrun for One_Task_DAG to None, run_after=None
[2026-01-03T16:07:20.698+0000] {processor.py:179} INFO - Processing /workspaces/hands-on-introduction-data-engineering-4395021/airflow/dags/one_task_dag.py took 0.066 seconds
[2026-01-03T16:07:50.840+0000] {processor.py:157} INFO - Started process (PID=67647) to work on /workspaces/hands-on-introduction-data-engineering-4395021/airflow/dags/one_task_dag.py
[2026-01-03T16:07:50.840+0000] {processor.py:826} INFO - Processing file /workspaces/hands-on-introduction-data-engineering-4395021/airflow/dags/one_task_dag.py for tasks to queue
[2026-01-03T16:07:50.841+0000] {logging_mixin.py:150} INFO - [2026-01-03T16:07:50.841+0000] {dagbag.py:541} INFO - Filling up the DagBag from /workspaces/hands-on-introduction-data-engineering-4395021/airflow/dags/one_task_dag.py
[2026-01-03T16:07:50.850+0000] {processor.py:836} INFO - DAG(s) dict_keys(['One_Task_DAG']) retrieved from /workspaces/hands-on-introduction-data-engineering-4395021/airflow/dags/one_task_dag.py
[2026-01-03T16:07:50.857+0000] {logging_mixin.py:150} INFO - [2026-01-03T16:07:50.857+0000] {dag.py:2742} INFO - Sync 1 DAGs
[2026-01-03T16:07:50.872+0000] {logging_mixin.py:150} INFO - [2026-01-03T16:07:50.872+0000] {dag.py:3504} INFO - Setting next_dagrun for One_Task_DAG to None, run_after=None
[2026-01-03T16:07:50.887+0000] {processor.py:179} INFO - Processing /workspaces/hands-on-introduction-data-engineering-4395021/airflow/dags/one_task_dag.py took 0.050 seconds
[2026-01-03T16:08:21.036+0000] {processor.py:157} INFO - Started process (PID=67975) to work on /workspaces/hands-on-introduction-data-engineering-4395021/airflow/dags/one_task_dag.py
[2026-01-03T16:08:21.037+0000] {processor.py:826} INFO - Processing file /workspaces/hands-on-introduction-data-engineering-4395021/airflow/dags/one_task_dag.py for tasks to queue
[2026-01-03T16:08:21.037+0000] {logging_mixin.py:150} INFO - [2026-01-03T16:08:21.037+0000] {dagbag.py:541} INFO - Filling up the DagBag from /workspaces/hands-on-introduction-data-engineering-4395021/airflow/dags/one_task_dag.py
[2026-01-03T16:08:21.046+0000] {processor.py:836} INFO - DAG(s) dict_keys(['One_Task_DAG']) retrieved from /workspaces/hands-on-introduction-data-engineering-4395021/airflow/dags/one_task_dag.py
[2026-01-03T16:08:21.121+0000] {logging_mixin.py:150} INFO - [2026-01-03T16:08:21.121+0000] {dag.py:2742} INFO - Sync 1 DAGs
[2026-01-03T16:08:21.135+0000] {logging_mixin.py:150} INFO - [2026-01-03T16:08:21.135+0000] {dag.py:3504} INFO - Setting next_dagrun for One_Task_DAG to None, run_after=None
[2026-01-03T16:08:21.149+0000] {processor.py:179} INFO - Processing /workspaces/hands-on-introduction-data-engineering-4395021/airflow/dags/one_task_dag.py took 0.116 seconds
[2026-01-03T16:08:51.340+0000] {processor.py:157} INFO - Started process (PID=68311) to work on /workspaces/hands-on-introduction-data-engineering-4395021/airflow/dags/one_task_dag.py
[2026-01-03T16:08:51.341+0000] {processor.py:826} INFO - Processing file /workspaces/hands-on-introduction-data-engineering-4395021/airflow/dags/one_task_dag.py for tasks to queue
[2026-01-03T16:08:51.342+0000] {logging_mixin.py:150} INFO - [2026-01-03T16:08:51.342+0000] {dagbag.py:541} INFO - Filling up the DagBag from /workspaces/hands-on-introduction-data-engineering-4395021/airflow/dags/one_task_dag.py
[2026-01-03T16:08:51.354+0000] {processor.py:836} INFO - DAG(s) dict_keys(['One_Task_DAG']) retrieved from /workspaces/hands-on-introduction-data-engineering-4395021/airflow/dags/one_task_dag.py
[2026-01-03T16:08:51.378+0000] {logging_mixin.py:150} INFO - [2026-01-03T16:08:51.378+0000] {dag.py:2742} INFO - Sync 1 DAGs
[2026-01-03T16:08:51.403+0000] {logging_mixin.py:150} INFO - [2026-01-03T16:08:51.402+0000] {dag.py:3504} INFO - Setting next_dagrun for One_Task_DAG to None, run_after=None
[2026-01-03T16:08:51.416+0000] {processor.py:179} INFO - Processing /workspaces/hands-on-introduction-data-engineering-4395021/airflow/dags/one_task_dag.py took 0.079 seconds
